Date,Open,High,Low,Close,Volume,Dividends,Stock Splits
2021-09-20 00:00:00+07:00,2717.3432917888563,2963.6025276072214,2708.851594002016,2895.6689453125,32338700,0.0,0.0
2021-09-21 00:00:00+07:00,2963.602290700423,3048.5192617806647,2768.2932572158684,2946.618896484375,22319800,0.0,0.0
2021-09-22 00:00:00+07:00,2963.602556597462,3184.386701215038,2946.6191608576487,3073.99462890625,20412700,0.0,0.0
2021-09-23 00:00:00+07:00,3090.9779928768385,3133.436481789982,2861.702152745864,2887.17724609375,16525000,0.0,0.0
2021-09-24 00:00:00+07:00,2887.1772358295793,3031.5360976210586,2793.76856055274,2827.7353515625,17854000,0.0,0.0
2021-09-27 00:00:00+07:00,2853.2104700854698,3014.5527288105413,2844.7187722578346,2980.5859375,10649900,0.0,0.0
2021-09-28 00:00:00+07:00,2989.0776057401813,2997.5693034837614,2776.7851621506798,2810.751953125,12576000,0.0,0.0
2021-09-29 00:00:00+07:00,2819.2434190699187,2929.6354806600057,2759.8015397521795,2861.701904296875,8370700,0.0,0.0
2021-09-30 00:00:00+07:00,2861.7019171089196,2963.6022821098304,2861.7019171089196,2912.652099609375,8732000,0.0,0.0
2021-10-01 00:00:00+07:00,2912.6523451694225,2946.6191363667335,2836.2270649754723,2921.14404296875,9778600,0.0,0.0
2021-10-04 00:00:00+07:00,2946.618872506278,3014.5524488176616,2853.210205078125,2853.210205078125,14987000,0.0,0.0
2021-10-05 00:00:00+07:00,2853.210217927631,2972.0939770079494,2802.260035464638,2904.160400390625,10349600,0.0,0.0
2021-10-06 00:00:00+07:00,2912.652330592721,2946.6191216200414,2802.26025975393,2836.22705078125,18028200,0.0,0.0
2021-10-07 00:00:00+07:00,2836.2270565597264,2895.6689409786427,2819.2436610114646,2870.19384765625,10981400,0.0,0.0
2021-10-08 00:00:00+07:00,2870.1934874076155,3396.678683322622,2861.701790699309,3303.27001953125,44897300,0.0,0.0
2021-10-11 00:00:00+07:00,3311.7621954970473,3362.712383120079,3209.8618202509842,3235.3369140625,14933500,0.0,0.0
2021-10-12 00:00:00+07:00,3235.336699440137,3379.6955547957336,3175.8948178231267,3371.203857421875,23143800,0.0,0.0
2021-10-13 00:00:00+07:00,3311.761939639137,3371.2038206070188,3184.3864804222467,3209.861572265625,17288400,0.0,0.0
2021-10-14 00:00:00+07:00,3209.8617803400216,3226.8451760031962,2989.07763671875,2989.07763671875,28000300,0.0,0.0
2021-10-15 00:00:00+07:00,2989.0776179941004,3014.5527113292774,2853.210453539823,2878.685546875,21962100,0.0,0.0
2021-10-18 00:00:00+07:00,2878.6855483111212,2946.619130572151,2861.702152745864,2887.17724609375,9386500,0.0,0.0
2021-10-19 00:00:00+07:00,2887.177243204512,2946.6191276234285,2861.702149882119,2870.19384765625,8986500,0.0,0.0
2021-10-21 00:00:00+07:00,2878.6855380771394,2912.652329086899,2802.26025830518,2827.7353515625,8464300,0.0,0.0
2021-10-22 00:00:00+07:00,2827.7351161153097,2929.6354806600057,2819.2434190699187,2861.701904296875,17483300,0.0,0.0
2021-10-25 00:00:00+07:00,2861.70212088558,2878.6855162617558,2666.3930740595615,2708.8515625,26421300,0.0,0.0
2021-10-26 00:00:00+07:00,2708.851575897961,2827.7353441191885,2700.3598781678734,2785.27685546875,22733300,0.0,0.0
2021-10-27 00:00:00+07:00,2793.768277994792,2810.751671781994,2674.884521484375,2674.884521484375,9971000,0.0,0.0
2021-10-28 00:00:00+07:00,2674.884521484375,2742.8180966331847,2632.4260370163693,2674.884521484375,9757500,0.0,0.0
2021-10-29 00:00:00+07:00,2683.376225309552,2742.8181037183076,2657.901134562942,2700.359619140625,12735300,0.0,0.0
2021-11-01 00:00:00+07:00,2700.3596604344402,2912.6520865692232,2700.3596604344402,2861.701904296875,31898400,0.0,0.0
2021-11-02 00:00:00+07:00,2887.1769681490387,2895.6686651141827,2734.3264227764425,2759.801513671875,14371900,0.0,0.0
2021-11-03 00:00:00+07:00,2802.259993892705,2802.259993892705,2708.8513274296147,2742.818115234375,8871700,0.0,0.0
2021-11-04 00:00:00+07:00,2751.3098277698864,2827.7351007634943,2751.3098277698864,2802.260009765625,11932300,0.0,0.0
2021-11-05 00:00:00+07:00,2810.7517111904654,2878.685287291745,2793.768317165145,2819.243408203125,8480300,0.0,0.0
2021-11-08 00:00:00+07:00,2819.243408203125,2870.193590279085,2793.768317165145,2819.243408203125,7995700,0.0,0.0
2021-11-09 00:00:00+07:00,2819.243416922433,2870.193599155971,2802.2600228445867,2853.210205078125,13345300,0.0,0.0
2021-11-10 00:00:00+07:00,2870.1938616873204,2955.11083984375,2844.7187682403915,2955.11083984375,23867400,0.0,0.0
2021-11-11 00:00:00+07:00,2972.0942224373157,2972.0942224373157,2853.210453539823,2878.685546875,10086100,0.0,0.0
2021-11-12 00:00:00+07:00,2878.6853337692,3040.0275796146716,2853.2102423199153,3006.060791015625,21313600,0.0,0.0
2021-11-15 00:00:00+07:00,3057.011215078797,3057.011215078797,2929.635747783847,2963.6025390625,12378500,0.0,0.0
2021-11-16 00:00:00+07:00,2972.0942621645722,3158.911615786345,2972.0942621645722,3124.94482421875,26144500,0.0,0.0
2021-11-17 00:00:00+07:00,3124.944578082425,3243.8283392051258,3065.5026975210744,3116.452880859375,18140000,0.0,0.0
2021-11-18 00:00:00+07:00,3116.45336645037,3184.3869548198604,3065.5031751732527,3082.486572265625,6960800,0.0,0.0
2021-11-19 00:00:00+07:00,3082.4860778808593,3150.4196553548177,3057.010986328125,3057.010986328125,5580700,0.0,0.0
2021-11-22 00:00:00+07:00,3057.010984287953,3141.927956073729,3014.5524983950645,3048.519287109375,6411400,0.0,0.0
2021-11-23 00:00:00+07:00,3048.5195215398617,3090.9780106977983,2895.668960571289,2989.07763671875,10300800,0.0,0.0
2021-11-24 00:00:00+07:00,2989.077626811594,2997.5693246150363,2912.652346580616,2929.6357421875,7896600,0.0,0.0
2021-11-25 00:00:00+07:00,2980.5857456752233,3260.8117559523807,2938.127259269593,3209.861572265625,30072400,0.0,0.0
2021-11-26 00:00:00+07:00,3209.861804496951,3294.778783451897,3090.978033960027,3133.4365234375,17805800,0.0,0.0
2021-11-29 00:00:00+07:00,3133.4362588951517,3192.878139145195,3014.5524983950645,3048.519287109375,18397700,0.0,0.0
2021-11-30 00:00:00+07:00,3065.5029415646113,3192.8784100506755,2972.094264674831,3141.92822265625,29010600,0.0,0.0
2021-12-01 00:00:00+07:00,3116.4531289590373,3141.92822265625,3031.5361499683277,3141.92822265625,8127000,0.0,0.0
2021-12-02 00:00:00+07:00,3141.928211865504,3158.911607605318,3065.5029310363434,3073.99462890625,4642700,0.0,0.0
2021-12-03 00:00:00+07:00,3082.486329466432,3124.944818853022,3073.994631589114,3090.97802734375,2366600,0.0,0.0
2021-12-06 00:00:00+07:00,3107.9611673594186,3184.3864419666174,3031.5358927522198,3048.519287109375,13828700,0.0,0.0
2021-12-07 00:00:00+07:00,3057.0114766270663,3090.9782708118114,3040.0280795346935,3082.486572265625,4093300,0.0,0.0
2021-12-08 00:00:00+07:00,3090.9780300119533,3158.9116130891393,3048.5195405887125,3107.96142578125,8765500,0.0,0.0
2021-12-09 00:00:00+07:00,3116.45289264096,3184.3864706821796,3099.469498130655,3167.403076171875,5046500,0.0,0.0
2021-12-10 00:00:00+07:00,3167.4033109737875,3243.8285919356217,3099.469727896602,3107.96142578125,11824900,0.0,0.0
2021-12-13 00:00:00+07:00,3116.45336645037,3167.403557727488,3082.486572265625,3082.486572265625,4268000,0.0,0.0
2021-12-14 00:00:00+07:00,3090.9780106977983,3090.9780106977983,2955.1108453924007,2989.07763671875,12466800,0.0,0.0
2021-12-15 00:00:00+07:00,2989.077394652975,3031.535880372477,2972.0940003651735,2997.569091796875,3870700,0.0,0.0
2021-12-16 00:00:00+07:00,3006.060782645089,3057.0109654017856,2972.093994140625,2972.093994140625,5203300,0.0,0.0
2021-12-17 00:00:00+07:00,2955.1106060773727,3014.5524860846763,2895.668726070069,2997.569091796875,4397300,0.0,0.0
2021-12-20 00:00:00+07:00,2997.5690791325196,2997.5690791325196,2938.1271993763507,2946.618896484375,3966100,0.0,0.0
2021-12-21 00:00:00+07:00,2946.6188633930255,2946.6188633930255,2810.7517111904654,2819.243408203125,11279200,0.0,0.0
2021-12-22 00:00:00+07:00,2819.243635611371,2878.685519494743,2691.8681701470014,2725.8349609375,8158200,0.0,0.0
2021-12-23 00:00:00+07:00,2725.834721331995,2802.259993892705,2717.3430243808048,2742.818115234375,4705200,0.0,0.0
2021-12-24 00:00:00+07:00,2751.309812185565,2793.768296941515,2725.834721331995,2742.818115234375,5197800,0.0,0.0
2021-12-27 00:00:00+07:00,2742.8181083679196,2768.2931991577148,2666.3928359985352,2717.343017578125,7947800,0.0,0.0
2021-12-28 00:00:00+07:00,2734.3266860064336,2938.127432789522,2717.3432904411766,2887.17724609375,8355400,0.0,0.0
2021-12-29 00:00:00+07:00,2904.160631334459,2904.160631334459,2827.7353515625,2827.7353515625,3245000,0.0,0.0
2021-12-30 00:00:00+07:00,2836.226802228445,2844.7184992411053,2734.326438076525,2819.243408203125,4984500,0.0,0.0
2022-01-03 00:00:00+07:00,2819.243451774965,3023.0441832285765,2819.243451774965,2997.569091796875,11118200,0.0,0.0
2022-01-04 00:00:00+07:00,3040.0275919596356,3082.4860778808593,2997.5691060384115,3057.010986328125,9109100,0.0,0.0
2022-01-05 00:00:00+07:00,3057.0109718041786,3090.9777603797806,2980.585697509074,2997.569091796875,3709400,0.0,0.0
2022-01-06 00:00:00+07:00,2972.09423263638,2972.09423263638,2810.7519742932623,2938.12744140625,9557800,0.0,0.0
2022-01-07 00:00:00+07:00,2938.12744140625,2963.6025348288476,2895.6689523685873,2938.12744140625,3889500,0.0,0.0
2022-01-10 00:00:00+07:00,2938.127177705397,2938.127177705397,2853.210207251484,2861.701904296875,8073500,0.0,0.0
2022-01-11 00:00:00+07:00,2861.702112671676,2861.702112671676,2666.39306640625,2666.39306640625,23187700,0.0,0.0
2022-01-12 00:00:00+07:00,2717.3432779456193,2861.7021395864804,2683.376486971299,2810.751953125,13110700,0.0,0.0
2022-01-13 00:00:00+07:00,2810.75171988351,2861.7019021170477,2759.801537649972,2853.210205078125,5181700,0.0,0.0
2022-01-14 00:00:00+07:00,2853.210453539823,2887.1772446533923,2810.7519646478613,2878.685546875,3901000,0.0,0.0
2022-01-17 00:00:00+07:00,2904.16064309934,2997.569318754582,2844.718758591459,2895.6689453125,12182900,0.0,0.0
2022-01-18 00:00:00+07:00,2887.176979758523,2938.1271617542616,2776.7849187677557,2802.260009765625,5166000,0.0,0.0
2022-01-19 00:00:00+07:00,2802.2602448640046,2836.227035710841,2742.818360882041,2751.31005859375,5959400,0.0,0.0
2022-01-20 00:00:00+07:00,2751.3098099039207,2785.2765976805126,2725.834719071477,2734.326416015625,3743500,0.0,0.0
2022-01-21 00:00:00+07:00,2751.3100615893404,2819.2436433569787,2700.359875263612,2768.29345703125,6796900,0.0,0.0
2022-01-24 00:00:00+07:00,2776.7849076021635,2810.7516954627404,2725.834725811298,2759.801513671875,8742200,0.0,0.0
2022-01-25 00:00:00+07:00,2734.3268889877268,2793.7687778787645,2572.984619140625,2572.984619140625,21541800,0.0,0.0
2022-01-26 00:00:00+07:00,2589.9677336131426,2589.9677336131426,2394.65869140625,2394.65869140625,5735500,0.0,0.0
2022-01-27 00:00:00+07:00,2377.6753209175085,2530.525877262205,2233.3164621475166,2522.0341796875,67594600,0.0,0.0
2022-01-28 00:00:00+07:00,2530.5261213972763,2572.984613367029,2445.60913745777,2513.542724609375,15525100,0.0,0.0
2022-01-31 00:00:00+07:00,2513.542183254076,2547.508969514266,2343.708251953125,2343.708251953125,11009800,0.0,0.0
2022-02-02 00:00:00+07:00,2335.216590618265,2522.0339178677264,2216.3328369140627,2462.592041015625,20438500,0.0,0.0
2022-02-03 00:00:00+07:00,2462.592256643476,2488.067348953581,2326.72509765625,2326.72509765625,6838900,0.0,0.0
2022-02-04 00:00:00+07:00,2292.7583079094434,2377.6752822764597,2292.7583079094434,2326.72509765625,10257300,0.0,0.0
2022-02-07 00:00:00+07:00,2326.725090422454,2360.691880063657,2267.2832085503474,2292.75830078125,7983800,0.0,0.0
2022-02-08 00:00:00+07:00,2292.7582780704943,2318.2333700490553,2182.366212830063,2190.85791015625,11975000,0.0,0.0
2022-02-09 00:00:00+07:00,2182.366218420738,2258.791494552203,2122.9243369851533,2216.3330078125,13595400,0.0,0.0
2022-02-10 00:00:00+07:00,2216.3330360164714,2420.1337749605145,2216.3330360164714,2352.2001953125,19098900,0.0,0.0
2022-02-11 00:00:00+07:00,2360.691625885804,2377.6750188777883,2258.791267933899,2284.266357421875,4632100,0.0,0.0
2022-02-14 00:00:00+07:00,2284.266833305359,2284.266833305359,2165.3830575942993,2173.874755859375,9019800,0.0,0.0
2022-02-15 00:00:00+07:00,2165.3828086400695,2224.8246896615615,2148.3994140625,2148.3994140625,5112000,0.0,0.0
2022-02-16 00:00:00+07:00,2156.891126376916,2275.7748892480845,2148.399429028975,2216.3330078125,11300200,0.0,0.0
2022-02-17 00:00:00+07:00,2207.841306708494,2250.2997933759652,2156.8911227075287,2199.349609375,5345800,0.0,0.0
2022-02-18 00:00:00+07:00,2182.3662165715145,2267.283189978966,2173.8745192307692,2207.84130859375,9777400,0.0,0.0
2022-02-21 00:00:00+07:00,2207.841306708494,2241.808096042471,2173.8745173745174,2199.349609375,10073400,0.0,0.0
2022-02-22 00:00:00+07:00,2199.3496055751457,2224.8246975316147,2054.9907511551555,2182.3662109375,15339700,0.0,0.0
2022-02-23 00:00:00+07:00,2182.366193217616,2199.3495877173636,2105.94091796875,2105.94091796875,11246500,0.0,0.0
2022-02-24 00:00:00+07:00,2114.4327124233905,2148.3995029844086,1961.5821548988079,1970.0738525390625,18421300,0.0,0.0
2022-02-25 00:00:00+07:00,1970.0739957554133,2156.891357421875,1970.0739957554133,2156.891357421875,20875200,0.0,0.0
2022-03-01 00:00:00+07:00,2182.3664521945743,2250.300038255106,2156.891357421875,2156.891357421875,9729700,0.0,0.0
2022-03-02 00:00:00+07:00,2156.891358379289,2216.3332462086396,2114.4328670726104,2165.383056640625,9191400,0.0,0.0
2022-03-04 00:00:00+07:00,2165.3830445842977,2199.349837440522,2046.499269587513,2063.482666015625,11149500,0.0,0.0
2022-03-07 00:00:00+07:00,2012.5322027965983,2071.974082204093,1919.12353515625,1919.12353515625,19307800,0.0,0.0
2022-03-08 00:00:00+07:00,1919.1236311926095,1970.0738160915284,1791.7481689453125,1791.7481689453125,24408800,0.0,0.0
2022-03-09 00:00:00+07:00,1791.748304153237,1919.123776012472,1774.764907905339,1893.648681640625,9337800,0.0,0.0
2022-03-10 00:00:00+07:00,1919.1239034901496,1953.0906982421875,1842.698615298064,1953.0906982421875,6797900,0.0,0.0
2022-03-11 00:00:00+07:00,1953.0906982421875,1978.565794306216,1910.63220480214,1953.0906982421875,3123300,0.0,0.0
2022-03-14 00:00:00+07:00,1953.090340377938,1995.548826038328,1910.631854717548,1987.05712890625,5186200,0.0,0.0
2022-03-15 00:00:00+07:00,1987.0572240986955,2029.515711793112,1851.1900634765625,1851.1900634765625,11357700,0.0,0.0
2022-03-16 00:00:00+07:00,1851.1900668057528,1885.1568570223724,1800.239881480824,1868.1734619140625,8035100,0.0,0.0
2022-03-17 00:00:00+07:00,1868.1735915129407,1970.0739692318282,1868.1735915129407,1927.615478515625,18943300,0.0,0.0
2022-03-18 00:00:00+07:00,1944.5987532766242,1944.5987532766242,1910.6319628263773,1936.1070556640625,10273000,0.0,0.0
2022-03-21 00:00:00+07:00,1944.598677377852,2148.399412124876,1944.598677377852,2139.90771484375,21209200,0.0,0.0
2022-03-22 00:00:00+07:00,2156.891095344388,2165.382792570153,2054.990728635204,2080.4658203125,15173300,0.0,0.0
2022-03-23 00:00:00+07:00,2122.9243457765506,2275.7748986724623,2071.9741614779136,2258.79150390625,26296100,0.0,0.0
2022-03-24 00:00:00+07:00,2258.7915129151293,2335.2167896678966,2216.3330258302585,2301.25,17463600,0.0,0.0
2022-03-25 00:00:00+07:00,2292.75830078125,2309.741695601852,2233.3164189091435,2292.75830078125,7598400,0.0,0.0
2022-03-28 00:00:00+07:00,2292.7582934386746,2292.7582934386746,2250.2998065231436,2258.79150390625,3756800,0.0,0.0
2022-03-29 00:00:00+07:00,2258.7914788166995,2258.7914788166995,2139.9077167737155,2148.3994140625,9091300,0.0,0.0
2022-03-30 00:00:00+07:00,2148.39943083552,2233.316404386331,2148.39943083552,2224.82470703125,9337800,0.0,0.0
2022-03-31 00:00:00+07:00,2224.8247051604408,2233.316402508381,2173.874521072797,2216.3330078125,6400300,0.0,0.0
2022-04-01 00:00:00+07:00,2233.3164006159855,2233.3164006159855,2105.9409405048077,2207.84130859375,9709500,0.0,0.0
2022-04-04 00:00:00+07:00,2233.3164189091435,2309.741695601852,2207.841326678241,2292.75830078125,11657600,0.0,0.0
2022-04-05 00:00:00+07:00,2309.74169193097,2309.74169193097,2258.7915075501396,2275.77490234375,4107000,0.0,0.0
2022-04-06 00:00:00+07:00,2275.77512890625,2275.77512890625,2122.924560546875,2122.924560546875,14947600,0.0,0.0
2022-04-07 00:00:00+07:00,2122.9243084667173,2122.9243084667173,2038.0073361280486,2088.95751953125,12527700,0.0,0.0
2022-04-08 00:00:00+07:00,2097.449451511189,2139.907942432468,2004.040771484375,2004.040771484375,9595700,0.0,0.0
2022-04-11 00:00:00+07:00,2021.0240317896792,2063.4825198524877,1919.123660438939,1936.1070556640625,11072100,0.0,0.0
2022-04-12 00:00:00+07:00,1936.10705078125,1995.548933919271,1902.1402604166667,1910.6319580078125,13491300,0.0,0.0
2022-04-13 00:00:00+07:00,1953.090354317946,2054.990720630187,1936.1069599325726,2046.4990234375,19580000,0.0,0.0
2022-04-14 00:00:00+07:00,2122.924329705739,2275.7748814445526,2063.482448473979,2182.3662109375,53080400,0.0,0.0
2022-04-18 00:00:00+07:00,2182.3662238843513,2284.2665923147492,2131.4160396691527,2241.80810546875,23648300,0.0,0.0
2022-04-19 00:00:00+07:00,2258.7914868069065,2267.2831841257293,2173.874513618677,2182.3662109375,9753700,0.0,0.0
2022-04-20 00:00:00+07:00,2224.82453360722,2488.067131095097,2190.8577468345907,2462.592041015625,49027100,0.0,0.0
2022-04-21 00:00:00+07:00,2471.083968791556,2488.0673637660684,2343.708506482713,2394.65869140625,21084700,0.0,0.0
2022-04-22 00:00:00+07:00,2403.1501083657645,2420.1335013577486,2250.2995714379067,2284.266357421875,21669600,0.0,0.0
2022-04-25 00:00:00+07:00,2267.283189978966,2301.249979341947,2139.9077298677885,2207.84130859375,14659500,0.0,0.0
2022-04-26 00:00:00+07:00,2224.8246896615615,2233.316386950346,2071.974138463439,2148.3994140625,13357000,0.0,0.0
2022-04-27 00:00:00+07:00,2148.3993981186222,2173.874489795918,2063.482425860969,2080.4658203125,13425800,0.0,0.0
2022-04-28 00:00:00+07:00,2080.466074027267,2224.8249444699754,2080.466074027267,2165.383056640625,12484700,0.0,0.0
2022-05-09 00:00:00+07:00,2139.9078153722426,2148.3995130522912,2021.0240478515625,2021.0240478515625,12991500,0.0,0.0
2022-05-10 00:00:00+07:00,1944.5987433356206,1953.0904409047719,1885.1568603515625,1885.1568603515625,16341300,0.0,0.0
2022-05-11 00:00:00+07:00,1885.1567247178818,1919.1235125506364,1800.2397551359952,1834.20654296875,10478800,0.0,0.0
2022-05-12 00:00:00+07:00,1825.714940313083,1834.206637709888,1706.8311767578125,1706.8311767578125,17205500,0.0,0.0
2022-05-13 00:00:00+07:00,1681.356199308206,1706.8312932371184,1587.9475215688612,1668.61865234375,45502600,0.0,0.0
2022-05-17 00:00:00+07:00,1668.618656616211,1800.2399755859376,1668.618656616211,1698.339599609375,17899900,0.0,0.0
2022-05-18 00:00:00+07:00,1723.8145687705592,1766.2730556860902,1689.8477792381343,1694.0936279296875,9890200,0.0,0.0
2022-05-19 00:00:00+07:00,1681.3559914172536,1868.1733237969484,1579.4556283010563,1808.7314453125,30319900,0.0,0.0
2022-05-20 00:00:00+07:00,1825.7148414683118,1842.6982353424357,1774.7646598459403,1817.22314453125,10733300,0.0,0.0
2022-05-23 00:00:00+07:00,1817.2232542176178,1834.206649116848,1757.7813720703125,1757.7813720703125,4956600,0.0,0.0
2022-05-24 00:00:00+07:00,1757.7813790127,1817.223261394772,1757.7813790127,1791.7481689453125,5967900,0.0,0.0
2022-05-25 00:00:00+07:00,1791.7482850898816,1800.239983123483,1715.3230027874697,1749.289794921875,7384000,0.0,0.0
2022-05-27 00:00:00+07:00,1783.2567244819975,1961.582396930197,1681.3563402258833,1953.0906982421875,36124000,0.0,0.0
2022-05-30 00:00:00+07:00,1953.0904409047719,1995.5489287505277,1876.6651627824112,1885.1568603515625,14153600,0.0,0.0
2022-05-31 00:00:00+07:00,1902.140252130682,1944.5987399014562,1868.1734619140627,1868.1734619140625,9507000,0.0,0.0
2022-06-02 00:00:00+07:00,1902.140113901869,1910.631810838931,1808.731447594188,1817.22314453125,10789400,0.0,0.0
2022-06-03 00:00:00+07:00,1817.223289088199,1978.5655437268708,1817.223289088199,1936.1070556640625,27875600,0.0,0.0
2022-06-06 00:00:00+07:00,1936.10705078125,1961.5821435546875,1893.648562825521,1910.6319580078125,8973000,0.0,0.0
2022-06-07 00:00:00+07:00,1910.6318270998304,1910.6318270998304,1868.1733420531675,1876.6650390625,4181800,0.0,0.0
2022-06-08 00:00:00+07:00,1876.6650346033105,1893.648428581621,1834.2065496575342,1859.681640625,5959000,0.0,0.0
2022-06-09 00:00:00+07:00,1859.681636124712,1885.15672703053,1834.206545218894,1842.6982421875,5097100,0.0,0.0
2022-06-10 00:00:00+07:00,1817.223381629357,1842.698475764348,1732.306401179387,1766.273193359375,11903300,0.0,0.0
2022-06-13 00:00:00+07:00,1732.3062575120193,1732.3062575120193,1643.1434354341948,1655.8809814453125,20148900,0.0,0.0
2022-06-14 00:00:00+07:00,1638.8975913518593,1706.8311702679985,1570.96401243572,1677.1102294921875,12976900,0.0,0.0
2022-06-15 00:00:00+07:00,1681.3562023987124,1723.8146923582758,1677.1103534027561,1689.847900390625,12821700,0.0,0.0
2022-06-16 00:00:00+07:00,1715.3229918504126,1740.7980857887849,1672.864501953125,1672.864501953125,7641500,0.0,0.0
2022-06-17 00:00:00+07:00,1668.6185177451684,1668.6185177451684,1583.7015448319285,1613.4224853515625,7500500,0.0,0.0
2022-06-20 00:00:00+07:00,1617.6684497730153,1621.9142987225507,1503.0305281355575,1570.964111328125,10314100,0.0,0.0
2022-06-21 00:00:00+07:00,1570.9639780368645,1600.6849181618863,1511.522097786821,1524.2596435546875,16588600,0.0,0.0
2022-06-22 00:00:00+07:00,1528.5054869570974,1558.226426981263,1498.7845469329316,1503.0303955078125,5462800,0.0,0.0
2022-06-23 00:00:00+07:00,1507.2762491975323,1536.997189322554,1477.5553090725105,1524.2596435546875,4289000,0.0,0.0
2022-06-24 00:00:00+07:00,1528.5056179172389,1583.7016541198059,1507.276373223944,1545.489013671875,8450100,0.0,0.0
2022-06-27 00:00:00+07:00,1549.7347575082829,1651.6351251252659,1549.7347575082829,1621.9141845703125,14936600,0.0,0.0
2022-06-28 00:00:00+07:00,1621.9141845703125,1638.897579173143,1583.7015467139438,1621.9141845703125,7628600,0.0,0.0
2022-06-29 00:00:00+07:00,1621.9142959678109,1630.405993852459,1532.7514681790044,1553.980712890625,6703500,0.0,0.0
2022-06-30 00:00:00+07:00,1553.9806949917522,1553.9806949917522,1447.83447265625,1447.83447265625,17664600,0.0,0.0
2022-07-01 00:00:00+07:00,1439.3426271834462,1443.5884756412145,1350.1798095703125,1350.1798095703125,12919900,0.0,0.0
2022-07-04 00:00:00+07:00,1341.6883462441933,1341.6883462441933,1256.7713623046875,1256.7713623046875,24920700,0.0,0.0
2022-07-05 00:00:00+07:00,1256.7712466591283,1299.2297347219367,1214.3127585963198,1290.738037109375,8234800,0.0,0.0
2022-07-06 00:00:00+07:00,1290.738037109375,1311.967281140779,1201.5752121774774,1290.738037109375,15470700,0.0,0.0
2022-07-07 00:00:00+07:00,1299.2298587960606,1341.688350913579,1286.492311160805,1303.4757080078125,7266000,0.0,0.0
2022-07-08 00:00:00+07:00,1316.2131467479871,1392.6384262365798,1307.7214490270323,1384.146728515625,13600100,0.0,0.0
2022-07-11 00:00:00+07:00,1392.6384363511029,1447.8344719381894,1379.90088967716,1443.588623046875,16975700,0.0,0.0
2022-07-12 00:00:00+07:00,1443.588621602256,1443.588621602256,1388.392586070405,1435.096923828125,5688100,0.0,0.0
2022-07-13 00:00:00+07:00,1435.096787109375,1439.342635591947,1375.6549083533655,1379.9007568359375,3323200,0.0,0.0
2022-07-14 00:00:00+07:00,1384.146727008584,1430.8510644229843,1341.6882384500386,1375.655029296875,7267300,0.0,0.0
2022-07-15 00:00:00+07:00,1375.6550394092087,1494.5388082470415,1375.6550394092087,1435.096923828125,15427400,0.0,0.0
2022-07-18 00:00:00+07:00,1443.5884955107276,1447.8343440269357,1409.6217073810633,1422.3592529296875,5681600,0.0,0.0
2022-07-19 00:00:00+07:00,1418.113529698989,1460.5720186121323,1418.113529698989,1443.588623046875,3315600,0.0,0.0
2022-07-20 00:00:00+07:00,1452.0802126092426,1524.2596383822165,1452.0802126092426,1503.0303955078125,17301200,0.0,0.0
2022-07-21 00:00:00+07:00,1520.013916015625,1553.9807074349685,1494.5388224511173,1520.013916015625,8966200,0.0,0.0
2022-07-22 00:00:00+07:00,1528.5055001490123,1592.1932293218877,1528.5055001490123,1558.2264404296875,12470100,0.0,0.0
2022-07-25 00:00:00+07:00,1558.2265513710825,1566.7182491987178,1486.0471198361822,1490.29296875,12658100,0.0,0.0
2022-07-26 00:00:00+07:00,1481.8012615858452,1520.0139015694342,1418.1135282798632,1435.096923828125,11054000,0.0,0.0
2022-07-27 00:00:00+07:00,1430.8509521484375,1473.3094373753943,1418.1134065803506,1430.8509521484375,4449200,0.0,0.0
2022-07-28 00:00:00+07:00,1439.342659810091,1528.5054794443445,1435.0968112560788,1473.3094482421875,20247300,0.0,0.0
2022-07-29 00:00:00+07:00,1481.8012585668507,1494.5388052020958,1418.113525390625,1418.113525390625,7941300,0.0,0.0
2022-08-01 00:00:00+07:00,1418.1134129293457,1473.309443971506,1418.1134129293457,1456.3260498046875,7357000,0.0,0.0
2022-08-02 00:00:00+07:00,1456.3261689942847,1464.817866772677,1358.671644542773,1439.3427734375,12869400,0.0,0.0
2022-08-03 00:00:00+07:00,1418.1134055001394,1439.342648097447,1379.900768824986,1426.6051025390625,5901900,0.0,0.0
2022-08-04 00:00:00+07:00,1426.6052281891496,1473.3095660167705,1418.1135304023094,1447.83447265625,8525500,0.0,0.0
2022-08-05 00:00:00+07:00,1452.0802085658481,1498.7845427594866,1443.5885114397322,1486.0469970703125,13877200,0.0,0.0
2022-08-08 00:00:00+07:00,1490.2929637820223,1511.5222082803416,1460.572021484375,1460.572021484375,7766900,0.0,0.0
2022-08-09 00:00:00+07:00,1460.571882717515,1477.5552767026024,1396.8841552734375,1396.8841552734375,14338500,0.0,0.0
2022-08-10 00:00:00+07:00,1396.8841484707575,1401.1299969463525,1350.1798152392125,1371.4090576171875,13162400,0.0,0.0
2022-08-11 00:00:00+07:00,1379.9008950419811,1486.047117737518,1371.4091972263382,1477.555419921875,20741100,0.0,0.0
2022-08-12 00:00:00+07:00,1486.04711631819,1528.5056053558526,1460.5720228955925,1469.063720703125,15087500,0.0,0.0
2022-08-15 00:00:00+07:00,1477.5552914268092,1490.2928370425575,1439.3426545795642,1452.0802001953125,4559600,0.0,0.0
2022-08-16 00:00:00+07:00,1452.0803164179454,1481.8012585668507,1396.88428099855,1418.113525390625,11345700,0.0,0.0
2022-08-18 00:00:00+07:00,1409.6218231945504,1422.3593697896818,1367.163334544112,1392.638427734375,9798000,0.0,0.0
2022-08-19 00:00:00+07:00,1392.63842994713,1430.8510697932402,1392.63842994713,1405.3759765625,7702200,0.0,0.0
2022-08-22 00:00:00+07:00,1405.3760899417223,1405.3760899417223,1307.721558012237,1311.9674072265625,19578700,0.0,0.0
2022-08-23 00:00:00+07:00,1311.9672827627146,1328.9506780088338,1286.4921898935356,1299.229736328125,8650800,0.0,0.0
2022-08-24 00:00:00+07:00,1299.2298567816122,1307.7215551919496,1261.0172139350943,1282.2464599609375,13424800,0.0,0.0
2022-08-25 00:00:00+07:00,1286.492311160805,1311.967406431316,1282.2464619490534,1303.4757080078125,4143900,0.0,0.0
2022-08-26 00:00:00+07:00,1303.4755810709094,1307.721429869186,1273.7546394829735,1278.00048828125,8317100,0.0,0.0
2022-08-29 00:00:00+07:00,1265.262939453125,1273.7546370333473,1239.787846712458,1265.262939453125,5272800,0.0,0.0
2022-08-30 00:00:00+07:00,1273.7546328391638,1282.246330391425,1239.7878426301195,1244.03369140625,8902300,0.0,0.0
2022-08-31 00:00:00+07:00,1248.2796622498395,1252.5255114411655,1222.8045671018835,1239.7879638671875,5613700,0.0,0.0
2022-09-01 00:00:00+07:00,1252.525390625,1273.7546345338983,1252.525390625,1252.525390625,4763400,0.0,0.0
2022-09-02 00:00:00+07:00,1256.7713606324915,1265.2630590151434,1222.8045671018835,1239.7879638671875,6361300,0.0,0.0
2022-09-05 00:00:00+07:00,1222.80443366426,1231.2961311202619,1167.6084002002483,1176.10009765625,13128000,0.0,0.0
2022-09-06 00:00:00+07:00,1176.1002327211443,1324.7049552671372,1176.1002327211443,1316.2132568359375,27311400,0.0,0.0
2022-09-07 00:00:00+07:00,1320.45897372457,1345.9340664652368,1248.2795442926804,1265.262939453125,12551200,0.0,0.0
2022-09-08 00:00:00+07:00,1265.2630590151434,1273.7547573977954,1222.8045671018835,1239.7879638671875,6011200,0.0,0.0
2022-09-09 00:00:00+07:00,1239.7878322397687,1248.279529720863,1188.8376473532028,1193.08349609375,8101100,0.0,0.0
2022-09-12 00:00:00+07:00,1193.0834969594969,1227.0502869085217,1193.0834969594969,1197.329345703125,4358900,0.0,0.0
2022-09-13 00:00:00+07:00,1205.8210579427084,1294.9838826497396,1205.8210579427084,1273.754638671875,17584000,0.0,0.0
2022-09-14 00:00:00+07:00,1273.7547573977954,1278.0006065891214,1235.5421146758615,1239.7879638671875,5036500,0.0,0.0
2022-09-15 00:00:00+07:00,1239.7877172009698,1273.7545039735992,1222.8043238146552,1231.2960205078125,6205200,0.0,0.0
2022-09-16 00:00:00+07:00,1235.541859764935,1239.7877080802784,1197.329224926844,1201.5750732421875,4598900,0.0,0.0
2022-09-19 00:00:00+07:00,1210.0670139763945,1214.3128631482414,1176.1002206016185,1184.5919189453125,4653300,0.0,0.0
2022-09-20 00:00:00+07:00,1184.5919189453125,1201.5753156327005,1180.3460697734654,1184.5919189453125,2821500,0.0,0.0
2022-09-21 00:00:00+07:00,1184.5917959967962,1205.8210396526529,1167.608401072111,1180.345947265625,4398300,0.0,0.0
2022-09-22 00:00:00+07:00,1176.1001011315614,1201.5751935748442,1159.1167061693727,1193.08349609375,3499700,0.0,0.0
2022-09-23 00:00:00+07:00,1197.3293499564459,1239.787837543554,1193.0835011977351,1218.55859375,7944700,0.0,0.0
2022-09-26 00:00:00+07:00,1218.5585858461668,1222.804434577338,1171.8542498032823,1180.345947265625,4411200,0.0,0.0
2022-09-27 00:00:00+07:00,1180.3459490094867,1193.0834952218192,1171.8542515345982,1188.837646484375,2604800,0.0,0.0
2022-09-28 00:00:00+07:00,1193.0836172890065,1193.0836172890065,1176.1002206016185,1184.5919189453125,2939900,0.0,0.0
2022-09-29 00:00:00+07:00,1197.3293250450722,1201.5751737154446,1103.920654296875,1103.920654296875,15485600,0.0,0.0
2022-09-30 00:00:00+07:00,1103.9207734836368,1108.16662261242,1027.4954891655389,1078.4456787109375,16840500,0.0,0.0
2022-10-03 00:00:00+07:00,1078.4455556756423,1099.6747988976038,1057.216312453681,1074.19970703125,3932500,0.0,0.0
2022-10-04 00:00:00+07:00,1082.6912953191836,1116.6580810546875,1074.1995988853078,1116.6580810546875,5981300,0.0,0.0
2022-10-05 00:00:00+07:00,1120.9039374709573,1163.3624199509177,1116.6580892229613,1142.1331787109375,7947500,0.0,0.0
2022-10-06 00:00:00+07:00,1142.1332989524813,1159.1166937324438,1120.9040554775281,1133.6416015625,3101500,0.0,0.0
2022-10-07 00:00:00+07:00,1133.6415987881749,1133.6415987881749,1099.6748093113756,1120.904052734375,4282800,0.0,0.0
2022-10-10 00:00:00+07:00,1120.9040489783654,1120.9040489783654,1086.9372596153846,1103.920654296875,5814700,0.0,0.0
2022-10-11 00:00:00+07:00,1103.920647541996,1137.8874366971345,1069.9538583868577,1074.19970703125,3143600,0.0,0.0
2022-10-12 00:00:00+07:00,1074.1997565261456,1074.1997565261456,1006.266175085757,1010.5120239257812,10865000,0.0,0.0
2022-10-13 00:00:00+07:00,1010.5120167294964,1010.5120167294964,946.8242845826794,972.2993774414062,8007300,0.0,0.0
2022-10-14 00:00:00+07:00,976.5452187278055,1006.2661601673474,934.0867309570314,934.0867309570312,3831000,0.0,0.0
2022-10-17 00:00:00+07:00,900.1198808504565,955.3159112799657,900.1198808504565,929.8408203125,3777600,0.0,0.0
2022-10-18 00:00:00+07:00,942.5783680359164,951.0700650452488,904.3657314939197,938.33251953125,3437300,0.0,0.0
2022-10-19 00:00:00+07:00,938.3325813912056,955.315976529508,912.8574886837521,942.5784301757812,3722900,0.0,0.0
2022-10-20 00:00:00+07:00,951.0700705199115,963.8076161072318,942.578373461698,959.561767578125,2526000,0.0,0.0
2022-10-21 00:00:00+07:00,959.561757452477,963.80760593678,917.103272609447,921.34912109375,8767900,0.0,0.0
2022-10-24 00:00:00+07:00,925.5949268423633,1065.7079203551982,917.1032302658278,980.7909545898438,24646100,0.0,0.0
2022-10-25 00:00:00+07:00,989.2827229480032,1035.98705750778,968.0534799662863,1023.24951171875,14588100,0.0,0.0
2022-10-26 00:00:00+07:00,1023.2495704458541,1074.1997565261456,1006.266175085757,1010.5120239257812,6895500,0.0,0.0
2022-10-27 00:00:00+07:00,1010.5120834025931,1023.2496306723738,985.036988863032,997.7745361328125,3249000,0.0,0.0
2022-10-28 00:00:00+07:00,997.7745318307751,1010.512079045636,934.0867957564703,963.8077392578125,7776400,0.0,0.0
2022-10-31 00:00:00+07:00,963.8076874162363,1023.2495712216429,955.3159897297496,1014.7578735351562,5550700,0.0,0.0
2022-11-01 00:00:00+07:00,1014.7579258119044,1014.7579258119044,946.8243408203125,946.8243408203125,20468800,0.0,0.0
2022-11-02 00:00:00+07:00,938.332633972168,942.5784829946664,883.1365966796875,883.1365966796875,22377400,0.0,0.0
2022-11-03 00:00:00+07:00,883.1364622790404,891.6281590317235,832.1862817629419,840.677978515625,20362600,0.0,0.0
2022-11-04 00:00:00+07:00,840.6780367337741,849.1697340745193,819.4487933819111,827.9404907226562,7271900,0.0,0.0
2022-11-07 00:00:00+07:00,832.1862817629419,866.1530687736742,832.1862817629419,840.677978515625,11030100,0.0,0.0
2022-11-08 00:00:00+07:00,849.1697979457488,883.1365898635787,819.4488550176476,836.4322509765625,12296400,0.0,0.0
2022-11-09 00:00:00+07:00,836.4322423520296,849.1697891898777,781.2362060546875,781.2362060546875,38690100,0.0,0.0
2022-11-10 00:00:00+07:00,772.7444997388263,781.2361975381541,730.2860107421875,730.2860107421875,38752400,0.0,0.0
2022-11-11 00:00:00+07:00,738.7777099609375,768.4986523156879,709.0567676061871,738.7777099609375,19768300,0.0,0.0
2022-11-14 00:00:00+07:00,743.0235602638938,776.9903515902432,738.7777113481002,747.2694091796875,13743900,0.0,0.0
2022-11-15 00:00:00+07:00,755.7610493977865,785.4819895426433,755.7610493977865,764.2527465820312,9469800,0.0,0.0
2022-11-16 00:00:00+07:00,768.4986654065318,827.940551128584,760.0069674462387,823.6947021484375,27168700,0.0,0.0
2022-11-17 00:00:00+07:00,832.1864001087306,844.9239470491704,802.4654572477045,823.6947021484375,20320300,0.0,0.0
2022-11-18 00:00:00+07:00,823.6946372584292,827.9404859040912,793.9736967387952,806.7112426757812,8568800,0.0,0.0
2022-11-21 00:00:00+07:00,810.9570883684618,827.9404828892672,793.9736938476562,793.9736938476562,4485600,0.0,0.0
2022-11-22 00:00:00+07:00,793.9737522146089,806.7112990415812,768.4986585606642,776.9903564453125,4715800,0.0,0.0
2022-11-23 00:00:00+07:00,781.236086609543,802.465328093498,776.990238312752,789.727783203125,3164100,0.0,0.0
2022-11-24 00:00:00+07:00,789.7278471447172,827.9404849097842,789.7278471447172,802.4653930664062,17634700,0.0,0.0
2022-11-25 00:00:00+07:00,802.465328093498,806.711176390289,785.481934906334,789.727783203125,3956900,0.0,0.0
2022-11-28 00:00:00+07:00,819.4487749519994,819.4487749519994,738.7776520292638,751.5151977539062,12693100,0.0,0.0
2022-11-29 00:00:00+07:00,751.5153201671129,755.7611694335938,743.0236216341511,755.7611694335938,1933000,0.0,0.0
2022-11-30 00:00:00+07:00,760.0069530398347,764.2528019394986,730.2860107421875,730.2860107421875,27415400,0.0,0.0
2022-12-01 00:00:00+07:00,760.0069600199605,802.4654494065504,738.7777153266654,772.7445068359375,26770000,0.0,0.0
2022-12-02 00:00:00+07:00,776.9903571087382,785.4820550006369,755.7611123789911,781.2362060546875,6316700,0.0,0.0
2022-12-05 00:00:00+07:00,785.4819895426433,789.7278381347656,760.0068979899089,764.2527465820312,3657000,0.0,0.0
2022-12-06 00:00:00+07:00,764.2527413504464,772.7444384765624,721.7942557198661,743.0234985351562,7719400,0.0,0.0
2022-12-07 00:00:00+07:00,743.0235505835411,743.0235505835411,692.0733642578125,692.0733642578125,14079700,0.0,0.0
2022-12-08 00:00:00+07:00,692.0732997894287,700.5649967193604,653.8606636047363,679.3357543945312,14451800,0.0,0.0
2022-12-09 00:00:00+07:00,679.3358184070122,709.0567604623191,675.0899695419683,696.3192138671875,5849000,0.0,0.0
2022-12-12 00:00:00+07:00,696.3192138671875,696.3192138671875,670.8441206769246,696.3192138671875,4192300,0.0,0.0
2022-12-13 00:00:00+07:00,696.3191603275767,734.5317971748218,683.5816147118284,726.0401000976562,6035800,0.0,0.0
2022-12-14 00:00:00+07:00,726.0400934392756,734.5317904385654,696.3191539417613,700.5650024414062,3636200,0.0,0.0
2022-12-15 00:00:00+07:00,700.5650057111467,730.2859453473772,692.0733086722238,713.3025512695312,5926700,0.0,0.0
2022-12-16 00:00:00+07:00,717.5483964399858,717.5483964399858,687.8274569424716,700.5650024414062,3233600,0.0,0.0
2022-12-19 00:00:00+07:00,700.5649918776292,700.5649918776292,662.3523559570312,662.3523559570312,6671300,0.0,0.0
2022-12-20 00:00:00+07:00,662.3524154068588,679.3358106737013,653.8607177734375,653.8607177734375,3770000,0.0,0.0
2022-12-21 00:00:00+07:00,658.1065665901481,666.5982642235693,641.1231713233055,653.8607177734375,1680200,0.0,0.0
2022-12-22 00:00:00+07:00,666.5982101156104,696.3191494201282,653.8606646993886,683.5816040039062,5970700,0.0,0.0
2022-12-23 00:00:00+07:00,687.8275107608479,692.073359592705,662.3524177697054,666.5982666015625,2591300,0.0,0.0
2022-12-26 00:00:00+07:00,670.8441760647681,675.090025280368,653.8607792023689,658.1066284179688,1758600,0.0,0.0
2022-12-27 00:00:00+07:00,658.1065697006032,675.0899650477156,658.1065697006032,670.8441162109375,1143700,0.0,0.0
2022-12-28 00:00:00+07:00,675.0899012638972,675.0899012638972,645.3689622145432,662.3523559570312,2164000,0.0,0.0
2022-12-29 00:00:00+07:00,658.1065665901481,658.1065665901481,645.3690201400162,653.8607177734375,2651400,0.0,0.0
2022-12-30 00:00:00+07:00,653.8607792023689,666.5983268491683,645.3690807711694,658.1066284179688,2290700,0.0,0.0
2023-01-02 00:00:00+07:00,658.1065665901481,662.3524154068588,649.6148689567268,653.8607177734375,798400,0.0,0.0
2023-01-03 00:00:00+07:00,653.8607177734375,670.84411304028,645.3690201400162,653.8607177734375,2313900,0.0,0.0
2023-01-04 00:00:00+07:00,653.8607775959748,662.3524760063121,641.1232299804688,641.1232299804688,2403100,0.0,0.0
2023-01-05 00:00:00+07:00,641.1231602878436,649.6148577750997,598.6646728515625,598.6646728515625,5798700,0.0,0.0
2023-01-06 00:00:00+07:00,602.9105851682898,628.3856803162457,577.4354900203339,619.8939819335938,4991600,0.0,0.0
2023-01-09 00:00:00+07:00,619.8939192030165,641.123163011339,594.4188266330295,611.4022216796875,2498400,0.0,0.0
2023-01-10 00:00:00+07:00,602.9105207170759,615.6480669294085,577.4354282924107,594.4188232421875,3807200,0.0,0.0
2023-01-11 00:00:00+07:00,594.4187685210129,632.6314036402209,581.681223481277,615.6480102539062,4447400,0.0,0.0
2023-01-12 00:00:00+07:00,619.8939819335938,628.3856803162457,615.6481327422678,619.8939819335938,3757300,0.0,0.0
2023-01-13 00:00:00+07:00,619.8939806531359,624.1398298356917,602.910583922913,607.1564331054688,1191900,0.0,0.0
2023-01-16 00:00:00+07:00,607.1564351674673,636.8773795462943,607.1564351674673,628.3856811523438,6551500,0.0,0.0
2023-01-17 00:00:00+07:00,628.3855552936423,649.6147970265356,611.4021619073276,615.6480102539062,7291100,0.0,0.0
2023-01-18 00:00:00+07:00,615.6480102539062,628.3855552936423,607.1563135607489,615.6480102539062,1309900,0.0,0.0
2023-01-19 00:00:00+07:00,615.6481327422678,628.3856803162457,615.6481327422678,619.8939819335938,1541800,0.0,0.0
2023-01-20 00:00:00+07:00,619.8939819335938,628.3856803162457,615.6481327422678,619.8939819335938,905400,0.0,0.0
2023-01-24 00:00:00+07:00,619.8939272397524,658.1065665901481,615.6480784230417,653.8607177734375,19653400,0.0,0.0
2023-01-25 00:00:00+07:00,658.1065774951461,730.2860085752588,658.1065774951461,717.5484619140625,33453100,0.0,0.0
2023-01-26 00:00:00+07:00,721.7943115234375,755.7611026539522,700.5650670668658,721.7943115234375,18313300,0.0,0.0
2023-01-27 00:00:00+07:00,730.2860114477962,764.2528026779263,721.7943136402637,734.5318603515625,12479000,0.0,0.0
2023-01-30 00:00:00+07:00,743.0235559800092,755.7611026539522,704.8109159581802,721.7943115234375,5542600,0.0,0.0
2023-01-31 00:00:00+07:00,726.0401604147519,734.5318581973805,717.5484626321231,721.7943115234375,3838000,0.0,0.0
2023-02-01 00:00:00+07:00,721.7943208113961,781.2362060546875,717.5484718654467,781.2362060546875,14806200,0.0,0.0
2023-02-02 00:00:00+07:00,806.7112325032552,806.7112325032552,760.0068979899089,764.2527465820312,17097100,0.0,0.0
2023-02-03 00:00:00+07:00,764.2527562191611,819.4487886127672,747.2693616365132,806.7112426757812,20711000,0.0,0.0
2023-02-06 00:00:00+07:00,806.7112997303839,815.2029976222826,772.7445081627887,781.2362060546875,10966100,0.0,0.0
2023-02-07 00:00:00+07:00,789.7279025905734,815.2029962225274,764.2528089586194,772.7445068359375,10719000,0.0,0.0
2023-02-08 00:00:00+07:00,772.7445075029883,789.7279032722848,764.2528096183402,776.9903564453125,6418300,0.0,0.0
2023-02-09 00:00:00+07:00,776.9902825606497,785.4819796378152,726.0401000976562,726.0401000976562,14570700,0.0,0.0
2023-02-10 00:00:00+07:00,721.7942577297405,755.7610463287871,700.5650148553364,751.5151977539062,9642500,0.0,0.0
2023-02-13 00:00:00+07:00,751.5151913291529,768.498585483484,721.7942515590735,726.0401000976562,11695900,0.0,0.0
2023-02-14 00:00:00+07:00,730.2859548795021,760.0068949036679,726.0401063046213,751.5151977539062,6212500,0.0,0.0
2023-02-15 00:00:00+07:00,751.5153201671129,781.236265032479,738.7777723676703,755.7611694335938,10911300,0.0,0.0
2023-02-16 00:00:00+07:00,760.0069708251954,861.9073468017579,760.0069708251954,849.1697998046875,75418500,0.0,0.0
2023-02-17 00:00:00+07:00,849.169796029317,861.9073429697568,815.2030041881443,823.6947021484375,28070500,0.0,0.0
2023-02-20 00:00:00+07:00,840.6780318410773,857.6614264237253,806.7112426757812,806.7112426757812,31302400,0.0,0.0
2023-02-21 00:00:00+07:00,806.7112436344486,832.1863355386944,781.2361517302029,810.9570922851562,17785300,0.0,0.0
2023-02-22 00:00:00+07:00,810.9571552079977,849.169796029317,806.7113062278511,823.6947021484375,29314400,0.0,0.0
2023-02-23 00:00:00+07:00,836.4322490888773,853.4156450094636,815.2030041881443,823.6947021484375,24852100,0.0,0.0
2023-02-24 00:00:00+07:00,827.9404907226562,849.1697340745193,823.6946420522837,827.9404907226562,16060700,0.0,0.0
2023-02-27 00:00:00+07:00,832.1864001087306,836.4322490888773,815.2030041881443,823.6947021484375,6187700,0.0,0.0
2023-02-28 00:00:00+07:00,823.6946492312577,878.8906824271667,823.6946492312577,861.9072875976562,48109200,0.0,0.0
2023-03-01 00:00:00+07:00,861.9072203973327,874.6447655263573,840.677978515625,840.677978515625,23812100,0.0,0.0
2023-03-02 00:00:00+07:00,832.1863941089526,870.399034654772,785.4820556640625,785.4820556640625,34981100,0.0,0.0
2023-03-03 00:00:00+07:00,781.236137778072,793.9736835027145,747.2693491790254,751.5151977539062,30271200,0.0,0.0
2023-03-06 00:00:00+07:00,743.0235036214193,776.9902923583985,743.0235036214193,764.2527465820312,25257600,0.0,0.0
2023-03-07 00:00:00+07:00,768.4985820225306,776.9902790614536,713.3025512695312,713.3025512695312,26283400,0.0,0.0
2023-03-08 00:00:00+07:00,713.3025409050707,713.3025409050707,666.5982078696196,675.0899047851562,34412500,0.0,0.0
2023-03-09 00:00:00+07:00,675.0899695419683,709.0567604623191,670.8441206769246,696.3192138671875,22534600,0.0,0.0
2023-03-10 00:00:00+07:00,700.5650612160011,721.794305495274,683.581665792583,687.8275146484375,9438700,0.0,0.0
2023-03-13 00:00:00+07:00,687.8275107608479,687.8275107608479,658.1065689378484,666.5982666015625,7912600,0.0,0.0
2023-03-14 00:00:00+07:00,683.5817207130226,683.5817207130226,624.1398319553684,628.3856811523438,20284000,0.0,0.0
2023-03-15 00:00:00+07:00,628.3856192867772,653.8607119605655,615.648072949883,624.1397705078125,6776500,0.0,0.0
2023-03-16 00:00:00+07:00,628.385614959287,645.3690099581867,585.9271274620379,602.9105224609375,11492800,0.0,0.0
2023-03-17 00:00:00+07:00,602.9104652141702,632.6314036402209,602.9104652141702,615.6480102539062,16061900,0.0,0.0
2023-03-20 00:00:00+07:00,619.8939174598371,624.139766209562,598.6646737112126,602.9105224609375,4973500,0.0,0.0
2023-03-21 00:00:00+07:00,602.9105851682898,636.8773786988977,602.9105851682898,619.8939819335938,6104100,0.0,0.0
2023-03-24 00:00:00+07:00,628.3856192867772,641.1231656236713,624.1397705078125,624.1397705078125,4713000,0.0,0.0
2023-03-27 00:00:00+07:00,624.1397745232832,649.6148673609683,619.8939257170024,645.3690185546875,6099000,0.0,0.0
2023-03-28 00:00:00+07:00,645.3689622145432,670.8440528282752,641.1231137789213,662.3523559570312,9927700,0.0,0.0
2023-03-29 00:00:00+07:00,666.5982101156104,687.8274524759802,649.6148162273147,683.5816040039062,11616900,0.0,0.0
2023-03-30 00:00:00+07:00,687.8274513244629,696.3191482543945,662.3523605346679,679.3357543945312,16218300,0.0,0.0
2023-03-31 00:00:00+07:00,675.0900236218181,683.5817220321554,641.1232299804688,641.1232299804688,14620900,0.0,0.0
2023-04-03 00:00:00+07:00,645.3690807711694,662.3524776335686,624.1398346931703,658.1066284179688,15042200,0.0,0.0
2023-04-04 00:00:00+07:00,658.1066284179688,670.8441760647681,649.6149299867692,658.1066284179688,5588200,0.0,0.0
2023-04-05 00:00:00+07:00,658.1065689378484,675.0899642652766,645.369022442277,666.5982666015625,7338300,0.0,0.0
2023-04-06 00:00:00+07:00,666.5983268491683,687.8275729271674,653.8607792023689,658.1066284179688,16846900,0.0,0.0
2023-04-10 00:00:00+07:00,662.3523669874812,713.3025490634413,649.6148214684912,704.8108520507812,21496400,0.0,0.0
2023-04-11 00:00:00+07:00,704.8108574047423,730.285948636239,687.8274632504111,726.0401000976562,24480700,0.0,0.0
2023-04-12 00:00:00+07:00,730.2860121452945,760.0069545000449,726.040163237473,738.7777099609375,20161500,0.0,0.0
2023-04-13 00:00:00+07:00,738.7777070886949,751.5152537626378,713.3026137408089,721.7943115234375,7462500,0.0,0.0
2023-04-14 00:00:00+07:00,730.285948636239,738.7776457134046,721.7942515590735,726.0401000976562,4898700,0.0,0.0
2023-04-17 00:00:00+07:00,730.2859430887613,730.2859430887613,700.5650035444513,704.8108520507812,6665300,0.0,0.0
2023-04-18 00:00:00+07:00,704.8109138168975,726.0401582089727,692.0733671816523,709.0567626953125,7871400,0.0,0.0
2023-04-26 00:00:00+07:00,713.30255859375,747.2693470982142,704.8108614676339,743.0234985351562,8178200,0.0,0.0
2023-04-27 00:00:00+07:00,747.2694077765805,760.0069545000449,730.2860121452945,738.7777099609375,9678200,0.0,0.0
2023-04-28 00:00:00+07:00,738.7777146818888,776.9903550964692,738.7777146818888,768.4986572265625,22622900,0.0,0.0
2023-05-02 00:00:00+07:00,781.2362040314226,781.2362040314226,751.515261486749,768.4986572265625,12166200,0.0,0.0
2023-05-03 00:00:00+07:00,764.252693422379,789.727783203125,755.760996828797,789.727783203125,10806100,0.0,0.0
2023-05-04 00:00:00+07:00,798.2196100690038,861.907344914935,789.7279120895463,836.4322509765625,35265400,0.0,0.0
2023-05-05 00:00:00+07:00,836.4321890071948,844.9238863575216,819.448794306541,832.1863403320312,8960300,0.0,0.0
2023-05-08 00:00:00+07:00,832.1864032074435,857.6614971831816,806.7113092317054,844.9239501953125,15017400,0.0,0.0
2023-05-09 00:00:00+07:00,844.9238979211835,895.8740827204508,832.1863517213667,887.3823852539062,27196800,0.0,0.0
2023-05-10 00:00:00+07:00,891.6281772667254,921.3491165089496,874.6447834140258,904.36572265625,26434800,0.0,0.0
2023-05-11 00:00:00+07:00,895.8740376063755,955.3159168788364,895.8740376063755,951.070068359375,28821200,0.0,0.0
2023-05-12 00:00:00+07:00,951.0700165719696,993.5284994546469,938.3324717071665,980.7909545898438,27121800,0.0,0.0
2023-05-15 00:00:00+07:00,993.5286895751954,1027.495482381185,963.8077458699545,1019.0037841796875,28525900,0.0,0.0
2023-05-16 00:00:00+07:00,1027.4954119686477,1086.9372953056768,951.0701333924671,972.2993774414062,76643900,0.0,0.0
2023-05-17 00:00:00+07:00,968.0536504330843,1019.0038425611414,912.8576089610225,976.5453491210938,20169600,0.0,0.0
2023-05-19 00:00:00+07:00,976.5453491210938,989.282897153108,942.5785543690557,976.5453491210938,12887300,0.0,0.0
2023-05-22 00:00:00+07:00,985.0369230571546,989.2827718634354,959.5618302194695,968.0535278320312,5086600,0.0,0.0
2023-05-23 00:00:00+07:00,972.2994415932513,1019.0037815824469,968.0535925033245,997.7745361328125,17150400,0.0,0.0
2023-05-24 00:00:00+07:00,1006.2661679197086,1006.2661679197086,968.0535286316184,972.2993774414062,8868700,0.0,0.0
2023-05-25 00:00:00+07:00,972.2993109566825,976.5451594761439,934.086674281529,951.070068359375,10751000,0.0,0.0
2023-05-26 00:00:00+07:00,946.8242219908047,968.0534646363385,904.3657366997372,959.561767578125,20091600,0.0,0.0
2023-05-29 00:00:00+07:00,959.5618901861923,997.7745318307751,938.3326448280906,963.8077392578125,14749600,0.0,0.0
2023-05-30 00:00:00+07:00,963.8076798218306,1006.2661679197086,959.5618310120428,972.2993774414062,13798100,0.0,0.0
2023-05-31 00:00:00+07:00,972.2993075685804,985.0368530825792,929.8408225219174,938.33251953125,16818900,0.0,0.0
2023-06-05 00:00:00+07:00,942.5784380682584,985.0369262695312,929.8408916078764,985.0369262695312,9465500,0.0,0.0
2023-06-06 00:00:00+07:00,989.2827401968149,1142.1332923302284,980.7910428560697,1103.920654296875,89201100,0.0,0.0
2023-06-07 00:00:00+07:00,1108.1666235923767,1116.6583218574524,1065.7081322669983,1086.9373779296875,28352600,0.0,0.0
2023-06-08 00:00:00+07:00,1086.9373779296875,1137.8875675201416,1074.199830532074,1086.9373779296875,27249400,0.0,0.0
2023-06-09 00:00:00+07:00,1091.1832246210472,1099.6749228671254,1048.7247333906562,1065.7081298828125,15212800,0.0,0.0
2023-06-12 00:00:00+07:00,1052.9704829545456,1176.100095880682,1052.9704829545456,1167.6083984375,39616500,0.0,0.0
2023-06-13 00:00:00+07:00,1205.8210303463152,1205.8210303463152,1120.9040563782648,1137.887451171875,30016000,0.0,0.0
2023-06-14 00:00:00+07:00,1137.887451171875,1159.1166946638875,1099.6748128862523,1137.887451171875,18747100,0.0,0.0
2023-06-15 00:00:00+07:00,1137.8873221393774,1137.8873221393774,1095.4288399699976,1116.6580810546875,12719900,0.0,0.0
2023-06-16 00:00:00+07:00,1116.6582040497751,1150.6249935265744,1103.9206579959755,1120.904052734375,10406500,0.0,0.0
2023-06-19 00:00:00+07:00,1116.6580892229613,1171.8541164469098,1112.4122409749652,1142.1331787109375,13801700,0.0,0.0
2023-06-20 00:00:00+07:00,1146.379140021718,1159.1166860219594,1069.9538640202702,1099.6748046875,11736800,0.0,0.0
2023-06-21 00:00:00+07:00,1086.9372586872587,1120.9040480212354,1086.9372586872587,1099.6748046875,4845000,0.0,0.0
2023-06-22 00:00:00+07:00,1099.6748056265023,1120.9040489783654,1091.1831082857573,1103.920654296875,4829800,0.0,0.0
2023-06-23 00:00:00+07:00,1103.9206579959755,1154.8708422111742,1103.9206579959755,1120.904052734375,12165100,0.0,0.0
2023-06-26 00:00:00+07:00,1125.150020122528,1142.1334166526794,1074.199830532074,1086.9373779296875,17538000,0.0,0.0
2023-06-27 00:00:00+07:00,1091.1832265816481,1103.9207739736519,1078.4456791896446,1082.6915283203125,3983700,0.0,0.0
2023-07-03 00:00:00+07:00,1082.6914081499272,1120.9040460846304,1027.4953755775778,1091.18310546875,12984000,0.0,0.0
2023-07-04 00:00:00+07:00,1091.1831016088192,1103.920647541996,1057.216312453681,1074.19970703125,10001800,0.0,0.0
2023-07-05 00:00:00+07:00,1074.199830532074,1116.6583218574524,1052.9705848693848,1086.9373779296875,23824400,0.0,0.0
2023-07-06 00:00:00+07:00,1086.9373774509804,1108.1666231043198,1061.462282666973,1082.6915283203125,25992200,0.0,0.0
2023-07-07 00:00:00+07:00,1082.6915263749688,1086.937375498008,1065.7081298828125,1065.7081298828125,5889000,0.0,0.0
2023-07-10 00:00:00+07:00,1069.953978515625,1082.6915258789063,1057.2164311523438,1061.4622802734375,4586700,0.0,0.0
2023-07-11 00:00:00+07:00,1061.4621648528696,1108.166500106396,1052.9704675340467,1091.18310546875,16084500,0.0,0.0
2023-07-12 00:00:00+07:00,1103.920653354247,1137.887442688224,1095.4289560207528,1099.6748046875,30142300,0.0,0.0
2023-07-13 00:00:00+07:00,1099.674797905816,1112.4123438275049,1065.708008781312,1069.953857421875,11205600,0.0,0.0
2023-07-14 00:00:00+07:00,1069.953857421875,1082.691403343564,1065.708008781312,1069.953857421875,2778400,0.0,0.0
2023-07-17 00:00:00+07:00,1069.953978021461,1082.6915253788593,1057.2164306640625,1057.2164306640625,7924100,0.0,0.0
2023-07-18 00:00:00+07:00,1052.970444377671,1065.7079900757878,989.2827158870859,993.528564453125,44406600,0.0,0.0
2023-07-20 00:00:00+07:00,997.7744774057084,1035.987116965927,993.5286285656841,1010.5120239257812,14296900,0.0,0.0
2023-07-21 00:00:00+07:00,1010.5119698660714,1040.23291015625,1010.5119698660714,1040.23291015625,8045900,0.0,0.0
2023-07-24 00:00:00+07:00,1044.4787587691326,1065.708001833546,1031.7412129304846,1040.23291015625,12318800,0.0,0.0
2023-07-25 00:00:00+07:00,1048.7246083825585,1057.2163056164252,1023.2495166809578,1044.478759765625,4739400,0.0,0.0
2023-07-26 00:00:00+07:00,1044.4787746749762,1133.6415969033278,1031.7412286423546,1112.412353515625,42000700,0.0,0.0
2023-07-27 00:00:00+07:00,1120.9040480212354,1171.8542320222007,1078.4455613537643,1099.6748046875,32183600,0.0,0.0
2023-07-28 00:00:00+07:00,1099.6748074830034,1133.6415969033278,1082.6914127728412,1112.412353515625,7309800,0.0,0.0
2023-07-31 00:00:00+07:00,1116.6581974252188,1133.6415920628647,1086.9372568093386,1091.18310546875,7208800,0.0,0.0
2023-08-01 00:00:00+07:00,1091.1832822873357,1099.6749809821788,968.053651212111,989.2828979492188,61408500,0.0,0.0
2023-08-02 00:00:00+07:00,993.5287464971128,993.5287464971128,955.31610240107,976.5453491210938,9672600,0.0,0.0
2023-08-03 00:00:00+07:00,976.5452254445929,1010.5120158948396,959.5618302194695,968.0535278320312,10020400,0.0,0.0
2023-08-04 00:00:00+07:00,980.7910717773437,980.7910717773437,942.5784326171876,955.3159790039062,6441800,0.0,0.0
2023-08-07 00:00:00+07:00,955.3159190490182,972.2993131654453,942.578373461698,959.561767578125,4244600,0.0,0.0
2023-08-08 00:00:00+07:00,959.5618310120428,989.2827726805574,959.5618310120428,972.2993774414062,6298500,0.0,0.0
2023-08-09 00:00:00+07:00,976.5451594761439,985.0368565150669,951.070068359375,951.070068359375,5450700,0.0,0.0
2023-08-10 00:00:00+07:00,951.0701302083334,976.5452229817708,946.8242814127605,955.3159790039062,5348300,0.0,0.0
2023-08-11 00:00:00+07:00,959.5618253140835,963.8076740986592,942.5784301757812,942.5784301757812,2561700,0.0,0.0
2023-08-14 00:00:00+07:00,946.8242036365327,951.0700520833334,878.8906284877232,891.628173828125,13249500,0.0,0.0
2023-08-15 00:00:00+07:00,883.1366006540698,934.086789153343,883.1366006540698,912.8575439453125,7414700,0.0,0.0
2023-08-16 00:00:00+07:00,912.8574854299562,955.3159731243728,912.8574854299562,925.5950317382812,6096700,0.0,0.0
2023-08-18 00:00:00+07:00,925.5949649721244,929.8408134352993,895.8740257299003,904.36572265625,3073200,0.0,0.0
2023-08-21 00:00:00+07:00,904.3657828277013,912.8574803190412,891.6282365906914,900.1199340820312,3312900,0.0,0.0
2023-08-22 00:00:00+07:00,900.1199903301164,900.1199903301164,857.6615002202052,866.1531982421875,12713900,0.0,0.0
2023-08-23 00:00:00+07:00,861.9072893840511,883.1365329649391,857.6614406678735,870.3989868164062,5041300,0.0,0.0
2023-08-24 00:00:00+07:00,866.1531363050339,878.8906824271667,853.415590182901,861.9072875976562,2678900,0.0,0.0
2023-08-25 00:00:00+07:00,861.9073468017579,861.9073468017579,823.6947058105469,849.1697998046875,10294000,0.0,0.0
2023-08-28 00:00:00+07:00,849.1697405824566,895.8740763144917,849.1697405824566,857.6614379882812,14231500,0.0,0.0
2023-08-29 00:00:00+07:00,857.6614370773087,891.6282266645288,849.1697396805037,853.4155883789062,9629700,0.0,0.0
2023-08-30 00:00:00+07:00,866.1531958007813,866.1531958007813,832.1864038085938,849.1697998046875,8097400,0.0,0.0
2023-08-31 00:00:00+07:00,853.4156469354775,853.4156469354775,823.6947040073763,836.4322509765625,6243300,0.0,0.0
2023-09-01 00:00:00+07:00,836.4321301392835,861.9072203973327,836.4321301392835,840.677978515625,4646200,0.0,0.0
2023-09-04 00:00:00+07:00,853.415648803711,857.6614978027344,840.6781018066407,849.1697998046875,2980100,0.0,0.0
2023-09-05 00:00:00+07:00,857.6615013937349,895.8741425449408,849.1698033601335,874.6448974609375,15733000,0.0,0.0
2023-09-06 00:00:00+07:00,878.8907558287206,955.3160389442614,874.6449067667461,946.8243408203125,34474600,0.0,0.0
2023-09-07 00:00:00+07:00,959.5617597745434,959.5617597745434,925.5949718179223,929.8408203125,16481800,0.0,0.0
2023-09-08 00:00:00+07:00,929.8408838220545,951.0701277449324,904.3657911146009,942.5784301757812,10073900,0.0,0.0
2023-09-11 00:00:00+07:00,942.578373461698,976.545161694552,942.578373461698,959.561767578125,8963900,0.0,0.0
2023-09-12 00:00:00+07:00,963.807656574719,968.0535052820967,849.1697414755233,861.9072875976562,40024600,0.0,0.0
2023-09-13 00:00:00+07:00,823.694648364983,874.6448327999303,823.694648364983,857.6614379882812,13223300,0.0,0.0
2023-09-14 00:00:00+07:00,857.6614959252063,887.3824388533075,827.940552997105,836.4322509765625,23676500,0.0,0.0
2023-09-15 00:00:00+07:00,836.4322509765625,857.6614959252063,832.1864019868337,836.4322509765625,12776200,0.0,0.0
2023-09-18 00:00:00+07:00,802.4654590587326,844.92394895602,802.4654590587326,836.4322509765625,8623600,0.0,0.0
2023-09-19 00:00:00+07:00,836.4321880634014,844.9238854041466,815.2029447115385,827.9404907226562,4505900,0.0,0.0
2023-09-20 00:00:00+07:00,832.1863448868936,883.1365292677239,827.9404961884911,853.4155883789062,27836700,0.0,0.0
2023-09-21 00:00:00+07:00,853.415648803711,866.1531958007813,840.6781018066407,849.1697998046875,10841700,0.0,0.0
2023-09-22 00:00:00+07:00,844.9239501953125,857.6614971831816,836.4322522033999,844.9239501953125,10381200,0.0,0.0
2023-09-25 00:00:00+07:00,844.9238909821012,870.3989831725163,840.6780422836987,853.4155883789062,7924300,0.0,0.0
2023-09-26 00:00:00+07:00,857.6613720209912,866.1530687736742,836.4321301392835,840.677978515625,8305300,0.0,0.0
2023-09-27 00:00:00+07:00,840.6781011993562,857.6614971831816,836.4322522033999,844.9239501953125,5376800,0.0,0.0
2023-09-29 00:00:00+07:00,853.4156481872252,853.4156481872252,840.6781011993562,844.9239501953125,2056200,0.0,0.0
2023-10-02 00:00:00+07:00,844.9238927681457,878.8906824271667,844.9238927681457,861.9072875976562,7033000,0.0,0.0
2023-10-03 00:00:00+07:00,866.1531353941058,870.3989840970181,844.9238918795444,857.6614379882812,3784500,0.0,0.0
2023-10-04 00:00:00+07:00,857.6614863494706,857.6614863494706,768.4986585606642,776.9903564453125,26735000,0.0,0.0
2023-10-05 00:00:00+07:00,764.2527996717826,789.7278929941754,717.5484619140625,717.5484619140625,18311200,0.0,0.0
2023-10-06 00:00:00+07:00,717.548526035266,776.9904157659981,717.548526035266,755.7611694335938,15909100,0.0,0.0
2023-10-09 00:00:00+07:00,760.0070187000747,772.7445664995172,743.0236216341511,755.7611694335938,6071900,0.0,0.0
2023-10-10 00:00:00+07:00,755.7611694335938,772.7445664995172,751.5153201671129,755.7611694335938,3980300,0.0,0.0
2023-10-11 00:00:00+07:00,755.7610442243304,772.7444384765624,743.0234985351562,743.0234985351562,2931100,0.0,0.0
2023-10-12 00:00:00+07:00,743.0235602638938,755.7611070112749,743.0235602638938,747.2694091796875,1673000,0.0,0.0
2023-10-13 00:00:00+07:00,747.2694070628613,764.2528026779263,726.04016254403,734.5318603515625,2943400,0.0,0.0
2023-10-16 00:00:00+07:00,734.5318581973805,743.0235559800092,700.5650670668658,721.7943115234375,6601400,0.0,0.0
2023-10-17 00:00:00+07:00,721.7943129428597,768.4986508391625,717.5484640431958,730.2860107421875,5677000,0.0,0.0
2023-10-18 00:00:00+07:00,730.2860114477962,751.5152559666275,721.7943136402637,734.5318603515625,4986600,0.0,0.0
2023-10-19 00:00:00+07:00,734.5317793626051,743.0234762338491,658.1065075214092,662.3523559570312,16333900,0.0,0.0
2023-10-20 00:00:00+07:00,662.3523616435365,700.5649978922021,658.1065131714626,683.5816040039062,13566400,0.0,0.0
2023-10-23 00:00:00+07:00,687.8275153973351,700.5650619787673,662.3524222344709,692.0733642578125,6434300,0.0,0.0
2023-10-24 00:00:00+07:00,683.5816084428267,704.8108509410512,683.5816084428267,700.5650024414062,1488300,0.0,0.0
2023-10-25 00:00:00+07:00,700.5650088661595,772.7444340220668,700.5650088661595,726.0401000976562,20336500,0.0,0.0
2023-10-26 00:00:00+07:00,738.7777063493899,755.7611018976517,717.5484619140625,717.5484619140625,9673700,0.0,0.0
2023-10-27 00:00:00+07:00,730.2860070873877,734.5318559658028,692.0733671816523,709.0567626953125,4271200,0.0,0.0
2023-10-30 00:00:00+07:00,704.8109060882763,717.5484525838475,645.369022442277,666.5982666015625,12492300,0.0,0.0
2023-10-31 00:00:00+07:00,666.5982703691648,692.073363504292,649.6148749457466,687.8275146484375,5419100,0.0,0.0
2023-11-01 00:00:00+07:00,692.0734221427672,692.0734221427672,653.8607792023689,658.1066284179688,2609500,0.0,0.0
2023-11-02 00:00:00+07:00,658.1065697006032,683.5816627212718,658.1065697006032,670.8441162109375,2646200,0.0,0.0
2023-11-03 00:00:00+07:00,679.3358169367284,709.0567589277102,679.3358169367284,687.8275146484375,5622700,0.0,0.0
2023-11-06 00:00:00+07:00,696.3192221901634,747.2694091796875,692.0733732743697,747.2694091796875,10384900,0.0,0.0
2023-11-07 00:00:00+07:00,755.7611041401708,755.7611041401708,704.8109173442042,730.2860107421875,9937300,0.0,0.0
2023-11-08 00:00:00+07:00,734.5318581973805,738.7777070886949,713.3026137408089,721.7943115234375,2946400,0.0,0.0
2023-11-09 00:00:00+07:00,721.794310801128,730.2860085752588,709.0567641399316,717.5484619140625,2652400,0.0,0.0
2023-11-10 00:00:00+07:00,717.5484574206768,734.5318528625863,683.5816665368578,692.0733642578125,6535200,0.0,0.0
2023-11-13 00:00:00+07:00,692.0733650021438,696.3192138671875,675.0899695419683,696.3192138671875,1766400,0.0,0.0
2023-11-14 00:00:00+07:00,696.3191494201282,704.810846364276,683.5816040039062,683.5816040039062,2670300,0.0,0.0
2023-11-15 00:00:00+07:00,692.0733671816523,709.0567626953125,687.8275183032373,709.0567626953125,5747200,0.0,0.0
2023-11-16 00:00:00+07:00,709.0567027500697,751.5151879446847,709.0567027500697,713.3025512695312,17073900,0.0,0.0
2023-11-17 00:00:00+07:00,713.3025512695312,721.7942483084543,704.8108542306082,713.3025512695312,3265000,0.0,0.0
2023-11-20 00:00:00+07:00,717.5484654218301,738.7777099609375,709.0567676061871,738.7777099609375,5383500,0.0,0.0
2023-11-21 00:00:00+07:00,743.023558159095,755.7611048703938,730.2860114477962,734.5318603515625,6778600,0.0,0.0
2023-11-22 00:00:00+07:00,738.7777048442179,738.7777048442179,700.5650649384825,709.0567626953125,5022200,0.0,0.0
2023-11-23 00:00:00+07:00,713.3026223104508,793.9737522146089,709.0567733681266,776.9903564453125,46917700,0.0,0.0
2023-11-24 00:00:00+07:00,781.236206714527,793.9737535631334,755.7611130173142,785.4820556640625,26336600,0.0,0.0
2023-11-27 00:00:00+07:00,789.7278381347656,827.9404754638672,764.2527465820312,764.2527465820312,39267600,0.0,0.0
2023-11-28 00:00:00+07:00,768.4986558626483,781.2362026449022,743.0235622981406,760.0069580078125,15594400,0.0,0.0
2023-11-29 00:00:00+07:00,760.0069668626538,827.9405504928352,760.0069668626538,819.4488525390625,27907500,0.0,0.0
2023-11-30 00:00:00+07:00,823.6946382372792,832.1863355386944,806.7112436344486,810.9570922851562,13520400,0.0,0.0
2023-12-01 00:00:00+07:00,815.2029399671053,823.6946372584292,793.9736967387952,806.7112426757812,6287200,0.0,0.0
2023-12-04 00:00:00+07:00,806.7113056084036,849.1697953772668,806.7113056084036,819.4488525390625,17152000,0.0,0.0
2023-12-05 00:00:00+07:00,819.4487876286582,827.9404849097842,781.2361498635912,802.4653930664062,8180400,0.0,0.0
2023-12-06 00:00:00+07:00,802.4654494065504,815.2029962225274,772.7445068359375,772.7445068359375,7246200,0.0,0.0
2023-12-07 00:00:00+07:00,772.7445026744496,789.7278983376243,743.0235602638938,747.2694091796875,12007200,0.0,0.0
2023-12-08 00:00:00+07:00,747.2693359375,755.7610329367898,687.8274569424716,700.5650024414062,19535700,0.0,0.0
2023-12-11 00:00:00+07:00,700.5650530363383,713.3025994551809,636.8773209421258,645.3690185546875,23664500,0.0,0.0
2023-12-12 00:00:00+07:00,645.3689622145432,696.3191434420072,615.6480231651893,662.3523559570312,39222400,0.0,0.0
2023-12-13 00:00:00+07:00,670.8441088375629,679.3358064177852,628.3856209364513,632.6314697265625,14541800,0.0,0.0
2023-12-14 00:00:00+07:00,641.1232315555695,666.5983268491683,641.1232315555695,658.1066284179688,7829800,0.0,0.0
2023-12-15 00:00:00+07:00,658.1065657871221,679.3358098447712,649.6148681640625,649.6148681640625,8992800,0.0,0.0
2023-12-18 00:00:00+07:00,653.8607145182292,658.1065633138021,628.3856217447917,636.8773193359375,7391000,0.0,0.0
2023-12-19 00:00:00+07:00,628.3856839087701,658.1066284179688,628.3856839087701,658.1066284179688,3315500,0.0,0.0
2023-12-20 00:00:00+07:00,658.1065697006032,687.8275115580499,653.8607208638251,670.8441162109375,11238900,0.0,0.0
2023-12-21 00:00:00+07:00,670.8441154334196,687.8275107608479,658.1065689378484,666.5982666015625,9302300,0.0,0.0
2023-12-22 00:00:00+07:00,662.3524137798108,670.8441113923725,645.3690185546875,645.3690185546875,6185900,0.0,0.0
2023-12-27 00:00:00+07:00,645.369022442277,675.0899642652766,645.369022442277,666.5982666015625,4462800,0.0,0.0
2023-12-28 00:00:00+07:00,675.0899059295654,679.3357543945312,658.1065120697021,679.3357543945312,5473700,0.0,0.0
2023-12-29 00:00:00+07:00,683.5816627212718,692.073360394828,670.8441162109375,670.8441162109375,5747900,0.0,0.0
2024-01-02 00:00:00+07:00,670.8440640001412,709.0567005571113,670.8440640001412,704.8108520507812,12301000,0.0,0.0
2024-01-03 00:00:00+07:00,709.0567676061871,738.7777099609375,696.3192208827227,738.7777099609375,16929300,0.0,0.0
2024-01-04 00:00:00+07:00,755.7610493977865,776.9902923583985,721.7942606608074,764.2527465820312,24149000,0.0,0.0
2024-01-05 00:00:00+07:00,764.2527369449012,764.2527369449012,726.0401000976562,726.0401000976562,13730200,0.0,0.0
2024-01-08 00:00:00+07:00,730.2860121452945,764.2528034078664,726.040163237473,738.7777099609375,7874300,0.0,0.0
2024-01-09 00:00:00+07:00,743.0235602638938,768.4986537586559,717.5484667691318,747.2694091796875,21702300,0.0,0.0
2024-01-10 00:00:00+07:00,747.2693470982142,760.0068927873883,721.7942557198661,743.0234985351562,6161500,0.0,0.0
2024-01-11 00:00:00+07:00,747.269406340843,751.5152552405069,726.0401618425236,730.2860107421875,5256900,0.0,0.0
2024-01-12 00:00:00+07:00,730.2860047875381,738.7777025176258,692.0733650021438,696.3192138671875,10206400,0.0,0.0
2024-01-15 00:00:00+07:00,713.3026093273628,713.3026093273628,696.3192138671875,696.3192138671875,5590600,0.0,0.0
2024-01-16 00:00:00+07:00,704.8109108392447,709.0567596997221,683.5816665368578,692.0733642578125,4042200,0.0,0.0
2024-01-17 00:00:00+07:00,692.0732986162293,696.3191470739977,666.5982078696196,675.0899047851562,6865500,0.0,0.0
2024-01-18 00:00:00+07:00,675.0899070597584,700.5649978922021,670.8440585876845,683.5816040039062,9641100,0.0,0.0
2024-01-19 00:00:00+07:00,683.5816627212718,687.8275115580499,662.3524185373814,670.8441162109375,10534600,0.0,0.0
2024-01-22 00:00:00+07:00,675.0899650477156,679.3358138844937,666.5982673741594,670.8441162109375,2685100,0.0,0.0
2024-01-23 00:00:00+07:00,670.8440528282752,679.3357496995192,662.3523559570312,662.3523559570312,3765200,0.0,0.0
2024-01-24 00:00:00+07:00,662.352414598652,670.8441122217116,645.3690193525327,649.6148681640625,5046000,0.0,0.0
2024-01-25 00:00:00+07:00,645.3690807711694,666.5983268491683,645.3690807711694,658.1066284179688,5101700,0.0,0.0
2024-01-26 00:00:00+07:00,658.1065607395302,658.1065607395302,624.1397705078125,624.1397705078125,12263500,0.0,0.0
2024-01-29 00:00:00+07:00,624.1398311249197,636.8773786988977,611.4022835509418,619.8939819335938,5195700,0.0,0.0
2024-01-30 00:00:00+07:00,619.8939819335938,628.3856803162457,594.4188867856378,619.8939819335938,10045700,0.0,0.0
2024-01-31 00:00:00+07:00,619.8938586004849,641.1231003333783,615.6480102539062,615.6480102539062,7149500,0.0,0.0
2024-02-01 00:00:00+07:00,615.6480669294085,619.8939156668528,590.1729745047434,594.4188232421875,17605400,0.0,0.0
2024-02-02 00:00:00+07:00,598.664675394694,615.6480704413519,598.664675394694,611.4022216796875,6381900,0.0,0.0
2024-02-05 00:00:00+07:00,615.6481327422678,632.6315295075717,611.4022835509418,619.8939819335938,5468400,0.0,0.0
2024-02-06 00:00:00+07:00,624.1398298356917,628.3856790182474,607.1564331054688,607.1564331054688,5068600,0.0,0.0
2024-02-07 00:00:00+07:00,607.1564331054688,615.6481314705802,602.910583922913,607.1564331054688,1731000,0.0,0.0
2024-02-12 00:00:00+07:00,607.1563694545201,611.4022181919643,585.9271257672991,594.4188232421875,10709500,0.0,0.0
2024-02-13 00:00:00+07:00,598.6646692874657,598.6646692874657,581.6812744140625,581.6812744140625,10480000,0.0,0.0
2024-02-15 00:00:00+07:00,585.9271266206782,602.9105215951906,585.9271266206782,598.6646728515625,10306600,0.0,0.0
2024-02-16 00:00:00+07:00,594.4188232421875,611.4022181919643,590.1729745047434,594.4188232421875,8911300,0.0,0.0
2024-02-19 00:00:00+07:00,594.4188223639837,598.6646710951551,581.6812761704698,590.1729736328125,4272500,0.0,0.0
2024-02-20 00:00:00+07:00,590.1729736328125,598.6646710951551,585.9271249016412,590.1729736328125,4107100,0.0,0.0
2024-02-21 00:00:00+07:00,598.6646728515625,602.9105215951906,594.4188241079344,598.6646728515625,4051400,0.0,0.0
2024-02-22 00:00:00+07:00,602.9105289713542,645.3690169270834,598.6646801757813,636.8773193359375,33625200,0.0,0.0
2024-02-23 00:00:00+07:00,649.6148631816008,649.6148631816008,624.1397705078125,624.1397705078125,6766600,0.0,0.0
2024-02-26 00:00:00+07:00,624.1397069470636,628.3855552936423,615.6480102539062,615.6480102539062,4014200,0.0,0.0
2024-02-27 00:00:00+07:00,619.8939827583931,628.3856811523438,602.910585970492,628.3856811523438,10823600,0.0,0.0
2024-02-28 00:00:00+07:00,632.6315295075717,645.3690770815497,619.8939819335938,619.8939819335938,11320300,0.0,0.0
2024-02-29 00:00:00+07:00,619.8939217288478,636.8773168447067,615.648072949883,624.1397705078125,4020700,0.0,0.0
2024-03-01 00:00:00+07:00,628.3855552936423,632.6314036402209,615.6480102539062,615.6480102539062,3781200,0.0,0.0
2024-03-04 00:00:00+07:00,615.6480102539062,624.1397069470636,611.4021619073276,615.6480102539062,3695600,0.0,0.0
2024-03-05 00:00:00+07:00,615.6480704413519,619.8939192030165,611.4022216796875,611.4022216796875,3175000,0.0,0.0
2024-03-06 00:00:00+07:00,611.4022288602941,653.8607169755924,611.4022288602941,649.6148681640625,21097400,0.0,0.0
2024-03-07 00:00:00+07:00,645.369023190269,692.073360394828,636.8773255167129,670.8441162109375,33693300,0.0,0.0
2024-03-08 00:00:00+07:00,675.0899070597584,696.3191494201282,662.3523616435365,683.5816040039062,19580400,0.0,0.0
2024-03-13 00:00:00+07:00,683.581602859497,696.3191482543945,675.0899059295654,679.3357543945312,12681200,0.0,0.0
2024-03-14 00:00:00+07:00,679.3357496995192,683.5815981351412,662.3523559570312,662.3523559570312,5409300,0.0,0.0
2024-03-15 00:00:00+07:00,662.3523659446023,709.056699440696,662.3523659446023,700.5650024414062,30627800,0.0,0.0
2024-03-18 00:00:00+07:00,704.8109100718557,726.0401543511285,687.8275146484375,687.8275146484375,29512400,0.0,0.0
2024-03-19 00:00:00+07:00,687.8274580254613,713.3025490634413,683.5816095191312,704.8108520507812,7679700,0.0,0.0
2024-03-20 00:00:00+07:00,704.8109100718557,709.0567589277102,683.581665792583,687.8275146484375,5527800,0.0,0.0
2024-03-21 00:00:00+07:00,696.3192131182899,704.8109108392447,641.123177932084,692.0733642578125,35272100,0.0,0.0
2024-03-22 00:00:00+07:00,692.0733671816523,713.3026115737275,683.5816694248223,709.0567626953125,9729300,0.0,0.0
2024-03-25 00:00:00+07:00,743.0235537226329,743.0235537226329,704.8109138168975,709.0567626953125,19085600,0.0,0.0
2024-03-26 00:00:00+07:00,717.5483975697713,717.5483975697713,687.8274580254613,704.8108520507812,10329500,0.0,0.0
2024-03-27 00:00:00+07:00,704.8109069051623,704.8109069051623,666.5982673741594,670.8441162109375,12043300,0.0,0.0
2024-03-28 00:00:00+07:00,670.8441760647681,679.3358744959678,653.8607792023689,658.1066284179688,9558100,0.0,0.0
2024-04-01 00:00:00+07:00,658.1065665901481,670.84411304028,645.3690201400162,653.8607177734375,7755100,0.0,0.0
2024-04-02 00:00:00+07:00,662.3524177697054,670.8441154334196,653.8607201059912,666.5982666015625,4580100,0.0,0.0
2024-04-03 00:00:00+07:00,675.090025280368,675.090025280368,658.1066284179688,658.1066284179688,3542900,0.0,0.0
2024-04-04 00:00:00+07:00,658.1065174449574,709.056699440696,653.8606689453125,700.5650024414062,25205500,0.0,0.0
2024-04-05 00:00:00+07:00,700.5650612160011,713.3026077835649,687.8275146484375,687.8275146484375,5879900,0.0,0.0
2024-04-16 00:00:00+07:00,679.3358169367284,696.3192123601466,649.6148749457466,687.8275146484375,10797400,0.0,0.0
2024-04-17 00:00:00+07:00,687.8275729271674,692.0734221427672,653.8607792023689,658.1066284179688,6883100,0.0,0.0
2024-04-18 00:00:00+07:00,658.1065689378484,679.3358130971337,649.6148712741341,666.5982666015625,9039700,0.0,0.0
2024-04-19 00:00:00+07:00,666.5982625860917,670.8441113923725,602.9105304918791,645.3690185546875,15489100,0.0,0.0
2024-04-22 00:00:00+07:00,645.3690779402449,645.3690779402449,628.3856811523438,628.3856811523438,3091700,0.0,0.0
2024-04-23 00:00:00+07:00,628.3856823649628,649.6149283908061,628.3856823649628,641.1232299804688,3099300,0.0,0.0
2024-04-24 00:00:00+07:00,641.1231681315104,649.6148657226563,636.8773193359375,636.8773193359375,1741500,0.0,0.0
2024-04-25 00:00:00+07:00,636.8773795462943,641.1232287432696,624.1398319553684,628.3856811523438,1517000,0.0,0.0
2024-04-26 00:00:00+07:00,628.3856209364513,636.8773185166737,619.893923356229,632.6314697265625,1652800,0.0,0.0
2024-04-29 00:00:00+07:00,636.8773786988977,641.1232278902237,611.4022835509418,619.8939819335938,8925400,0.0,0.0
2024-04-30 00:00:00+07:00,628.3856839087701,662.3524776335686,624.1398346931703,658.1066284179688,14677000,0.0,0.0
2024-05-02 00:00:00+07:00,662.3524137798108,662.3524137798108,641.1231697484067,645.3690185546875,4052400,0.0,0.0
2024-05-03 00:00:00+07:00,658.1065689378484,675.0899642652766,645.369022442277,666.5982666015625,19823400,0.0,0.0
2024-05-06 00:00:00+07:00,670.8441199554256,704.8109108392447,670.8441199554256,692.0733642578125,18895000,0.0,0.0
2024-05-07 00:00:00+07:00,692.073360394828,700.5650580683841,662.3524185373814,670.8441162109375,5483500,0.0,0.0
2024-05-08 00:00:00+07:00,675.090025280368,683.5817237115675,658.1066284179688,658.1066284179688,3750900,0.0,0.0
2024-05-13 00:00:00+07:00,662.3524177697054,675.0899642652766,658.1065689378484,666.5982666015625,1900800,0.0,0.0
2024-05-14 00:00:00+07:00,666.5982101156104,692.0733009480542,666.5982101156104,683.5816040039062,11186400,0.0,0.0
2024-05-15 00:00:00+07:00,687.8275146484375,692.073363504292,675.0899680808739,687.8275146484375,7232200,0.0,0.0
2024-05-16 00:00:00+07:00,687.8274601527622,717.5483997889927,687.8274601527622,713.3025512695312,23100900,0.0,0.0
2024-05-17 00:00:00+07:00,713.3025490634413,717.5483975697713,696.3191550381213,704.8108520507812,5687000,0.0,0.0
2024-05-20 00:00:00+07:00,704.8109108392447,709.0567596997221,687.8275153973351,692.0733642578125,8617500,0.0,0.0
2024-05-21 00:00:00+07:00,692.0732997894287,700.5649967193604,679.3357543945312,679.3357543945312,6269200,0.0,0.0
2024-05-22 00:00:00+07:00,679.3358138844937,683.5816627212718,666.5982673741594,670.8441162109375,4909400,0.0,0.0
2024-05-27 00:00:00+07:00,675.0899601986533,675.0899601986533,641.1231697484067,645.3690185546875,9318600,0.0,0.0
2024-05-28 00:00:00+07:00,636.8773823399698,666.5983268491683,636.8773823399698,658.1066284179688,11846700,0.0,0.0
2024-05-29 00:00:00+07:00,658.1065665901481,662.3524154068588,641.1231713233055,653.8607177734375,5602700,0.0,0.0
2024-05-30 00:00:00+07:00,653.8607775959748,653.8607775959748,628.3856823649628,641.1232299804688,4057500,0.0,0.0
2024-05-31 00:00:00+07:00,641.1232278902237,645.3690770815497,619.8939819335938,619.8939819335938,5788300,0.0,0.0
2024-06-03 00:00:00+07:00,624.1397069470636,632.6314036402209,602.9104652141702,615.6480102539062,7314600,0.0,0.0
2024-06-04 00:00:00+07:00,615.6481335614178,649.6149271372202,611.4022843644425,628.3856811523438,11472700,0.0,0.0
2024-06-05 00:00:00+07:00,628.3855552936423,641.1231003333783,615.6480102539062,615.6480102539062,6673100,0.0,0.0
2024-06-06 00:00:00+07:00,611.4022835509418,628.3856803162457,611.4022835509418,619.8939819335938,3046200,0.0,0.0
2024-06-07 00:00:00+07:00,624.1398331597941,641.1232299804688,624.1398331597941,641.1232299804688,5518500,0.0,0.0
2024-06-10 00:00:00+07:00,641.1231673067848,645.369016096896,628.3856209364513,632.6314697265625,7338800,0.0,0.0
2024-06-11 00:00:00+07:00,632.6314697265625,653.8607136771183,628.3856209364513,632.6314697265625,14869800,0.0,0.0
2024-06-12 00:00:00+07:00,632.6314637090119,636.8773124587368,598.6646737112126,602.9105224609375,10276400,0.0,0.0
2024-06-13 00:00:00+07:00,607.1564331054688,619.8939806531359,602.910583922913,607.1564331054688,2953500,0.0,0.0
2024-06-14 00:00:00+07:00,611.4021526834239,615.6480009659476,581.6812147057575,585.9270629882812,11611300,0.0,0.0
2024-06-19 00:00:00+07:00,585.9271165114183,594.4188138521635,522.2393864558293,551.9603271484375,19872500,0.0,0.0
2024-06-20 00:00:00+07:00,543.468632518797,564.6978759765625,543.468632518797,564.6978759765625,3968600,0.0,0.0
2024-06-21 00:00:00+07:00,568.9437875186695,594.4188824821921,560.4520891974954,577.4354858398438,9837800,0.0,0.0
2024-06-24 00:00:00+07:00,577.435423900463,590.1729700159143,568.943726490162,573.1895751953125,5004600,0.0,0.0
2024-06-25 00:00:00+07:00,573.1895714679747,581.6812688230558,547.7144794027314,556.2061767578125,7931300,0.0,0.0
2024-06-26 00:00:00+07:00,556.2061719137524,560.4520205543155,526.4852314298115,534.9769287109375,21489500,0.0,0.0
2024-06-27 00:00:00+07:00,543.4686229674796,547.7144715844131,517.993531265879,522.2393798828125,12698800,0.0,0.0
2024-06-28 00:00:00+07:00,522.2394433021545,556.2062363624573,522.2394433021545,543.4686889648438,18079800,0.0,0.0
2024-07-01 00:00:00+07:00,551.9603872299194,560.4520854949951,534.9769906997681,543.4686889648438,26187300,0.0,0.0
2024-07-02 00:00:00+07:00,543.468688484252,551.9603867418184,539.2228393554688,539.2228393554688,14100600,0.0,0.0
2024-07-03 00:00:00+07:00,543.4686925551471,577.4354858398438,539.22284339456,577.4354858398438,28963400,0.0,0.0
2024-07-04 00:00:00+07:00,581.6812744140625,585.9271231324133,568.94372825901,581.6812744140625,19817300,0.0,0.0
2024-07-05 00:00:00+07:00,599.1755024794991,629.7903091755319,581.6813272246231,616.669677734375,17366900,20.0,0.0
2024-07-08 00:00:00+07:00,625.416748046875,634.1638354321459,612.2961169689685,625.416748046875,6067300,0.0,0.0
2024-07-09 00:00:00+07:00,629.790283203125,642.9109141031901,621.0431959364149,629.790283203125,9449500,0.0,0.0
2024-07-10 00:00:00+07:00,629.7902917395105,638.5373791247814,621.0432043542395,625.416748046875,4695500,0.0,0.0
2024-07-11 00:00:00+07:00,621.0432215480939,634.1638529892508,612.296133920656,616.669677734375,8398900,0.0,0.0
2024-07-12 00:00:00+07:00,616.6695847083782,642.9108436321391,616.6695847083782,634.1637573242188,9957500,0.0,0.0
2024-07-15 00:00:00+07:00,642.9108436321391,642.9108436321391,629.7902141702587,634.1637573242188,2877900,0.0,0.0
2024-07-16 00:00:00+07:00,638.5373479669744,673.5256958007812,634.1638044877485,673.5256958007812,27027800,0.0,0.0
2024-07-17 00:00:00+07:00,682.2727661132812,686.6463094858022,660.4050492506761,682.2727661132812,14756100,0.0,0.0
2024-07-18 00:00:00+07:00,682.2728185957404,704.1405371404758,673.5257311778463,686.6463623046875,15608200,0.0,0.0
2024-07-19 00:00:00+07:00,686.6463262384588,691.0198697176846,664.7786088423295,673.5256958007812,5361800,0.0,0.0
2024-07-22 00:00:00+07:00,673.525655494546,695.3933715820312,673.525655494546,695.3933715820312,4654300,0.0,0.0
2024-07-23 00:00:00+07:00,695.3934497225816,699.7669934315287,673.5257311778463,686.6463623046875,3563100,0.0,0.0
2024-07-24 00:00:00+07:00,686.6462694251019,712.8875281292459,677.8991831903872,704.1404418945312,14544900,0.0,0.0
2024-07-25 00:00:00+07:00,704.1405001553621,708.514043634588,669.1521523215554,673.5256958007812,12299100,0.0,0.0
2024-07-26 00:00:00+07:00,673.5257481728831,686.6463796307964,673.5257481728831,677.8992919921875,4415600,0.0,0.0
2024-07-29 00:00:00+07:00,682.2727340698242,712.887536239624,682.2727340698242,699.7669067382812,12954100,0.0,0.0
2024-07-30 00:00:00+07:00,712.8876245583698,726.008255685211,677.8992748867934,686.6463623046875,10699200,0.0,0.0
2024-07-31 00:00:00+07:00,686.6463974098754,691.0199413424224,664.7786777471405,669.1522216796875,5982400,0.0,0.0
2024-08-01 00:00:00+07:00,669.15216907702,682.272799843236,656.0315383108039,664.7786254882812,6855000,0.0,0.0
2024-08-02 00:00:00+07:00,664.7786339766143,669.1521776211972,647.2844593982823,660.4050903320312,5473100,0.0,0.0
2024-08-05 00:00:00+07:00,660.405106665383,660.405106665383,607.9225816323724,621.043212890625,15908400,0.0,0.0
2024-08-06 00:00:00+07:00,621.0431959364149,634.1638268364801,607.9225650363499,629.790283203125,9341300,0.0,0.0
2024-08-07 00:00:00+07:00,634.1637855888213,656.0315023332635,629.7902422399329,651.657958984375,6199800,0.0,0.0
2024-08-08 00:00:00+07:00,651.6579299400593,656.0314730940194,634.1637573242188,634.1637573242188,4622600,0.0,0.0
2024-08-09 00:00:00+07:00,638.537345211522,656.0315190529336,638.537345211522,642.910888671875,3195100,0.0,0.0
2024-08-12 00:00:00+07:00,642.910888671875,651.6579755925808,638.537345211522,642.910888671875,1995200,0.0,0.0
2024-08-13 00:00:00+07:00,642.9109075445878,664.7786254882812,638.5373639558491,664.7786254882812,8850100,0.0,0.0
2024-08-14 00:00:00+07:00,664.7786254882812,673.5257126657586,660.4050818995426,664.7786254882812,6722300,0.0,0.0
2024-08-15 00:00:00+07:00,664.7786777471405,677.8993095447814,656.0315898820465,669.1522216796875,6487600,0.0,0.0
2024-08-16 00:00:00+07:00,673.5257126657586,682.272799843236,660.4050818995426,664.7786254882812,7101100,0.0,0.0
2024-08-19 00:00:00+07:00,664.7786339766143,669.1521776211972,656.0315466874482,660.4050903320312,2805300,0.0,0.0
2024-08-20 00:00:00+07:00,664.7786088423295,682.2727827592329,660.4050653631036,673.5256958007812,7416700,0.0,0.0
2024-08-21 00:00:00+07:00,677.8993095447814,677.8993095447814,664.7786777471405,669.1522216796875,5090600,0.0,0.0
2024-08-22 00:00:00+07:00,669.1522220977365,673.5257660330159,638.5374145507812,638.5374145507812,8518300,0.0,0.0
2024-08-23 00:00:00+07:00,647.2844593982823,660.4050903320312,638.5373721091163,660.4050903320312,11109200,0.0,0.0
2024-08-26 00:00:00+07:00,664.778642578125,664.778642578125,651.6580114746093,656.0315551757812,4901900,0.0,0.0
2024-08-27 00:00:00+07:00,660.405098876953,669.1521862792969,638.5373803710937,656.0315551757812,7447700,0.0,0.0
2024-08-28 00:00:00+07:00,651.6580030428653,669.1521776211972,647.2844593982823,660.4050903320312,13269000,0.0,0.0
2024-08-29 00:00:00+07:00,664.7786339766143,669.1521776211972,656.0315466874482,660.4050903320312,4436800,0.0,0.0
2024-08-30 00:00:00+07:00,660.4051163132126,669.1522039465002,642.9109410466375,647.2844848632812,6916600,0.0,0.0
2024-09-02 00:00:00+07:00,647.2844156354865,656.0315023332635,642.9108722865982,651.657958984375,3197100,0.0,0.0
2024-09-03 00:00:00+07:00,656.0315190529336,656.0315190529336,642.910888671875,642.910888671875,2184200,0.0,0.0
2024-09-04 00:00:00+07:00,642.9109141031901,642.9109141031901,625.41673956977,629.790283203125,6162100,0.0,0.0
2024-09-05 00:00:00+07:00,634.1637573242188,638.5373004781788,629.7902141702587,634.1637573242188,1813700,0.0,0.0
2024-09-06 00:00:00+07:00,638.5373791247814,642.9109228174169,621.0432043542395,625.416748046875,5687700,0.0,0.0
2024-09-09 00:00:00+07:00,629.7902917395105,634.1638354321459,625.416748046875,625.416748046875,3600200,0.0,0.0
2024-09-10 00:00:00+07:00,629.790283203125,634.1638268364801,621.0431959364149,629.790283203125,1764400,0.0,0.0
2024-09-11 00:00:00+07:00,629.7902917395105,634.1638354321459,621.0432043542395,625.416748046875,3103900,0.0,0.0
2024-09-12 00:00:00+07:00,625.4166710162986,634.1637573242188,621.0431278623383,634.1637573242188,3000900,0.0,0.0
2024-09-13 00:00:00+07:00,638.5373004781788,638.5373004781788,625.4166710162986,634.1637573242188,3446100,0.0,0.0
2024-09-17 00:00:00+07:00,634.1638268364801,634.1638268364801,625.41673956977,629.790283203125,2834900,0.0,0.0
2024-09-18 00:00:00+07:00,629.790309596706,656.0315724965689,625.4167657800623,647.2844848632812,10600200,0.0,0.0
2024-09-19 00:00:00+07:00,647.2844848632812,651.6580286799251,642.9109410466375,647.2844848632812,3887400,0.0,0.0
2024-09-20 00:00:00+07:00,647.2844321322278,660.4050625132866,638.537345211522,642.910888671875,2762600,0.0,0.0
2024-09-23 00:00:00+07:00,642.9109240722656,660.405098876953,642.9109240722656,656.0315551757812,7302500,0.0,0.0
2024-09-24 00:00:00+07:00,660.4050456821518,664.7785890310403,647.2844156354865,651.657958984375,3827400,0.0,0.0
2024-09-25 00:00:00+07:00,651.6579755925808,656.0315190529336,638.537345211522,642.910888671875,3139200,0.0,0.0
2024-09-26 00:00:00+07:00,642.9109240722656,656.0315551757812,638.5373803710937,656.0315551757812,2613300,0.0,0.0
2024-09-27 00:00:00+07:00,656.0315023332635,656.0315023332635,642.9108722865982,651.657958984375,2755900,0.0,0.0
2024-09-30 00:00:00+07:00,651.6580286799251,656.0315724965689,642.9109410466375,647.2844848632812,3391300,0.0,0.0
2024-10-01 00:00:00+07:00,647.284419133113,691.0198528583234,647.284419133113,682.2727661132812,36825100,0.0,0.0
2024-10-02 00:00:00+07:00,669.1521323799287,691.0198491243708,647.2844156354865,651.657958984375,25711300,0.0,0.0
2024-10-03 00:00:00+07:00,656.0315724965689,656.0315724965689,642.9109410466375,647.2844848632812,5097700,0.0,0.0
2024-10-04 00:00:00+07:00,647.2844321322278,651.6579755925808,642.910888671875,642.910888671875,4545600,0.0,0.0
2024-10-07 00:00:00+07:00,642.9108722865982,656.0315023332635,642.9108722865982,651.657958984375,3369900,0.0,0.0
2024-10-08 00:00:00+07:00,651.657958984375,656.0315023332635,642.9108722865982,651.657958984375,3951700,0.0,0.0
2024-10-09 00:00:00+07:00,651.6580286799251,656.0315724965689,642.9109410466375,647.2844848632812,6684200,0.0,0.0
2024-10-10 00:00:00+07:00,642.9109157536993,669.1521776211972,642.9109157536993,660.4050903320312,14432200,0.0,0.0
2024-10-11 00:00:00+07:00,660.4050903320312,664.7786339766143,651.6580030428653,660.4050903320312,10913600,0.0,0.0
2024-10-14 00:00:00+07:00,664.7786777471405,677.8993095447814,660.4051338145936,669.1522216796875,13134600,0.0,0.0
2024-10-15 00:00:00+07:00,669.1522216796875,677.8993095447814,664.7786777471405,669.1522216796875,3625200,0.0,0.0
2024-10-16 00:00:00+07:00,586.054886961295,673.5257656122345,586.054886961295,669.1522216796875,4300300,0.0,0.0
2024-10-17 00:00:00+07:00,669.1522043535787,677.8992919921875,660.4051167149698,677.8992919921875,6636600,0.0,0.0
2024-10-18 00:00:00+07:00,677.8992919921875,691.0199234501008,673.5257481728831,677.8992919921875,15604100,0.0,0.0
2024-10-21 00:00:00+07:00,686.6462931572637,691.0198364257812,669.1521200831933,691.0198364257812,7168800,0.0,0.0
2024-10-22 00:00:00+07:00,691.0198283645342,704.1404580170254,682.2727419295401,695.3933715820312,20012600,0.0,0.0
2024-10-23 00:00:00+07:00,695.393363571167,717.2610794067383,686.6462772369384,699.7669067382812,17034000,0.0,0.0
2024-10-24 00:00:00+07:00,704.1405371404758,708.5140808494227,677.8992748867934,686.6463623046875,14693400,0.0,0.0
2024-10-25 00:00:00+07:00,686.6463623046875,704.1405371404758,669.1521874688992,686.6463623046875,10425700,0.0,0.0
2024-10-28 00:00:00+07:00,686.6463623046875,699.7669934315287,664.7786437599523,686.6463623046875,7909700,0.0,0.0
2024-10-29 00:00:00+07:00,721.6347301852319,721.6347301852319,677.8992919921875,677.8992919921875,33873000,0.0,0.0
2024-10-30 00:00:00+07:00,691.0198697176846,695.3934131969105,669.1521523215554,673.5256958007812,13302000,0.0,0.0
2024-10-31 00:00:00+07:00,682.272835811492,686.6463796307964,669.1522043535787,677.8992919921875,6727900,0.0,0.0
2024-11-01 00:00:00+07:00,677.8992190777055,682.272762426594,647.2844156354865,651.657958984375,14495200,0.0,0.0
2024-11-04 00:00:00+07:00,651.6580013699001,656.0315450032552,625.41673956977,629.790283203125,8685000,0.0,0.0
2024-11-05 00:00:00+07:00,629.7902917395105,634.1638354321459,621.0432043542395,625.416748046875,11352300,0.0,0.0
2024-11-06 00:00:00+07:00,625.4166710162986,647.2843867860992,625.4166710162986,634.1637573242188,7268700,0.0,0.0
2024-11-07 00:00:00+07:00,638.537345211522,656.0315190529336,638.537345211522,642.910888671875,10509100,0.0,0.0
2024-11-08 00:00:00+07:00,642.9108436321391,651.6579299400593,629.7902141702587,634.1637573242188,4792800,0.0,0.0
2024-11-11 00:00:00+07:00,638.5374145507812,642.9109584860606,625.4167827449432,638.5374145507812,4065100,0.0,0.0
2024-11-12 00:00:00+07:00,634.1638203671104,669.15216907702,634.1638203671104,664.7786254882812,7135400,0.0,0.0
2024-11-13 00:00:00+07:00,664.778642578125,664.778642578125,651.6580114746093,656.0315551757812,3941200,0.0,0.0
2024-11-14 00:00:00+07:00,656.0315724965689,660.4051163132126,647.2844848632812,647.2844848632812,6019200,0.0,0.0
2024-11-15 00:00:00+07:00,651.7794189453125,656.2744494207974,633.7992970433728,651.7794189453125,10025900,20.0,0.0
2024-11-18 00:00:00+07:00,656.2745361328125,665.2645982716182,642.789442924604,656.2745361328125,5069400,0.0,0.0
2024-11-19 00:00:00+07:00,651.7794906509506,656.2745216209572,642.7894287109375,642.7894287109375,3483400,0.0,0.0
2024-11-20 00:00:00+07:00,642.7893579943426,656.2744494207974,642.7893579943426,651.7794189453125,2751900,0.0,0.0
2024-11-21 00:00:00+07:00,651.7794906509506,651.7794906509506,642.7894287109375,642.7894287109375,969000,0.0,0.0
2024-11-22 00:00:00+07:00,642.7893931070964,651.7794545491537,642.7893931070964,647.284423828125,1398700,0.0,0.0
2024-11-25 00:00:00+07:00,647.2844596809441,651.7794906509506,638.294397740931,642.7894287109375,3451900,0.0,0.0
2024-11-26 00:00:00+07:00,642.7894033512599,647.2844341439261,633.7993417659276,638.2943725585938,2144900,0.0,0.0
2024-11-28 00:00:00+07:00,638.29440848709,642.7894395327737,633.7993774414062,633.7993774414062,1398200,0.0,0.0
2024-11-29 00:00:00+07:00,629.3043009440105,651.7794545491537,629.3043009440105,647.284423828125,4048000,0.0,0.0
2024-12-02 00:00:00+07:00,647.2844705784574,651.7795016241412,629.3043463957225,633.7993774414062,3001100,0.0,0.0
2024-12-03 00:00:00+07:00,633.7993417659276,642.7894033512599,629.3043109732614,638.2943725585938,3867200,0.0,0.0
2024-12-04 00:00:00+07:00,638.2943623860677,651.7794545491537,633.7993316650391,647.284423828125,3010000,0.0,0.0
2024-12-05 00:00:00+07:00,647.2844596809441,651.7794906509506,638.294397740931,642.7894287109375,1202400,0.0,0.0
2024-12-06 00:00:00+07:00,647.2844596809441,656.2745216209572,642.7894287109375,642.7894287109375,3221500,0.0,0.0
2024-12-09 00:00:00+07:00,642.789442924604,674.2546604104239,642.789442924604,656.2745361328125,8214100,0.0,0.0
2024-12-10 00:00:00+07:00,669.759629341021,669.759629341021,651.7795050634097,656.2745361328125,2676600,0.0,0.0
2024-12-11 00:00:00+07:00,656.2745216209572,669.7596145309768,642.7894287109375,642.7894287109375,4639200,0.0,0.0
2024-12-12 00:00:00+07:00,642.7894287109375,651.7794906509506,638.294397740931,642.7894287109375,3466600,0.0,0.0
2024-12-13 00:00:00+07:00,642.7894033512599,647.2844341439261,638.2943725585938,638.2943725585938,1226900,0.0,0.0
2024-12-16 00:00:00+07:00,638.2943676579608,642.7893984161154,615.8192138671875,615.8192138671875,7555300,0.0,0.0
2024-12-17 00:00:00+07:00,615.8192497702206,638.2944048713235,579.8590016084559,611.32421875,15860100,0.0,0.0
2024-12-18 00:00:00+07:00,611.32421875,615.8192497702206,602.3341567095589,611.32421875,1208800,0.0,0.0
2024-12-19 00:00:00+07:00,606.8291211310234,606.8291211310234,588.8489990234375,588.8489990234375,3766700,0.0,0.0
2024-12-20 00:00:00+07:00,588.8490244547527,597.8390858968099,584.353993733724,593.3440551757812,2672600,0.0,0.0
2024-12-23 00:00:00+07:00,593.3440198396382,615.8191721062911,593.3440198396382,597.8390502929688,2447300,0.0,0.0
2024-12-24 00:00:00+07:00,597.8390758001982,611.3241677355411,593.3440451550839,602.3341064453125,1811900,0.0,0.0
2024-12-27 00:00:00+07:00,620.3142290257696,620.3142290257696,597.8390758001982,602.3341064453125,801700,0.0,0.0
2024-12-30 00:00:00+07:00,602.3340869848279,620.314208984375,588.8489954851675,620.314208984375,2016600,0.0,0.0
2025-01-02 00:00:00+07:00,620.3142446253422,620.3142446253422,606.8291523508782,615.8192138671875,1314400,0.0,0.0
2025-01-03 00:00:00+07:00,620.3142807904412,624.8093118106618,606.8291877297794,611.32421875,1947400,0.0,0.0
2025-01-06 00:00:00+07:00,611.3241416529605,611.3241416529605,593.3440198396382,597.8390502929688,3221700,0.0,0.0
2025-01-07 00:00:00+07:00,597.8390858968099,606.8291473388672,588.8490244547527,593.3440551757812,2446600,0.0,0.0
2025-01-08 00:00:00+07:00,597.8391009295428,606.8291625976562,588.8490392614294,606.8291625976562,4437900,0.0,0.0
2025-01-09 00:00:00+07:00,606.8291473388672,606.8291473388672,593.3440551757812,593.3440551757812,1144400,0.0,0.0
2025-01-10 00:00:00+07:00,593.3440551757812,602.3341166178386,584.353993733724,593.3440551757812,2487600,0.0,0.0
2025-01-13 00:00:00+07:00,588.8489990234375,593.344029550334,584.353968496541,588.8489990234375,1473100,0.0,0.0
2025-01-14 00:00:00+07:00,584.353968496541,593.344029550334,579.8589379696446,588.8489990234375,2238600,0.0,0.0
2025-01-15 00:00:00+07:00,588.8490244547527,597.8390858968099,584.353993733724,593.3440551757812,2209600,0.0,0.0
2025-01-16 00:00:00+07:00,593.3440946691177,611.32421875,584.3540326286765,611.32421875,4216400,0.0,0.0
2025-01-17 00:00:00+07:00,611.3241780598959,611.3241780598959,588.8490244547527,593.3440551757812,1222900,0.0,0.0
2025-01-20 00:00:00+07:00,593.3440551757812,602.3341166178386,588.8490244547527,593.3440551757812,2498900,0.0,0.0
2025-01-21 00:00:00+07:00,593.3440198396382,597.8390502929688,588.8489893863076,597.8390502929688,4927600,0.0,0.0
2025-01-22 00:00:00+07:00,597.8390858968099,602.3341166178386,588.8490244547527,593.3440551757812,1101600,0.0,0.0
2025-01-23 00:00:00+07:00,593.344029550334,597.8390600772304,584.353968496541,588.8489990234375,3089300,0.0,0.0
2025-01-24 00:00:00+07:00,588.8489990234375,593.344029550334,588.8489990234375,588.8489990234375,1308200,0.0,0.0
2025-01-30 00:00:00+07:00,584.353968496541,593.344029550334,584.353968496541,588.8489990234375,1592400,0.0,0.0
2025-01-31 00:00:00+07:00,588.8490392614294,615.8192242657697,584.3540084273727,606.8291625976562,4600000,0.0,0.0
2025-02-03 00:00:00+07:00,602.3341166178386,611.3241780598959,584.353993733724,593.3440551757812,3795000,0.0,0.0
2025-02-04 00:00:00+07:00,593.3440551757812,602.3341166178386,588.8490244547527,593.3440551757812,725700,0.0,0.0
2025-02-05 00:00:00+07:00,593.3440395621367,597.8390701648801,579.8589477539062,579.8589477539062,4847300,0.0,0.0
2025-02-06 00:00:00+07:00,579.85903125,584.3540625,552.88884375,561.87890625,4474600,0.0,0.0
2025-02-07 00:00:00+07:00,561.87890625,570.86896875,552.88884375,561.87890625,1764800,0.0,0.0
2025-02-10 00:00:00+07:00,561.87890625,570.86896875,543.89878125,561.87890625,4245800,0.0,0.0
2025-02-11 00:00:00+07:00,561.8788620521283,561.8788620521283,512.433522191541,521.423583984375,8553800,0.0,0.0
2025-02-12 00:00:00+07:00,539.4037075700431,539.4037075700431,521.423583984375,521.423583984375,3655600,0.0,0.0
2025-02-13 00:00:00+07:00,521.4235485109509,530.4136096921742,516.9285179203392,525.9185791015625,2131700,0.0,0.0
2025-02-14 00:00:00+07:00,530.4136352539062,543.8987276756158,525.9186044466697,530.4136352539062,3587300,0.0,0.0
2025-02-17 00:00:00+07:00,530.4136770653912,570.8689575195312,525.9186459038201,570.8689575195312,5498100,0.0,0.0
2025-02-18 00:00:00+07:00,566.3739013671875,575.3639632936508,557.3838394407243,566.3739013671875,4717000,0.0,0.0
2025-02-19 00:00:00+07:00,566.3739013671875,570.8689323304192,552.8888084774926,566.3739013671875,5657800,0.0,0.0
2025-02-20 00:00:00+07:00,566.373886480564,575.3639481707318,552.8887939453125,552.8887939453125,2466400,0.0,0.0
2025-02-21 00:00:00+07:00,552.8887585055444,566.3738501764113,552.8887585055444,557.3837890625,999800,0.0,0.0
2025-02-24 00:00:00+07:00,552.8887585055444,561.8788196194556,543.898697391633,557.3837890625,523300,0.0,0.0
2025-02-25 00:00:00+07:00,557.3838465073529,561.8788775275735,530.4136603860294,534.90869140625,1697300,0.0,0.0
2025-02-26 00:00:00+07:00,534.9087163289388,543.8987787882487,525.9186538696289,539.4037475585938,1942300,0.0,0.0
2025-02-27 00:00:00+07:00,539.4037475585938,543.8987787882487,525.9186538696289,539.4037475585938,2489300,0.0,0.0
2025-02-28 00:00:00+07:00,539.403718647204,539.403718647204,512.4335327148438,512.4335327148438,2341400,0.0,0.0
2025-03-03 00:00:00+07:00,512.4335576596468,530.4136824898098,503.44349524456527,516.9285888671875,3459600,0.0,0.0
2025-03-04 00:00:00+07:00,525.9185889007848,525.9185889007848,480.96828215712804,489.9583435058594,3026400,0.0,0.0
2025-03-05 00:00:00+07:00,489.9583287920271,512.433481488909,489.9583287920271,503.44342041015625,2670500,0.0,0.0
2025-03-06 00:00:00+07:00,503.4434603987069,534.9086766736261,503.4434603987069,521.423583984375,2683000,0.0,0.0
2025-03-07 00:00:00+07:00,516.9285888671875,521.4236200747283,507.93852645210603,516.9285888671875,1123400,0.0,0.0
2025-03-10 00:00:00+07:00,516.9285120282855,521.4235425676618,480.96826771327426,503.44342041015625,3353400,0.0,0.0
2025-03-11 00:00:00+07:00,503.44341554894913,507.9384460449219,489.95832406103085,507.9384460449219,1422400,0.0,0.0
2025-03-12 00:00:00+07:00,507.9384870099592,507.9384870099592,498.9484252929688,498.94842529296875,1484600,0.0,0.0
2025-03-13 00:00:00+07:00,498.94843056418676,503.44346147017046,485.4633378462358,494.4533996582031,1889300,0.0,0.0
2025-03-14 00:00:00+07:00,494.45337418022507,503.44343552895646,489.9583435058594,489.9583435058594,2361000,0.0,0.0
2025-03-17 00:00:00+07:00,498.94840485459076,498.94840485459076,485.46331283149374,489.9583435058594,1082100,0.0,0.0
2025-03-18 00:00:00+07:00,494.4534008319562,494.4534008319562,449.5030916654147,467.48321533203125,4893500,0.0,0.0
2025-03-19 00:00:00+07:00,462.9881444967018,485.46329714217273,462.9881444967018,476.4732360839844,2282300,0.0,0.0
2025-03-20 00:00:00+07:00,476.4732771653396,494.4534008319562,449.5030916654147,467.48321533203125,6113800,0.0,0.0
2025-03-21 00:00:00+07:00,467.4832261029412,476.4732881433824,458.4931640625,458.4931640625,1806300,0.0,0.0
2025-03-24 00:00:00+07:00,458.4931229571907,458.4931229571907,431.5229392538265,440.51300048828125,2373600,0.0,0.0
2025-03-25 00:00:00+07:00,440.5130298321064,476.4732771653396,440.5130298321064,467.48321533203125,3908100,0.0,0.0
2025-03-26 00:00:00+07:00,467.4831760951451,503.44342041015625,462.9881455557687,503.44342041015625,5393400,0.0,0.0
2025-03-27 00:00:00+07:00,503.4434192585495,503.4434192585495,471.97820555489017,476.4732360839844,3777600,0.0,0.0
2025-04-08 00:00:00+07:00,445.9070541649534,445.9070541649534,406.3507832309656,409.9468078613281,7332100,0.0,0.0
2025-04-09 00:00:00+07:00,408.14879554614686,418.93686943723446,406.3507832309656,409.9468078613281,5414800,0.0,0.0
2025-04-10 00:00:00+07:00,424.33089026626277,444.10902498206315,424.33089026626277,440.51300048828125,1632300,0.0,0.0
2025-04-11 00:00:00+07:00,431.52293745293673,458.4931210437453,431.52293745293673,447.7050476074219,2383900,0.0,0.0
2025-04-14 00:00:00+07:00,458.493158729331,471.9782516331349,453.9981277613964,462.9881896972656,2484000,0.0,0.0
2025-04-15 00:00:00+07:00,462.9881492978051,480.9682716006325,458.49311872209825,471.97821044921875,2876600,0.0,0.0
2025-04-16 00:00:00+07:00,458.49313774572215,476.473260794574,442.31102700175546,444.1090393066406,4640100,0.0,0.0
2025-04-17 00:00:00+07:00,444.1090452880859,453.99811309814453,444.1090452880859,449.5030822753906,1046200,0.0,0.0
2025-04-21 00:00:00+07:00,449.50307713876856,467.4832002243193,449.50307713876856,453.99810791015625,1053500,0.0,0.0
2025-04-22 00:00:00+07:00,453.99808009324875,516.9285070368674,453.99808009324875,507.9384460449219,9946500,0.0,0.0
2025-04-23 00:00:00+07:00,512.4335576596468,530.4136824898098,503.44349524456527,516.9285888671875,5999800,0.0,0.0
2025-04-24 00:00:00+07:00,507.93845673911596,530.4136096921742,507.93845673911596,525.9185791015625,4798800,0.0,0.0
2025-04-25 00:00:00+07:00,525.9186431384477,548.393798828125,516.9285808625768,548.393798828125,5671700,0.0,0.0
2025-04-28 00:00:00+07:00,548.3938017116757,588.8490821658156,543.8987705501046,570.8689575195312,10691200,0.0,0.0
2025-04-29 00:00:00+07:00,570.8688675729852,602.3340807462994,557.3837762129934,597.8390502929688,11154400,0.0,0.0
2025-04-30 00:00:00+07:00,629.3043061416515,647.28442917427,611.3241831090329,615.8192138671875,32516100,0.0,0.0
2025-05-02 00:00:00+07:00,615.8191721062911,624.8092330129523,593.3440198396382,597.8390502929688,8124300,0.0,0.0
2025-05-05 00:00:00+07:00,602.3341317635995,620.3142550998264,597.8391009295428,606.8291625976562,6876800,0.0,0.0
2025-05-06 00:00:00+07:00,597.8391009295428,611.324193431713,597.8391009295428,606.8291625976562,2931500,0.0,0.0
2025-05-07 00:00:00+07:00,597.8390502929688,606.82911119963,593.3440198396382,597.8390502929688,5141700,0.0,0.0
2025-05-08 00:00:00+07:00,597.8390954245983,638.2943725585938,597.8390954245983,638.2943725585938,12015600,0.0,0.0
2025-05-09 00:00:00+07:00,638.2943676579608,647.28442917427,615.8192138671875,615.8192138671875,8150400,0.0,0.0
2025-05-14 00:00:00+07:00,633.7993774414062,638.29440848709,615.8192532586713,633.7993774414062,14923600,0.0,0.0
2025-05-15 00:00:00+07:00,633.7992906842913,642.7893515450614,620.3141993931362,629.3042602539062,11719000,0.0,0.0
2025-05-16 00:00:00+07:00,629.3043358009179,642.7894287109375,624.8093048309113,642.7894287109375,8309400,0.0,0.0
2025-05-19 00:00:00+07:00,642.7893579943426,687.7396627491918,642.7893579943426,651.7794189453125,18098400,0.0,0.0
2025-05-20 00:00:00+07:00,656.2744852701824,674.2546081542969,647.284423828125,647.284423828125,12218500,0.0,0.0
2025-05-21 00:00:00+07:00,642.7894395327737,642.7894395327737,624.8093153500388,633.7993774414062,8704400,0.0,0.0
2025-05-22 00:00:00+07:00,633.7993667709244,642.7894287109375,629.3043358009179,642.7894287109375,5196300,0.0,0.0
2025-05-23 00:00:00+07:00,647.2843884698275,656.2744494207974,642.7893579943426,651.7794189453125,1853200,0.0,0.0
2025-05-26 00:00:00+07:00,651.7794599324247,656.2744906905793,606.8291523508782,615.8192138671875,9320800,0.0,0.0
2025-05-27 00:00:00+07:00,615.8192532586713,633.7993774414062,602.3341601216201,633.7993774414062,3861500,0.0,0.0
2025-05-28 00:00:00+07:00,633.7992906842913,638.2943211146763,620.3141993931362,629.3042602539062,2252400,0.0,0.0
2025-06-02 00:00:00+07:00,629.3042699841485,633.7993004840353,615.8191784844882,620.314208984375,6657800,0.0,0.0
2025-06-03 00:00:00+07:00,620.3142807904412,620.3142807904412,606.8291877297794,611.32421875,6357100,0.0,0.0
2025-06-04 00:00:00+07:00,615.8192565081871,665.2645982716182,615.8192565081871,656.2745361328125,18497100,0.0,0.0
2025-06-05 00:00:00+07:00,647.2844596809441,651.7794906509506,633.7993667709244,642.7894287109375,6471200,0.0,0.0
2025-06-10 00:00:00+07:00,651.7794840494792,683.2447005208332,647.2844531249999,674.254638671875,18699100,0.0,0.0
2025-06-11 00:00:00+07:00,678.7496948242188,683.2447259157699,669.7596326411166,678.7496948242188,6023200,0.0,0.0
2025-06-12 00:00:00+07:00,674.2546637326676,701.2248502819743,674.2546637326676,678.7496948242188,17206900,0.0,0.0
2025-06-13 00:00:00+07:00,678.7496440298605,683.2446747850252,660.769521009202,669.7595825195312,8702500,0.0,0.0
2025-06-16 00:00:00+07:00,660.76953125,674.2546237244898,656.2745004251701,660.76953125,6328500,0.0,0.0
2025-06-17 00:00:00+07:00,669.7596183983055,674.2546493942674,660.769556406382,665.2645874023438,2554800,0.0,0.0
2025-06-18 00:00:00+07:00,665.2645620748299,674.2546237244898,647.2844387755102,660.76953125,3595900,0.0,0.0
2025-06-19 00:00:00+07:00,665.2645947611924,665.2645947611924,629.3043463957225,633.7993774414062,5271100,0.0,0.0
2025-06-20 00:00:00+07:00,633.7992970433728,660.7694798962823,624.809236092403,651.7794189453125,3899100,0.0,0.0
2025-06-23 00:00:00+07:00,651.7794649365921,651.7794649365921,606.8291570099307,638.2943725585938,9185200,0.0,0.0
2025-06-24 00:00:00+07:00,638.2943912760417,683.2447005208332,638.2943912760417,674.254638671875,15262400,0.0,0.0
2025-06-25 00:00:00+07:00,678.7496695963541,678.7496695963541,656.2745149739583,674.254638671875,5498700,0.0,0.0
2025-06-26 00:00:00+07:00,674.2546237244898,683.2446853741496,660.76953125,660.76953125,4899000,0.0,0.0
2025-06-30 00:00:00+07:00,665.2645665218956,701.224813360917,656.2745048121402,683.2446899414062,9900200,0.0,0.0
2025-07-01 00:00:00+07:00,683.2447150735294,692.2347771139706,669.7596220128677,687.73974609375,6813500,0.0,0.0
2025-07-02 00:00:00+07:00,687.739757007321,696.7298191904232,674.2546637326676,678.7496948242188,8284400,0.0,0.0
2025-07-03 00:00:00+07:00,678.7496590865286,683.2446899414062,674.2546282316509,683.2446899414062,5279200,0.0,0.0
2025-07-04 00:00:00+07:00,692.6041682942708,701.9636840820312,669.2053788248697,701.9636840820312,9848100,30.0,0.0
2025-07-07 00:00:00+07:00,692.6041775901846,701.9636935035654,683.2446616768037,697.283935546875,2465400,0.0,0.0
2025-07-08 00:00:00+07:00,697.283926188151,706.6434419759114,683.2446525065104,701.9636840820312,6713900,0.0,0.0
2025-07-09 00:00:00+07:00,697.2839771801273,706.6434936523438,692.6042189440191,706.6434936523438,2160100,0.0,0.0
2025-07-10 00:00:00+07:00,701.9636840820312,711.3231998697917,697.283926188151,701.9636840820312,3517000,0.0,0.0
2025-07-11 00:00:00+07:00,701.9637258429276,716.0030003597861,701.9637258429276,711.3232421875,4693100,0.0,0.0
2025-07-14 00:00:00+07:00,711.3232421875,720.6827585320724,706.6434840152139,711.3232421875,2442900,0.0,0.0
2025-07-15 00:00:00+07:00,711.3232002492331,767.4802950057515,706.6434423528566,762.800537109375,24381100,0.0,0.0
2025-07-16 00:00:00+07:00,762.8005224300337,772.1600380426721,739.4017333984375,739.4017333984375,12159200,0.0,0.0
2025-07-17 00:00:00+07:00,744.0815147117332,772.1600624367043,744.0815147117332,758.1207885742188,10905300,0.0,0.0
2025-07-18 00:00:00+07:00,753.4410306200568,772.1600624367043,734.7219988034095,758.1207885742188,10544900,0.0,0.0
2025-07-21 00:00:00+07:00,772.1600924716907,842.3564645145717,758.1208180631145,832.9969482421875,34574300,0.0,0.0
2025-07-22 00:00:00+07:00,837.6766543630827,861.0754435911017,800.2385915982521,828.317138671875,20159900,0.0,0.0
2025-07-23 00:00:00+07:00,832.9969059337269,837.676663832231,790.8790848471901,823.6373901367188,7773700,0.0,0.0
2025-07-24 00:00:00+07:00,828.3172027087603,865.7552683679132,828.3172027087603,856.395751953125,16342100,0.0,0.0
2025-07-25 00:00:00+07:00,856.3957194010417,865.7552354600695,842.3564453125,842.3564453125,6564900,0.0,0.0
2025-07-28 00:00:00+07:00,847.0362355383368,856.395751953125,828.3172027087603,856.395751953125,6217100,0.0,0.0
2025-07-29 00:00:00+07:00,856.3957251399927,907.8730638096098,804.9183864703757,809.59814453125,33542400,0.0,0.0
2025-07-30 00:00:00+07:00,809.5981210561899,851.7159423828125,800.2386052058293,851.7159423828125,12159200,0.0,0.0
2025-07-31 00:00:00+07:00,851.7159323299632,856.395690199908,781.5195642807904,795.558837890625,18722000,0.0,0.0
2025-08-01 00:00:00+07:00,795.558847280649,804.9183631310096,772.1600576547476,790.8790893554688,9217700,0.0,0.0
2025-08-04 00:00:00+07:00,790.8790800206801,814.2778693704043,776.8398064108455,795.558837890625,12405600,0.0,0.0
2025-08-05 00:00:00+07:00,795.5588610418911,818.957651072535,790.8791030357623,814.2778930664062,9132100,0.0,0.0
2025-08-06 00:00:00+07:00,814.2779122286065,818.9576703448628,804.9183959960938,804.9183959960938,4033200,0.0,0.0
2025-08-07 00:00:00+07:00,804.9183585427024,832.9969059337269,795.5588427456943,823.6373901367188,8187300,0.0,0.0
2025-08-08 00:00:00+07:00,828.3172027087603,861.0755101605191,814.2779280865778,856.395751953125,15342300,0.0,0.0
2025-08-11 00:00:00+07:00,861.0754761374677,903.1932983398438,851.7159600924952,903.1932983398438,23820000,0.0,0.0
2025-08-12 00:00:00+07:00,907.8730042775472,907.8730042775472,870.4349422454834,898.5134887695312,14492500,0.0,0.0
2025-08-13 00:00:00+07:00,898.5135315953039,898.5135315953039,842.3564358705974,847.0361938476562,20768200,0.0,0.0
2025-08-14 00:00:00+07:00,851.7159423828125,865.7552161583534,842.3564265324519,851.7159423828125,6228400,0.0,0.0
2025-08-15 00:00:00+07:00,851.7159841786261,865.755258643109,847.0362260237985,861.0755004882812,7261900,0.0,0.0
2025-08-19 00:00:00+07:00,861.0755004882812,884.4742912624193,842.3564678689709,861.0755004882812,20390000,0.0,0.0
2025-08-20 00:00:00+07:00,865.7551788001932,870.4349365234375,851.7159056304604,870.4349365234375,5197900,0.0,0.0
2025-08-21 00:00:00+07:00,870.4349457611909,893.833734625739,861.0754302153716,865.7551879882812,13225000,0.0,0.0
2025-08-22 00:00:00+07:00,875.1147502049264,903.1932983398438,861.0754761374677,903.1932983398438,12881800,0.0,0.0
2025-08-25 00:00:00+07:00,907.8730820365574,945.3111472751784,842.3564678689709,861.0755004882812,44662600,0.0,0.0
2025-08-26 00:00:00+07:00,861.0754302153716,870.4349457611909,823.6373680320946,865.7551879882812,30192200,0.0,0.0
2025-08-27 00:00:00+07:00,865.7552311338227,865.7552311338227,809.5981350602774,814.2778930664062,18528500,0.0,0.0
2025-08-28 00:00:00+07:00,814.2779156974193,837.6767063783795,800.238641288843,832.9969482421875,7421600,0.0,0.0
2025-08-29 00:00:00+07:00,804.9183585427024,842.3564217307351,800.2386006441983,823.6373901367188,10076000,0.0,0.0
2025-09-01 00:00:00+07:00,800.2386002803872,804.9183581767637,762.800537109375,762.800537109375,19522400,0.0,0.0
2025-09-02 00:00:00+07:00,762.800541804387,800.2386052058293,762.800541804387,790.8790893554688,7230400,0.0,0.0
2025-09-03 00:00:00+07:00,800.2385957605699,809.5981115004595,786.1993221507353,795.558837890625,8847600,0.0,0.0
2025-09-04 00:00:00+07:00,804.9183727446057,804.9183727446057,781.5195828392392,786.1993408203125,4194700,0.0,0.0
2025-09-08 00:00:00+07:00,786.1993221507353,823.6373851102941,786.1993221507353,795.558837890625,12474800,0.0,0.0
2025-09-09 00:00:00+07:00,790.8791069878473,842.3564453125,790.8791069878473,842.3564453125,22589800,0.0,0.0
2025-09-10 00:00:00+07:00,851.7159613715278,851.7159613715278,828.3171712239583,842.3564453125,9814000,0.0,0.0
2025-09-11 00:00:00+07:00,842.3564548598987,865.7552452726736,823.6374225296787,837.6766967773438,14515000,0.0,0.0
2025-09-12 00:00:00+07:00,847.0362033420139,847.0362033420139,828.3171712239583,842.3564453125,7520200,0.0,0.0
2025-09-15 00:00:00+07:00,842.3564453125,851.7159613715278,832.9969292534722,842.3564453125,5990300,0.0,0.0
2025-09-16 00:00:00+07:00,847.0361938476562,856.395709801774,832.9969199164797,847.0361938476562,4948600,0.0,0.0
2025-09-17 00:00:00+07:00,851.7159710250087,851.7159710250087,837.6766967773438,837.6766967773438,3588800,0.0,0.0
2025-09-18 00:00:00+07:00,842.3564265324519,856.3957003079928,823.6373948317307,851.7159423828125,7995800,0.0,0.0
2025-09-19 00:00:00+07:00,856.3957389231479,856.3957389231479,828.3171901059955,832.9969482421875,3845900,0.0,0.0
2025-09-22 00:00:00+07:00,832.9969059337269,837.676663832231,804.9183585427024,823.6373901367188,6034100,0.0,0.0
2025-09-23 00:00:00+07:00,823.6374319698034,847.0362226507638,800.238641288843,832.9969482421875,6427900,0.0,0.0
2025-09-24 00:00:00+07:00,842.3564217307351,851.7159375277432,818.9576322382147,823.6373901367188,3355400,0.0,0.0
2025-09-25 00:00:00+07:00,828.317176774747,832.9969348356213,809.59814453125,809.59814453125,3359200,0.0,0.0
2025-09-26 00:00:00+07:00,814.2778930664062,823.6374090786637,804.9183770541487,814.2778930664062,2767600,0.0,0.0
2025-09-29 00:00:00+07:00,814.2779025921243,818.9576606529985,800.2386284095014,809.59814453125,3868600,0.0,0.0
2025-09-30 00:00:00+07:00,814.2778789813702,814.2778789813702,781.5195735051082,790.8790893554688,10008700,0.0,0.0
2025-10-01 00:00:00+07:00,790.8790893554688,818.9576369065504,781.5195735051082,790.8790893554688,9613300,0.0,0.0
2025-10-02 00:00:00+07:00,790.8790988013858,804.9183727446057,781.5195828392392,786.1993408203125,2845600,0.0,0.0
2025-10-03 00:00:00+07:00,786.1993265912577,795.5588423840107,758.1207792129984,762.800537109375,8576700,0.0,0.0
2025-10-06 00:00:00+07:00,758.1207838792068,767.4802997295673,725.3624784029447,730.042236328125,12413900,0.0,0.0
2025-10-07 00:00:00+07:00,739.4017823685048,804.9183959960938,739.4017823685048,804.9183959960938,18291600,0.0,0.0
2025-10-08 00:00:00+07:00,804.9183959960938,814.2779122286065,781.519605414812,804.9183959960938,8308700,0.0,0.0
2025-10-09 00:00:00+07:00,804.9183442411367,818.9576176872031,790.8790707950703,800.2385864257812,5370200,0.0,0.0
2025-10-10 00:00:00+07:00,804.9183631310096,804.9183631310096,790.8790893554688,790.8790893554688,1731500,0.0,0.0
2025-10-13 00:00:00+07:00,790.8790893554688,851.7159423828125,776.8398155799279,851.7159423828125,17296200,0.0,0.0
2025-10-14 00:00:00+07:00,851.7159571154364,851.7159571154364,795.5588610418911,814.2778930664062,12195800,0.0,0.0
2025-10-15 00:00:00+07:00,818.9576606529985,823.6374187138728,800.2386284095014,809.59814453125,5161200,0.0,0.0
2025-10-16 00:00:00+07:00,809.5981072894598,851.715927899894,809.5981072894598,828.317138671875,7237600,0.0,0.0
2025-10-17 00:00:00+07:00,828.3171333179139,832.9968911332694,795.5588286104258,800.2385864257812,5459200,0.0,0.0
2025-10-20 00:00:00+07:00,818.9576369065504,865.7552161583534,800.2386052058293,851.7159423828125,20145100,0.0,0.0
2025-10-21 00:00:00+07:00,903.193306080888,968.7099189572218,903.193306080888,959.3504028320312,87080500,0.0,0.0
2025-10-22 00:00:00+07:00,959.3503794504041,992.108685090174,931.2718317591729,940.63134765625,33074700,0.0,0.0
2025-10-23 00:00:00+07:00,954.6705946680587,1052.9455088250647,954.6705946680587,1015.5074462890625,54801600,0.0,0.0
2025-10-24 00:00:00+07:00,1024.866943359375,1052.9454897527826,1001.468154698202,1024.866943359375,24402200,0.0,0.0
2025-10-27 00:00:00+07:00,1024.8669949618252,1066.984816672585,987.4289312189276,1029.5467529296875,26898600,0.0,0.0
2025-10-28 00:00:00+07:00,1029.5467529296875,1071.6645746404474,1020.1872369939631,1029.5467529296875,19942700,0.0,0.0
2025-10-29 00:00:00+07:00,1043.5859742883133,1043.5859742883133,982.7491237692637,1024.866943359375,10284700,0.0,0.0
2025-10-30 00:00:00+07:00,1029.5467342342342,1062.3050394144143,1024.8669763513512,1038.90625,10564300,0.0,0.0
2025-10-31 00:00:00+07:00,1038.906210456096,1052.9454835703675,992.1086334085242,996.7883911132812,12919600,0.0,0.0
2025-11-03 00:00:00+07:00,1001.4681690761022,1052.9455048697337,1001.4681690761022,1048.2657470703125,11888200,0.0,0.0
2025-11-04 00:00:00+07:00,1048.2657657657658,1062.3050394144143,1001.468186936937,1038.90625,9067100,0.0,0.0
2025-11-05 00:00:00+07:00,1001.4681728380616,1020.1872041060627,996.7884150210614,1015.5074462890625,13289800,0.0,0.0
2025-11-06 00:00:00+07:00,1015.5074126341632,1020.1871702960718,978.0693513388945,1001.4681396484375,6928500,0.0,0.0
2025-11-07 00:00:00+07:00,1010.8276735701651,1020.187189066185,982.7491270821049,992.108642578125,3330200,0.0,0.0
2025-11-10 00:00:00+07:00,992.1086243246202,1006.147897310346,973.3895936769859,1001.4681396484375,6285400,0.0,0.0
2025-11-11 00:00:00+07:00,1010.827752767657,1043.5860595703125,987.4289621943316,1043.5860595703125,17499000,0.0,0.0
2025-11-12 00:00:00+07:00,1048.2657470703125,1062.3050204685758,1038.9062314714704,1048.2657470703125,13263900,0.0,0.0
2025-11-13 00:00:00+07:00,1043.5860078828828,1057.6252815315315,1024.8669763513512,1038.90625,18056400,0.0,0.0
2025-11-14 00:00:00+07:00,1024.609375,1053.203125,1019.84375,1038.90625,7617100,20.0,0.0
2025-11-17 00:00:00+07:00,1034.140625,1110.390625,1029.375,1110.390625,21500400,0.0,0.0
2025-11-18 00:00:00+07:00,1110.390625,1115.15625,1043.671875,1057.96875,16149800,0.0,0.0
2025-11-19 00:00:00+07:00,1053.203125,1077.03125,1010.3125,1029.375,13848900,0.0,0.0
2025-11-20 00:00:00+07:00,1029.375,1048.4375,1019.84375,1048.4375,8987300,0.0,0.0
2025-11-21 00:00:00+07:00,1048.4375,1048.4375,1015.078125,1019.84375,6515400,0.0,0.0
2025-11-24 00:00:00+07:00,1043.671875,1053.203125,1019.84375,1048.4375,7840200,0.0,0.0
2025-11-25 00:00:00+07:00,1053.203125,1053.203125,1029.375,1038.90625,5252000,0.0,0.0
2025-11-26 00:00:00+07:00,1043.671875,1072.265625,1010.3125,1067.5,11434100,0.0,0.0
2025-11-27 00:00:00+07:00,1072.265625,1072.265625,1029.375,1029.375,6536300,0.0,0.0
2025-11-28 00:00:00+07:00,1029.375,1062.734375,1029.375,1057.96875,10274800,0.0,0.0
2025-12-01 00:00:00+07:00,1062.734375,1062.734375,1029.375,1053.203125,3853200,0.0,0.0
2025-12-02 00:00:00+07:00,1053.203125,1105.625,1043.671875,1081.796875,18046700,0.0,0.0
2025-12-03 00:00:00+07:00,1086.5625,1091.328125,1057.96875,1091.328125,8983600,0.0,0.0
2025-12-04 00:00:00+07:00,1091.328125,1100.859375,1077.03125,1100.859375,5025400,0.0,0.0
2025-12-05 00:00:00+07:00,1105.625,1172.34375,1105.625,1124.6875,33366800,0.0,0.0
2025-12-08 00:00:00+07:00,1129.453125,1153.28125,1119.921875,1134.21875,13857900,0.0,0.0
2025-12-09 00:00:00+07:00,1134.21875,1143.75,1077.03125,1115.15625,17510300,0.0,0.0
2025-12-10 00:00:00+07:00,1115.15625,1167.578125,1115.15625,1162.8125,14743000,0.0,0.0
2025-12-11 00:00:00+07:00,1162.8125,1162.8125,1110.390625,1138.984375,11561100,0.0,0.0
2025-12-12 00:00:00+07:00,1138.984375,1138.984375,1110.390625,1115.15625,5825500,0.0,0.0
2025-12-15 00:00:00+07:00,1115.15625,1124.6875,1091.328125,1110.390625,6887100,0.0,0.0
2025-12-16 00:00:00+07:00,1110.390625,1138.984375,1110.390625,1124.6875,2939600,0.0,0.0
2025-12-17 00:00:00+07:00,1124.6875,1129.453125,1100.859375,1119.921875,4159600,0.0,0.0
2025-12-18 00:00:00+07:00,1100.859375,1124.6875,1096.09375,1110.390625,3657900,0.0,0.0
2025-12-19 00:00:00+07:00,1119.921875,1124.6875,1091.328125,1124.6875,6674600,0.0,0.0
2025-12-22 00:00:00+07:00,1124.6875,1153.28125,1105.625,1134.21875,12002600,0.0,0.0
2025-12-23 00:00:00+07:00,1134.21875,1148.515625,1115.15625,1129.453125,3661300,0.0,0.0
2025-12-24 00:00:00+07:00,1129.453125,1129.453125,1091.328125,1119.921875,7604800,0.0,0.0
2025-12-29 00:00:00+07:00,1119.921875,1119.921875,1038.90625,1062.734375,19229100,0.0,0.0
2025-12-30 00:00:00+07:00,1062.734375,1096.09375,1062.734375,1072.265625,5644500,0.0,0.0
2026-01-02 00:00:00+07:00,1072.265625,1110.390625,1072.265625,1110.390625,5363500,0.0,0.0
2026-01-05 00:00:00+07:00,1115.15625,1162.8125,1096.09375,1162.8125,11813300,0.0,0.0
2026-01-06 00:00:00+07:00,1167.578125,1196.171875,1167.578125,1196.171875,20667700,0.0,0.0
2026-01-07 00:00:00+07:00,1196.171875,1205.703125,1158.046875,1186.640625,10882100,0.0,0.0
2026-01-08 00:00:00+07:00,1162.8125,1200.9375,1162.8125,1186.640625,5314200,0.0,0.0
2026-01-09 00:00:00+07:00,1196.171875,1205.703125,1158.046875,1181.875,4824000,0.0,0.0
2026-01-12 00:00:00+07:00,1200.9375,1253.359375,1119.921875,1167.578125,25889800,0.0,0.0
2026-01-13 00:00:00+07:00,1191.40625,1191.40625,1124.6875,1129.453125,9132900,0.0,0.0
2026-01-14 00:00:00+07:00,1129.453125,1153.28125,1110.390625,1138.984375,9776100,0.0,0.0
2026-01-15 00:00:00+07:00,1153.28125,1153.28125,1115.15625,1129.453125,6140300,0.0,0.0
2026-01-19 00:00:00+07:00,1129.453125,1158.046875,1110.390625,1153.28125,5402500,0.0,0.0
2026-01-20 00:00:00+07:00,1162.8125,1167.578125,1129.453125,1129.453125,6618800,0.0,0.0
2026-01-21 00:00:00+07:00,1129.453125,1134.21875,1081.796875,1100.859375,11190700,0.0,0.0
2026-01-22 00:00:00+07:00,1105.625,1143.75,1105.625,1134.21875,9135400,0.0,0.0
2026-01-23 00:00:00+07:00,1134.21875,1158.046875,1110.390625,1153.28125,9384500,0.0,0.0
2026-01-26 00:00:00+07:00,1167.578125,1181.875,1148.515625,1177.109375,15368100,0.0,0.0
2026-01-27 00:00:00+07:00,1181.875,1186.640625,1124.6875,1148.515625,10851500,0.0,0.0
2026-01-28 00:00:00+07:00,1110.390625,1143.75,1053.203125,1072.265625,16669600,0.0,0.0
2026-01-29 00:00:00+07:00,1067.5,1100.859375,953.125,1086.5625,13773900,0.0,0.0
2026-01-30 00:00:00+07:00,1119.921875,1148.515625,1086.5625,1134.21875,7413800,0.0,0.0
2026-02-02 00:00:00+07:00,1134.21875,1138.984375,1038.90625,1048.4375,16196300,0.0,0.0
2026-02-03 00:00:00+07:00,1057.96875,1105.625,1043.671875,1086.5625,4981100,0.0,0.0
2026-02-04 00:00:00+07:00,1096.09375,1110.390625,1081.796875,1110.390625,7480300,0.0,0.0
2026-02-05 00:00:00+07:00,1105.625,1124.6875,1096.09375,1115.15625,2546800,0.0,0.0
2026-02-06 00:00:00+07:00,1110.390625,1110.390625,1053.203125,1077.03125,4109900,0.0,0.0
2026-02-09 00:00:00+07:00,1072.265625,1072.265625,1029.375,1043.671875,6851200,0.0,0.0
2026-02-10 00:00:00+07:00,1038.90625,1086.5625,1034.140625,1077.03125,7161300,0.0,0.0
2026-02-11 00:00:00+07:00,1077.03125,1096.09375,1067.5,1086.5625,3538100,0.0,0.0
2026-02-12 00:00:00+07:00,1096.09375,1110.390625,1086.5625,1096.09375,2659600,0.0,0.0
2026-02-13 00:00:00+07:00,1100.859375,1124.6875,1086.5625,1110.390625,3523300,0.0,0.0
2026-02-18 00:00:00+07:00,1115.15625,1167.578125,1105.625,1167.578125,14137200,0.0,0.0
2026-02-19 00:00:00+07:00,1172.34375,1215.234375,1167.578125,1186.640625,10704700,0.0,0.0
2026-02-20 00:00:00+07:00,1191.40625,1191.40625,1148.515625,1158.046875,4866000,0.0,0.0
2026-02-23 00:00:00+07:00,1158.046875,1191.40625,1148.515625,1177.109375,3089600,0.0,0.0
2026-02-24 00:00:00+07:00,1177.109375,1186.640625,1124.6875,1143.75,6363100,0.0,0.0
2026-02-25 00:00:00+07:00,1153.28125,1167.578125,1148.515625,1158.046875,3189200,0.0,0.0
2026-02-26 00:00:00+07:00,1162.8125,1205.703125,1100.859375,1100.859375,12777400,0.0,0.0
2026-02-27 00:00:00+07:00,1100.859375,1134.21875,1086.5625,1134.21875,3196900,0.0,0.0
2026-03-02 00:00:00+07:00,1091.328125,1100.859375,1053.203125,1067.5,7978200,0.0,0.0
2026-03-03 00:00:00+07:00,1067.5,1077.03125,1024.609375,1043.671875,5387500,0.0,0.0
2026-03-04 00:00:00+07:00,1038.90625,1038.90625,934.0625,953.125,14861900,0.0,0.0
2026-03-05 00:00:00+07:00,957.890625,1005.546875,957.890625,1000.78125,3802100,0.0,0.0
2026-03-06 00:00:00+07:00,1000.78125,1029.375,996.015625,1019.84375,7499100,0.0,0.0
2026-03-09 00:00:00+07:00,957.890625,976.953125,934.0625,976.953125,8026200,0.0,0.0
2026-03-10 00:00:00+07:00,986.484375,1000.78125,976.953125,996.015625,3753900,0.0,0.0
2026-03-11 00:00:00+07:00,1010.3125,1019.84375,976.953125,991.25,2453100,0.0,0.0
2026-03-12 00:00:00+07:00,991.25,1000.78125,976.953125,991.25,4949600,0.0,0.0
2026-03-13 00:00:00+07:00,996.015625,1000.78125,953.125,957.890625,4033000,0.0,0.0
2026-03-16 00:00:00+07:00,957.890625,957.890625,905.46875,929.296875,4881300,0.0,0.0
2026-03-17 00:00:00+07:00,934.0625,976.953125,934.0625,976.953125,2327700,0.0,0.0
2026-03-25 00:00:00+07:00,976.953125,976.953125,910.234375,943.59375,6786600,0.0,0.0
2026-03-26 00:00:00+07:00,943.59375,948.359375,900.703125,910.234375,5602000,0.0,0.0
2026-03-27 00:00:00+07:00,910.234375,910.234375,872.109375,872.109375,5671000,0.0,0.0
2026-03-30 00:00:00+07:00,848.28125,848.28125,776.796875,786.328125,27090000,0.0,0.0
2026-03-31 00:00:00+07:00,791.09375,800.625,733.90625,738.671875,27980700,0.0,0.0
2026-04-01 00:00:00+07:00,781.5625,829.21875,767.265625,791.09375,20817700,0.0,0.0
2026-04-02 00:00:00+07:00,791.09375,810.15625,781.5625,791.09375,5147900,0.0,0.0
2026-04-06 00:00:00+07:00,781.5625,791.09375,762.5,791.09375,4314900,0.0,0.0
2026-04-07 00:00:00+07:00,786.328125,824.453125,776.796875,786.328125,5543000,0.0,0.0
2026-04-08 00:00:00+07:00,819.6875,838.75,810.15625,829.21875,9286700,0.0,0.0
2026-04-09 00:00:00+07:00,833.984375,838.75,810.15625,833.984375,3474100,0.0,0.0
2026-04-10 00:00:00+07:00,833.984375,843.515625,824.453125,833.984375,5728500,0.0,0.0
2026-04-13 00:00:00+07:00,824.453125,838.75,814.921875,838.75,2553400,0.0,0.0
2026-04-14 00:00:00+07:00,843.515625,872.109375,843.515625,867.34375,6304300,0.0,0.0
2026-04-15 00:00:00+07:00,872.109375,876.875,843.515625,857.8125,6888600,0.0,0.0
2026-04-16 00:00:00+07:00,867.34375,867.34375,833.984375,862.578125,3419700,0.0,0.0
2026-04-17 00:00:00+07:00,857.8125,872.109375,848.28125,872.109375,2370200,0.0,0.0
2026-04-20 00:00:00+07:00,876.875,876.875,853.046875,862.578125,3652300,0.0,0.0
2026-04-21 00:00:00+07:00,857.8125,857.8125,829.21875,843.515625,5940100,0.0,0.0
2026-04-22 00:00:00+07:00,843.515625,853.046875,838.75,848.28125,2437200,0.0,0.0
2026-04-23 00:00:00+07:00,848.28125,848.28125,810.15625,824.453125,7555200,0.0,0.0
2026-04-24 00:00:00+07:00,819.6875,824.453125,795.859375,814.921875,5443000,0.0,0.0
2026-04-27 00:00:00+07:00,814.921875,819.6875,800.625,810.15625,3270400,0.0,0.0
2026-04-28 00:00:00+07:00,800.625,814.921875,776.796875,786.328125,8460400,0.0,0.0
2026-04-29 00:00:00+07:00,791.09375,795.859375,772.03125,791.09375,5073600,0.0,0.0
2026-04-30 00:00:00+07:00,786.328125,791.09375,752.96875,767.265625,11979800,0.0,0.0
2026-05-04 00:00:00+07:00,762.5,772.03125,748.203125,752.96875,5218100,0.0,0.0
2026-05-05 00:00:00+07:00,752.96875,752.96875,729.140625,743.4375,6885600,0.0,0.0
2026-05-06 00:00:00+07:00,748.203125,762.5,743.4375,748.203125,7005100,0.0,0.0
2026-05-07 00:00:00+07:00,757.734375,791.09375,752.96875,767.265625,18371400,0.0,0.0
2026-05-08 00:00:00+07:00,776.796875,781.5625,743.4375,748.203125,9728900,0.0,0.0
2026-05-11 00:00:00+07:00,743.4375,752.96875,705.3125,748.203125,17477300,0.0,0.0
2026-05-12 00:00:00+07:00,752.96875,752.96875,714.84375,733.90625,6732600,0.0,0.0
2026-05-13 00:00:00+07:00,729.140625,733.90625,719.609375,719.609375,2713200,0.0,0.0
2026-05-14 00:00:00+07:00,719.609375,719.609375,719.609375,719.609375,0,0.0,0.0
2026-05-15 00:00:00+07:00,719.609375,719.609375,719.609375,719.609375,0,0.0,0.0
2026-05-18 00:00:00+07:00,719.609375,719.609375,648.125,676.71875,30663200,0.0,0.0
2026-05-19 00:00:00+07:00,681.484375,700.546875,667.1875,671.953125,8346700,0.0,0.0
2026-05-20 00:00:00+07:00,676.71875,676.71875,638.59375,657.65625,9778600,0.0,0.0
2026-05-21 00:00:00+07:00,657.65625,662.421875,614.765625,619.53125,9638100,0.0,0.0
2026-05-22 00:00:00+07:00,624.296875,638.59375,600.46875,638.59375,4733600,0.0,0.0
2026-05-25 00:00:00+07:00,643.359375,648.125,605.234375,638.59375,10163900,0.0,0.0
2026-05-26 00:00:00+07:00,638.59375,643.359375,619.53125,619.53125,4756900,0.0,0.0
2026-05-27 00:00:00+07:00,619.53125,619.53125,619.53125,619.53125,0,0.0,0.0
2026-05-28 00:00:00+07:00,619.53125,619.53125,619.53125,619.53125,0,0.0,0.0
2026-05-29 00:00:00+07:00,629.0625,629.0625,576.640625,610.0,22068700,0.0,0.0
2026-06-02 00:00:00+07:00,610.0,610.0,571.875,595.703125,15840200,0.0,0.0
2026-06-03 00:00:00+07:00,595.703125,605.234375,552.8125,571.875,18944900,0.0,0.0
2026-06-04 00:00:00+07:00,576.640625,576.640625,533.75,562.34375,9079400,0.0,0.0
2026-06-05 00:00:00+07:00,557.578125,571.875,524.21875,524.21875,8793800,0.0,0.0
2026-06-08 00:00:00+07:00,490.859375,538.515625,481.328125,495.625,11160700,0.0,0.0
2026-06-09 00:00:00+07:00,495.625,543.28125,495.625,538.515625,9617200,0.0,0.0
2026-06-10 00:00:00+07:00,538.515625,581.40625,528.984375,571.875,22278800,0.0,0.0
2026-06-11 00:00:00+07:00,571.875,586.171875,557.578125,567.109375,10106500,0.0,0.0
2026-06-12 00:00:00+07:00,571.875,614.765625,571.875,605.234375,13169500,0.0,0.0
2026-06-15 00:00:00+07:00,624.296875,648.125,614.765625,629.0625,12215300,0.0,0.0
2026-06-17 00:00:00+07:00,638.59375,648.125,619.53125,624.296875,7599700,0.0,0.0
2026-06-18 00:00:00+07:00,619.53125,624.296875,600.46875,619.53125,2570200,0.0,0.0
2026-06-19 00:00:00+07:00,624.296875,629.0625,610.0,610.0,1978800,0.0,0.0
2026-06-22 00:00:00+07:00,619.53125,624.296875,595.703125,610.0,3978400,0.0,0.0
2026-06-23 00:00:00+07:00,610.0,619.53125,600.46875,614.765625,2625100,0.0,0.0
2026-06-24 00:00:00+07:00,619.53125,624.296875,586.171875,590.9375,6037200,0.0,0.0
2026-06-25 00:00:00+07:00,600.46875,614.765625,586.171875,610.0,5149100,0.0,0.0
2026-06-26 00:00:00+07:00,615.0,625.0,605.0,610.0,3063800,30.0,0.0
2026-06-29 00:00:00+07:00,610.0,615.0,595.0,600.0,1604100,0.0,0.0
2026-06-30 00:00:00+07:00,600.0,600.0,565.0,580.0,13028700,0.0,0.0
2026-07-01 00:00:00+07:00,585.0,595.0,580.0,585.0,3569300,0.0,0.0
2026-07-02 00:00:00+07:00,590.0,595.0,580.0,580.0,1541100,0.0,0.0
2026-07-03 00:00:00+07:00,595.0,600.0,580.0,590.0,1939700,0.0,0.0
2026-07-06 00:00:00+07:00,595.0,605.0,590.0,605.0,913400,0.0,0.0
2026-07-07 00:00:00+07:00,605.0,605.0,590.0,595.0,3973100,0.0,0.0
2026-07-08 00:00:00+07:00,595.0,595.0,570.0,570.0,5678000,0.0,0.0
2026-07-09 00:00:00+07:00,570.0,590.0,560.0,580.0,17760400,0.0,0.0
2026-07-10 00:00:00+07:00,580.0,590.0,570.0,585.0,2467600,0.0,0.0
2026-07-13 00:00:00+07:00,585.0,610.0,575.0,605.0,5689600,0.0,0.0
2026-07-14 00:00:00+07:00,605.0,625.0,605.0,615.0,5370800,0.0,0.0
2026-07-15 00:00:00+07:00,620.0,630.0,610.0,625.0,2803800,0.0,0.0
2026-07-16 00:00:00+07:00,630.0,630.0,615.0,625.0,4718300,0.0,0.0
2026-07-17 00:00:00+07:00,625.0,635.0,615.0,635.0,3922300,0.0,0.0
2026-07-20 00:00:00+07:00,635.0,650.0,625.0,635.0,5471000,0.0,0.0
2026-07-21 00:00:00+07:00,635.0,640.0,615.0,615.0,6814400,0.0,0.0
2026-07-22 00:00:00+07:00,615.0,630.0,610.0,615.0,4147000,0.0,0.0
2026-07-23 00:00:00+07:00,615.0,630.0,615.0,625.0,6496800,0.0,0.0
2026-07-24 00:00:00+07:00,625.0,625.0,600.0,610.0,5468000,0.0,0.0
2026-07-27 00:00:00+07:00,605.0,610.0,590.0,590.0,4842400,0.0,0.0
2026-07-28 00:00:00+07:00,585.0,600.0,585.0,590.0,1534300,0.0,0.0
2026-07-29 00:00:00+07:00,590.0,610.0,565.0,585.0,8935700,0.0,0.0
2026-07-30 00:00:00+07:00,590.0,615.0,585.0,595.0,7072700,0.0,0.0
2026-07-31 00:00:00+07:00,605.0,625.0,600.0,610.0,5774200,0.0,0.0
2026-08-03 00:00:00+07:00,610.0,610.0,595.0,600.0,7587900,0.0,0.0
2026-08-04 00:00:00+07:00,605.0,645.0,600.0,625.0,13574100,0.0,0.0
2026-08-05 00:00:00+07:00,630.0,655.0,630.0,645.0,13746800,0.0,0.0
2026-08-06 00:00:00+07:00,645.0,670.0,630.0,635.0,9908200,0.0,0.0
2026-08-07 00:00:00+07:00,635.0,645.0,630.0,635.0,3294200,0.0,0.0
2026-08-10 00:00:00+07:00,635.0,645.0,630.0,630.0,3602300,0.0,0.0
2026-08-11 00:00:00+07:00,630.0,640.0,615.0,625.0,4150400,0.0,0.0
2026-08-12 00:00:00+07:00,630.0,635.0,620.0,625.0,2522300,0.0,0.0
2026-08-13 00:00:00+07:00,625.0,630.0,610.0,615.0,4471100,0.0,0.0
2026-08-14 00:00:00+07:00,620.0,635.0,615.0,630.0,3704700,0.0,0.0
2026-08-18 00:00:00+07:00,630.0,665.0,630.0,645.0,14732600,0.0,0.0
2026-08-19 00:00:00+07:00,645.0,660.0,640.0,645.0,5415800,0.0,0.0
2026-08-20 00:00:00+07:00,645.0,655.0,640.0,645.0,7908300,0.0,0.0
2026-08-21 00:00:00+07:00,655.0,685.0,635.0,640.0,20483800,0.0,0.0
2026-08-24 00:00:00+07:00,635.0,640.0,615.0,625.0,11708500,0.0,0.0
2026-08-26 00:00:00+07:00,625.0,645.0,610.0,610.0,13941400,0.0,0.0
2026-08-27 00:00:00+07:00,610.0,630.0,610.0,625.0,4668000,0.0,0.0
2026-08-28 00:00:00+07:00,630.0,650.0,625.0,635.0,15066200,0.0,0.0
2026-08-31 00:00:00+07:00,650.0,650.0,630.0,635.0,6506000,0.0,0.0
2026-09-01 00:00:00+07:00,635.0,650.0,630.0,645.0,9680700,0.0,0.0
2026-09-02 00:00:00+07:00,650.0,650.0,625.0,635.0,14174300,0.0,0.0
2026-09-03 00:00:00+07:00,640.0,645.0,630.0,640.0,21849700,0.0,0.0
2026-09-04 00:00:00+07:00,640.0,665.0,640.0,640.0,23131900,0.0,0.0
2026-09-07 00:00:00+07:00,650.0,665.0,640.0,655.0,18313900,0.0,0.0
2026-09-08 00:00:00+07:00,655.0,665.0,650.0,650.0,11227000,0.0,0.0
2026-09-09 00:00:00+07:00,655.0,655.0,630.0,635.0,18406200,0.0,0.0
2026-09-10 00:00:00+07:00,630.0,635.0,610.0,615.0,34190900,0.0,0.0
2026-09-11 00:00:00+07:00,605.0,615.0,600.0,610.0,15178000,0.0,0.0
2026-09-14 00:00:00+07:00,605.0,610.0,590.0,605.0,16845100,0.0,0.0
2026-09-15 00:00:00+07:00,605.0,610.0,595.0,595.0,6669300,0.0,0.0
2026-09-16 00:00:00+07:00,600.0,610.0,595.0,600.0,9036900,0.0,0.0
2026-09-17 00:00:00+07:00,605.0,615.0,590.0,605.0,6841100,0.0,0.0
2026-09-18 00:00:00+07:00,605.0,605.0,595.0,600.0,7532300,0.0,0.0
