Date,Open,High,Low,Close,Volume,Dividends,Stock Splits
2022-07-26 00:00:00+07:00,162.25046637599453,202.33587571594612,142.20776170601874,155.56956481933594,781039300,0.0,0.0
2022-07-27 00:00:00+07:00,158.43282121930804,167.02255249023438,154.6151628766741,167.02255249023438,115899900,0.0,0.0
2022-07-28 00:00:00+07:00,168.93137121200562,219.51534112294513,167.9769566853841,183.24758911132812,340524900,0.0,0.0
2022-07-29 00:00:00+07:00,185.15641107406208,188.01965454427952,170.8401937229748,178.4755096435547,108430300,0.0,0.0
2022-08-01 00:00:00+07:00,178.47551711062167,185.15641882064494,176.56668805061503,179.429931640625,45424100,0.0,0.0
2022-08-02 00:00:00+07:00,179.42992318960336,188.9740680401142,173.70343627929688,186.11082458496094,76137700,0.0,0.0
2022-08-03 00:00:00+07:00,188.97407471307434,213.78885220064976,188.97407471307434,192.79173278808594,151945000,0.0,0.0
2022-08-04 00:00:00+07:00,198.5182149251302,240.5124526977539,190.88289896647134,229.05947875976562,140524400,0.0,0.0
2022-08-05 00:00:00+07:00,232.87713053385417,286.3243408203125,229.05947265625,286.3243408203125,157445700,0.0,0.0
2022-08-08 00:00:00+07:00,301.59497886290524,356.9510192871094,276.78020212102064,356.9510192871094,143007600,0.0,0.0
2022-08-09 00:00:00+07:00,353.1333724975586,435.2130212402344,347.4068853759766,381.76580810546875,249720200,0.0,0.0
2022-08-10 00:00:00+07:00,385.5834852288531,400.85411830722353,355.04221907211223,364.58636474609375,48475600,0.0,0.0
2022-08-11 00:00:00+07:00,368.40401918022195,385.5834812145328,349.31572803098766,383.6746520996094,50363900,0.0,0.0
2022-08-12 00:00:00+07:00,383.6746528663827,402.7629440537649,366.4951907977387,379.85699462890625,42911100,0.0,0.0
2022-08-15 00:00:00+07:00,379.85696070471477,414.2158817734829,355.0421843772711,410.3982238769531,112278000,0.0,0.0
2022-08-16 00:00:00+07:00,427.5777082243724,481.9793362797055,406.5805886240684,456.21014404296875,240582300,0.0,0.0
2022-08-18 00:00:00+07:00,458.11897374406647,473.389606202202,439.030683171397,452.3924865722656,85526000,0.0,0.0
2022-08-19 00:00:00+07:00,452.3925046174423,460.02782115107,421.8512384829314,439.03070068359375,100072000,0.0,0.0
2022-08-22 00:00:00+07:00,429.48651164101915,448.57480104728666,412.3070511753784,425.6688537597656,77274400,0.0,0.0
2022-08-23 00:00:00+07:00,427.5776672363281,450.48361369541715,416.12469400678367,427.5776672363281,62912100,0.0,0.0
2022-08-24 00:00:00+07:00,429.4865550165591,442.8483589504076,425.6688967497453,439.03070068359375,29345600,0.0,0.0
2022-08-25 00:00:00+07:00,440.93951619466145,444.757174343533,427.57771267361113,429.4865417480469,25335800,0.0,0.0
2022-08-26 00:00:00+07:00,429.4865431289328,435.2130303706519,419.9423977260676,421.8512268066406,24725200,0.0,0.0
2022-08-29 00:00:00+07:00,418.03355669294086,421.85121474493116,393.21877935500373,400.8540954589844,32143700,0.0,0.0
2022-08-30 00:00:00+07:00,404.6717517994069,433.3041870682328,393.2187776918765,412.30706787109375,38547800,0.0,0.0
2022-08-31 00:00:00+07:00,410.398238853172,419.9423839427807,400.8540937635634,412.30706787109375,22576700,0.0,0.0
2022-09-01 00:00:00+07:00,414.2158974620784,419.94238452376607,406.58058137982806,408.4894104003906,23377900,0.0,0.0
2022-09-02 00:00:00+07:00,408.4894417816738,414.215929283286,398.94529594565336,404.6717834472656,26706300,0.0,0.0
2022-09-05 00:00:00+07:00,402.7628956804372,408.4893823488794,377.9481201171875,377.9481201171875,48976900,0.0,0.0
2022-09-06 00:00:00+07:00,372.2216516443201,381.76579655827703,353.13336181640625,353.13336181640625,7479200,0.0,0.0
2022-09-07 00:00:00+07:00,334.04510586247966,334.04510586247966,330.2274475097656,330.2274475097656,3757200,0.0,0.0
2022-09-08 00:00:00+07:00,313.04795922699924,313.04795922699924,307.32147216796875,307.32147216796875,4942900,0.0,0.0
2022-09-09 00:00:00+07:00,295.8684821355911,372.2216388157436,286.324337550572,320.6832580566406,127936100,0.0,0.0
2022-09-12 00:00:00+07:00,320.68329083478005,330.227436395339,305.4126579378858,309.2303161621094,17882400,0.0,0.0
2022-09-13 00:00:00+07:00,314.95678824667607,318.7744462860297,297.7773270695846,307.32147216796875,14138700,0.0,0.0
2022-09-14 00:00:00+07:00,307.3214841954848,351.22455336626837,303.50382600672106,324.5009460449219,36900100,0.0,0.0
2022-09-15 00:00:00+07:00,326.40978915705153,347.40691009697883,326.40978915705153,330.2274475097656,25006400,0.0,0.0
2022-09-16 00:00:00+07:00,332.1362315586635,332.1362315586635,316.865600222633,320.6832580566406,9250500,0.0,0.0
2022-09-19 00:00:00+07:00,326.40976176817725,326.40976176817725,307.3214716062955,311.1391296386719,14048300,0.0,0.0
2022-09-20 00:00:00+07:00,311.13914527422116,326.4097781711154,305.4126579378858,309.2303161621094,14337800,0.0,0.0
2022-09-21 00:00:00+07:00,309.2303300337358,322.59213441790956,305.41267163825756,314.9568176269531,8163000,0.0,0.0
2022-09-22 00:00:00+07:00,322.59211994689184,322.59211994689184,309.2303161621094,309.2303161621094,5698700,0.0,0.0
2022-09-23 00:00:00+07:00,309.23031328986673,334.04509151683135,309.23031328986673,324.5009460449219,13765900,0.0,0.0
2022-09-26 00:00:00+07:00,322.59207084354034,343.5891878806938,316.8655843788621,337.8627014160156,15946300,0.0,0.0
2022-09-27 00:00:00+07:00,341.68038889848066,356.951020804558,334.045072945442,345.498046875,13149900,0.0,0.0
2022-09-28 00:00:00+07:00,351.224533839779,362.677507769337,345.498046875,345.498046875,9824500,0.0,0.0
2022-09-29 00:00:00+07:00,349.3157383510045,351.2245675223214,330.2274466378348,334.04510498046875,7006700,0.0,0.0
2022-09-30 00:00:00+07:00,334.045072945442,345.498046875,311.139125086326,345.498046875,8700500,0.0,0.0
2022-10-03 00:00:00+07:00,349.3157383510045,351.2245675223214,334.04510498046875,334.04510498046875,4281800,0.0,0.0
2022-10-04 00:00:00+07:00,334.04510498046875,339.7715924944196,330.2274466378348,334.04510498046875,5945700,0.0,0.0
2022-10-05 00:00:00+07:00,335.9539024310405,345.4980473864678,332.1362444488696,341.6803894042969,5682600,0.0,0.0
2022-10-06 00:00:00+07:00,341.6804182542478,374.13051384264,341.6804182542478,349.31573486328125,27419900,0.0,0.0
2022-10-07 00:00:00+07:00,355.0422223200564,358.8598806245731,343.58924740650616,349.31573486328125,6920600,0.0,0.0
2022-10-10 00:00:00+07:00,351.22450316693147,351.22450316693147,334.0450437728968,337.8627014160156,3543400,0.0,0.0
2022-10-11 00:00:00+07:00,335.9539341517857,343.58925083705356,332.1362758091518,334.04510498046875,6577300,0.0,0.0
2022-10-12 00:00:00+07:00,330.2274250886878,385.58346744459504,324.50093794842155,374.1304931640625,48786200,0.0,0.0
2022-10-13 00:00:00+07:00,383.6746403744346,397.03644377055923,362.6775207519531,362.6775207519531,33631300,0.0,0.0
2022-10-14 00:00:00+07:00,362.67752011617023,377.94815254211426,356.9510329564412,366.49517822265625,5062700,0.0,0.0
2022-10-17 00:00:00+07:00,364.5863352076892,368.4039931679792,347.4068743863845,356.9510192871094,4527600,0.0,0.0
2022-10-18 00:00:00+07:00,358.8598487647804,372.2216516443201,351.2245328336149,353.13336181640625,2773600,0.0,0.0
2022-10-19 00:00:00+07:00,353.13337610123006,366.49517952127655,351.2245470412234,358.85986328125,5718100,0.0,0.0
2022-10-20 00:00:00+07:00,358.85984826725434,364.5863352076892,353.1333613268194,356.9510192871094,1429800,0.0,0.0
2022-10-21 00:00:00+07:00,356.95101978198903,368.4039936787373,353.13336181640625,353.13336181640625,6869000,0.0,0.0
2022-10-24 00:00:00+07:00,353.1333628280387,364.5863367575967,345.498046875,345.498046875,3812700,0.0,0.0
2022-10-25 00:00:00+07:00,345.49806247287324,349.3157206217448,343.5892333984375,343.5892333984375,1921800,0.0,0.0
2022-10-26 00:00:00+07:00,341.68041438759917,374.1305096087678,334.0450978649713,368.4040222167969,11458500,0.0,0.0
2022-10-27 00:00:00+07:00,372.2216469369283,398.94525235804116,358.85984422637193,391.3099365234375,31543100,0.0,0.0
2022-10-28 00:00:00+07:00,393.2187969038639,397.03645512623154,381.7658222367611,387.4923095703125,22388800,0.0,0.0
2022-10-31 00:00:00+07:00,387.4923095703125,391.3099677926801,377.94816401439346,387.4923095703125,21736700,0.0,0.0
2022-11-01 00:00:00+07:00,387.4923095703125,391.3099677926801,383.67465134794486,387.4923095703125,28452700,0.0,0.0
2022-11-02 00:00:00+07:00,387.4923095703125,395.1276260150477,379.8569931255773,387.4923095703125,23055600,0.0,0.0
2022-11-03 00:00:00+07:00,385.58346381554236,410.39824118980994,385.58346381554236,397.03643798828125,25977500,0.0,0.0
2022-11-04 00:00:00+07:00,398.94523665048547,402.76289441747576,387.4922633495146,393.21875,21649100,0.0,0.0
2022-11-07 00:00:00+07:00,393.2187969038639,395.1276260150477,383.67465134794486,387.4923095703125,20904300,0.0,0.0
2022-11-08 00:00:00+07:00,387.4923095703125,391.3099677926801,379.8569931255773,387.4923095703125,25450800,0.0,0.0
2022-11-09 00:00:00+07:00,387.4922633495146,400.8540655339806,381.7657766990291,393.21875,29066600,0.0,0.0
2022-11-10 00:00:00+07:00,395.1275944407393,398.94525235804116,387.49227860613564,391.3099365234375,21995500,0.0,0.0
2022-11-11 00:00:00+07:00,391.3099677926801,393.2187969038639,381.7658222367611,387.4923095703125,21609900,0.0,0.0
2022-11-14 00:00:00+07:00,389.4011394443797,391.3099685593031,383.6746520996094,383.6746520996094,28441300,0.0,0.0
2022-11-15 00:00:00+07:00,387.4922952270508,387.4922952270508,372.22166290283207,381.76580810546875,23485400,0.0,0.0
2022-11-16 00:00:00+07:00,381.765777896149,381.765777896149,358.8598312223801,377.9481201171875,28223800,0.0,0.0
2022-11-17 00:00:00+07:00,376.039306640625,381.7657935437817,374.13047767290607,376.039306640625,22827900,0.0,0.0
2022-11-18 00:00:00+07:00,374.1305057920259,391.3099677926801,374.1305057920259,387.4923095703125,36288100,0.0,0.0
2022-11-21 00:00:00+07:00,391.309966303876,397.0364536156401,387.49230809603336,395.12762451171875,42870800,0.0,0.0
2022-11-22 00:00:00+07:00,400.8540960458609,400.8540960458609,389.401121873122,397.03643798828125,50618800,0.0,0.0
2022-11-23 00:00:00+07:00,398.94525235804116,398.94525235804116,387.49227860613564,391.3099365234375,46128200,0.0,0.0
2022-11-24 00:00:00+07:00,391.3099520814185,395.1276101505055,385.58346497778797,389.401123046875,27732700,0.0,0.0
2022-11-25 00:00:00+07:00,389.4011386814963,391.3099677926801,376.03933490320964,387.4923095703125,26485200,0.0,0.0
2022-11-28 00:00:00+07:00,387.4923111038591,387.4923111038591,377.948165510168,379.85699462890625,25671600,0.0,0.0
2022-11-29 00:00:00+07:00,381.76582298468594,387.49231032945625,377.94816475483907,383.6746520996094,46411800,0.0,0.0
2022-11-30 00:00:00+07:00,383.6746225115006,383.6746225115006,372.22164870518714,376.039306640625,20973900,0.0,0.0
2022-12-01 00:00:00+07:00,377.9481201171875,381.765777896149,376.03929122770677,377.9481201171875,25384300,0.0,0.0
2022-12-02 00:00:00+07:00,377.9481201171875,379.8569490066683,374.13046233822604,377.9481201171875,25603300,0.0,0.0
2022-12-05 00:00:00+07:00,377.9481518932225,379.85698094318826,368.40400664339364,370.3128356933594,22948300,0.0,0.0
2022-12-06 00:00:00+07:00,370.31283697831003,372.2216660348993,355.0422045255962,362.6775207519531,20893500,0.0,0.0
2022-12-07 00:00:00+07:00,362.67747609628793,362.67747609628793,337.8627014160156,337.8627014160156,32484400,0.0,0.0
2022-12-08 00:00:00+07:00,337.86276799982244,339.77159719756156,314.9568176269531,314.9568176269531,31854000,0.0,0.0
2022-12-09 00:00:00+07:00,314.9567699432373,353.13334811817515,301.5949675820091,335.9538879394531,36012500,0.0,0.0
2022-12-12 00:00:00+07:00,337.86273410052235,341.68039211295763,313.04795701969306,322.59210205078125,31967000,0.0,0.0
2022-12-13 00:00:00+07:00,324.50094533521076,328.318603515625,314.95679988417515,328.318603515625,38950200,0.0,0.0
2022-12-14 00:00:00+07:00,328.3186183334086,330.2274475097656,322.5921308043375,330.2274475097656,81514900,0.0,0.0
2022-12-15 00:00:00+07:00,337.8627482447131,337.8627482447131,328.3186028140715,332.1362609863281,51045500,0.0,0.0
2022-12-16 00:00:00+07:00,332.1362804066051,332.1362804066051,309.2303300337358,314.9568176269531,26628800,0.0,0.0
2022-12-19 00:00:00+07:00,314.9567894419287,316.8656184688495,293.95967014580015,299.6861572265625,34886300,0.0,0.0
2022-12-20 00:00:00+07:00,299.686174493087,301.5950036299856,280.5978831241006,290.14202880859375,26715400,0.0,0.0
2022-12-21 00:00:00+07:00,290.14201385295945,292.0508428914657,278.68903962192155,288.2331848144531,35986800,0.0,0.0
2022-12-22 00:00:00+07:00,290.1419986979167,292.05082763671874,278.68902506510415,286.3243408203125,35677900,0.0,0.0
2022-12-23 00:00:00+07:00,288.2331848144531,290.14201385295945,278.68903962192155,288.2331848144531,44962000,0.0,0.0
2022-12-26 00:00:00+07:00,288.2331848144531,290.14201385295945,280.5978686604279,288.2331848144531,33151000,0.0,0.0
2022-12-27 00:00:00+07:00,288.23318542890104,290.1420144714765,278.6890402160235,284.41552734375,30225500,0.0,0.0
2022-12-28 00:00:00+07:00,284.4155244647332,307.3214727437721,282.50669544147996,303.5038146972656,80031000,0.0,0.0
2022-12-29 00:00:00+07:00,311.13913393980704,311.13913393980704,282.50669830117454,284.41552734375,45828300,0.0,0.0
2022-12-30 00:00:00+07:00,271.0537240457215,288.23318542890104,271.0537240457215,284.41552734375,36934900,0.0,0.0
2023-01-02 00:00:00+07:00,284.4155267374405,290.14201385295945,280.5978686604279,288.2331848144531,59570200,0.0,0.0
2023-01-03 00:00:00+07:00,290.14202575683595,305.41265869140625,286.32436752319336,305.41265869140625,75035700,0.0,0.0
2023-01-04 00:00:00+07:00,311.13912854223196,322.59210259900124,303.50381250438573,318.7744445800781,85773700,0.0,0.0
2023-01-05 00:00:00+07:00,320.6832747196127,322.5921037358009,297.7773265253547,311.1391296386719,50764900,0.0,0.0
2023-01-06 00:00:00+07:00,313.0479751586914,314.9568042755127,290.14202575683595,305.41265869140625,42467300,0.0,0.0
2023-01-09 00:00:00+07:00,305.4126437205189,305.4126437205189,288.2331825112397,303.5038146972656,32314000,0.0,0.0
2023-01-10 00:00:00+07:00,301.594970703125,309.2302864171282,293.9596549891218,301.594970703125,77538400,0.0,0.0
2023-01-11 00:00:00+07:00,301.59500200320514,303.5038311298077,288.2331981169872,297.77734375,32035200,0.0,0.0
2023-01-12 00:00:00+07:00,297.77734375,301.59500200320514,290.1420272435897,297.77734375,32601000,0.0,0.0
2023-01-13 00:00:00+07:00,297.77732878654234,299.6861578172253,290.1420126638105,295.8684997558594,31712000,0.0,0.0
2023-01-16 00:00:00+07:00,295.8684997558594,297.77732878654234,290.1420126638105,295.8684997558594,30157600,0.0,0.0
2023-01-17 00:00:00+07:00,295.8685003542432,299.68615842333026,288.2331842160692,292.05084228515625,58094300,0.0,0.0
2023-01-18 00:00:00+07:00,293.95967131969974,295.8685003542432,288.2331842160692,292.05084228515625,86324100,0.0,0.0
2023-01-19 00:00:00+07:00,290.1420280159294,295.86851541098065,278.6890532258269,293.9596862792969,40174600,0.0,0.0
2023-01-20 00:00:00+07:00,293.95967255662754,295.86850159920306,280.597869258599,284.41552734375,106992300,0.0,0.0
2023-01-24 00:00:00+07:00,280.5978698730469,286.32435701331315,276.78021177953605,280.5978698730469,152304800,0.0,0.0
2023-01-25 00:00:00+07:00,284.41552860654633,286.324357657597,267.2360671470905,276.78021240234375,41775800,0.0,0.0
2023-01-26 00:00:00+07:00,278.6890572441949,278.6890572441949,263.41842397054035,274.87139892578125,42870200,0.0,0.0
2023-01-27 00:00:00+07:00,274.87139892578125,278.6890572441949,265.3272531297472,274.87139892578125,85806700,0.0,0.0
2023-01-30 00:00:00+07:00,276.78019869154775,276.78019869154775,261.5095670396003,263.41839599609375,63865900,0.0,0.0
2023-01-31 00:00:00+07:00,265.3272406585025,265.3272406585025,251.9654371721031,261.50958251953125,37241800,0.0,0.0
2023-02-01 00:00:00+07:00,263.41842397054035,274.87139892578125,261.50959481133356,274.87139892578125,182410500,0.0,0.0
2023-02-02 00:00:00+07:00,276.780199648729,276.780199648729,255.7830810546875,255.7830810546875,41860300,0.0,0.0
2023-02-03 00:00:00+07:00,259.60074018138323,261.50956915330516,238.60362149024195,246.2389373779297,37804000,0.0,0.0
2023-02-06 00:00:00+07:00,248.14778245340182,248.14778245340182,232.87714968703864,242.42129516601562,36545000,0.0,0.0
2023-02-07 00:00:00+07:00,242.42129376826395,257.69192644657977,240.5124646834745,250.05661010742188,166953300,0.0,0.0
2023-02-08 00:00:00+07:00,251.9654242936955,255.78308223753936,238.60362149024195,246.2389373779297,40385300,0.0,0.0
2023-02-09 00:00:00+07:00,248.14776708209325,248.14776708209325,229.05947730654762,240.512451171875,40646700,0.0,0.0
2023-02-10 00:00:00+07:00,242.42128014942955,244.33010912698413,230.96830628410217,240.512451171875,40581400,0.0,0.0
2023-02-13 00:00:00+07:00,242.42129480838776,244.3301239013672,232.8771493434906,244.3301239013672,42414900,0.0,0.0
2023-02-14 00:00:00+07:00,246.23895299434662,248.14778208732605,232.8771493434906,244.3301239013672,42363300,0.0,0.0
2023-02-15 00:00:00+07:00,246.23895299434662,248.14778208732605,238.6036366224289,244.3301239013672,40183100,0.0,0.0
2023-02-16 00:00:00+07:00,246.2389393956208,246.2389393956208,230.9683074951172,230.9683074951172,43379800,0.0,0.0
2023-02-17 00:00:00+07:00,230.96832128906252,240.512466796875,227.1506630859375,238.6036376953125,43311200,0.0,0.0
2023-02-20 00:00:00+07:00,238.6036376953125,240.512466796875,234.78597949218752,238.6036376953125,36328800,0.0,0.0
2023-02-21 00:00:00+07:00,238.6036376953125,240.512466796875,232.87715039062502,238.6036376953125,40460800,0.0,0.0
2023-02-22 00:00:00+07:00,238.6036376953125,240.512466796875,232.87715039062502,238.6036376953125,69382400,0.0,0.0
2023-02-23 00:00:00+07:00,238.60362268263293,242.42128064555507,232.87713573824973,236.69479370117188,49667700,0.0,0.0
2023-02-24 00:00:00+07:00,236.69480859375,240.512466796875,234.78597949218752,238.6036376953125,38794500,0.0,0.0
2023-02-27 00:00:00+07:00,238.60362268263293,240.512451664094,234.78596471971082,236.69479370117188,40275400,0.0,0.0
2023-02-28 00:00:00+07:00,238.60362268263293,238.60362268263293,225.24181981240548,236.69479370117188,45973200,0.0,0.0
2023-03-01 00:00:00+07:00,238.60362268263293,238.60362268263293,230.96830675678868,236.69479370117188,52168900,0.0,0.0
2023-03-02 00:00:00+07:00,238.60363843964367,238.60363843964367,230.96832200957508,234.78598022460938,40543800,0.0,0.0
2023-03-03 00:00:00+07:00,234.78596572875975,236.69479471842448,227.1506497701009,229.05947875976562,41756900,0.0,0.0
2023-03-06 00:00:00+07:00,229.05947777532762,236.69479370117188,225.24181981240548,236.69479370117188,36697600,0.0,0.0
2023-03-07 00:00:00+07:00,238.6036231869557,238.6036231869557,232.87713623046875,232.87713623046875,50077800,0.0,0.0
2023-03-08 00:00:00+07:00,234.7859817633108,236.6948108833377,225.2418361631762,227.15066528320312,39664100,0.0,0.0
2023-03-09 00:00:00+07:00,229.05947598544034,251.96542358398438,221.424160119259,251.96542358398438,75821400,0.0,0.0
2023-03-10 00:00:00+07:00,251.9654242936955,253.87425326561743,236.69479251832,246.2389373779297,51911900,0.0,0.0
2023-03-13 00:00:00+07:00,248.14776708209325,251.96542503720238,236.69479321676587,240.512451171875,50556400,0.0,0.0
2023-03-14 00:00:00+07:00,240.512451171875,244.33010912698413,225.2418193514385,240.512451171875,58852100,0.0,0.0
2023-03-15 00:00:00+07:00,240.51245217245133,240.51245217245133,230.96830724497312,232.87713623046875,36274400,0.0,0.0
2023-03-16 00:00:00+07:00,232.87715039062502,240.512466796875,225.241833984375,238.6036376953125,50425600,0.0,0.0
2023-03-17 00:00:00+07:00,238.6036376953125,240.512466796875,232.87715039062502,238.6036376953125,104324200,0.0,0.0
2023-03-20 00:00:00+07:00,238.60362268263293,242.42128064555507,232.87713573824973,236.69479370117188,33509100,0.0,0.0
2023-03-21 00:00:00+07:00,236.69479471842448,238.60362370808917,229.05947875976562,229.05947875976562,48242500,0.0,0.0
2023-03-24 00:00:00+07:00,229.05947954226764,230.9683085384532,219.5153345613398,223.33299255371094,27932500,0.0,0.0
2023-03-27 00:00:00+07:00,223.3329928167935,223.3329928167935,213.78884782462285,221.42416381835938,47468400,0.0,0.0
2023-03-28 00:00:00+07:00,219.51533481992524,223.3329928167935,213.78884782462285,221.42416381835938,45728200,0.0,0.0
2023-03-29 00:00:00+07:00,221.42416184948337,238.60362268263293,215.69767490510017,236.69479370117188,49847500,0.0,0.0
2023-03-30 00:00:00+07:00,238.6036366224289,248.14778208732605,230.96832025051117,244.3301239013672,64005000,0.0,0.0
2023-03-31 00:00:00+07:00,246.2389499636462,261.50958251953125,234.78597554673243,261.50958251953125,73794800,0.0,0.0
2023-04-03 00:00:00+07:00,261.50958319769967,276.7802157931858,253.8742668999566,257.6919250488281,52147400,0.0,0.0
2023-04-04 00:00:00+07:00,267.23606972798814,267.23606972798814,253.87426624158874,261.50958251953125,83627700,0.0,0.0
2023-04-05 00:00:00+07:00,261.50958251953125,263.4184115890169,253.87426624158874,261.50958251953125,47414100,0.0,0.0
2023-04-06 00:00:00+07:00,261.50958573818207,261.50958573818207,244.3301239013672,244.3301239013672,50029000,0.0,0.0
2023-04-10 00:00:00+07:00,248.14776758993827,248.14776758993827,232.87713573824973,236.69479370117188,66863600,0.0,0.0
2023-04-11 00:00:00+07:00,236.69479370117188,248.14776758993827,229.05947777532762,236.69479370117188,50659800,0.0,0.0
2023-04-12 00:00:00+07:00,236.6948108833377,236.6948108833377,223.33300704314928,227.15066528320312,45694100,0.0,0.0
2023-04-13 00:00:00+07:00,227.15064927398183,242.421281157947,223.33299130299054,232.87713623046875,111743800,0.0,0.0
2023-04-14 00:00:00+07:00,232.87713673909505,236.69479471842448,223.33299179077147,229.05947875976562,69622100,0.0,0.0
2023-04-17 00:00:00+07:00,229.05949600883153,232.87715427564538,219.51535034179688,219.51535034179688,58447200,0.0,0.0
2023-04-18 00:00:00+07:00,221.42418157404117,221.42418157404117,208.0623775135387,209.97120666503906,71045000,0.0,0.0
2023-04-26 00:00:00+07:00,211.88003540039062,215.69769369589315,208.0623771048881,211.88003540039062,66881800,0.0,0.0
2023-04-27 00:00:00+07:00,213.7888614430147,230.96832352325694,211.88003232298777,227.15066528320312,53745200,0.0,0.0
2023-04-28 00:00:00+07:00,227.15065136290434,229.05948036595396,215.69767734460663,217.60650634765625,43846800,0.0,0.0
2023-05-02 00:00:00+07:00,219.51535034179688,225.24183774201768,215.69769207498302,219.51535034179688,53653200,0.0,0.0
2023-05-03 00:00:00+07:00,219.5153519913957,225.2418394346495,211.88003540039062,211.88003540039062,43028200,0.0,0.0
2023-05-04 00:00:00+07:00,211.88001960146744,221.4241646285606,211.88001960146744,215.6976776123047,50744200,0.0,0.0
2023-05-05 00:00:00+07:00,215.69769369589315,217.60652284364443,208.0623771048881,211.88003540039062,43457100,0.0,0.0
2023-05-08 00:00:00+07:00,217.60649136134558,219.51532023293632,211.88000474657332,213.78883361816406,50933900,0.0,0.0
2023-05-09 00:00:00+07:00,215.69767631918697,227.1506502830376,211.88001833123676,225.2418212890625,47686600,0.0,0.0
2023-05-10 00:00:00+07:00,229.05947777532762,238.60362268263293,223.33299083094442,236.69479370117188,45721500,0.0,0.0
2023-05-11 00:00:00+07:00,238.60362480426656,244.33011179956895,221.42416381835938,221.42416381835938,36333300,0.0,0.0
2023-05-12 00:00:00+07:00,221.4241633011123,225.2418212890625,217.60650531316207,225.2418212890625,46309000,0.0,0.0
2023-05-15 00:00:00+07:00,225.24183774201768,227.1506668754246,219.51535034179688,219.51535034179688,44725700,0.0,0.0
2023-05-16 00:00:00+07:00,221.4241643537555,223.3329933568051,213.788848341557,217.60650634765625,46059500,0.0,0.0
2023-05-17 00:00:00+07:00,219.5153345613398,225.2418215498965,219.5153345613398,223.33299255371094,40764200,0.0,0.0
2023-05-19 00:00:00+07:00,223.3329936339792,225.24182263939784,215.6976776123047,215.6976776123047,1126100,0.0,0.0
2023-05-22 00:00:00+07:00,215.69767734460663,217.60650634765625,211.8800193385074,217.60650634765625,379300,0.0,0.0
2023-05-23 00:00:00+07:00,217.60649136134558,217.60649136134558,211.88000474657332,213.78883361816406,1259200,0.0,0.0
2023-05-24 00:00:00+07:00,213.78884860688606,215.6976776123047,211.88001960146744,215.6976776123047,381900,0.0,0.0
2023-05-25 00:00:00+07:00,215.69766248975483,217.60649136134558,213.78883361816406,213.78883361816406,806600,0.0,0.0
2023-05-26 00:00:00+07:00,213.78883361816406,215.69766248975483,211.88000474657332,213.78883361816406,165300,0.0,0.0
2023-05-29 00:00:00+07:00,213.7888645481419,217.60652284364443,211.88003540039062,211.88003540039062,517200,0.0,0.0
2023-05-30 00:00:00+07:00,211.88000474657332,217.60649136134558,211.88000474657332,213.78883361816406,368000,0.0,0.0
2023-05-31 00:00:00+07:00,213.78886496803977,213.78886496803977,209.97120666503906,209.97120666503906,796100,0.0,0.0
2023-06-05 00:00:00+07:00,209.97120625263935,215.69769369589315,209.97120625263935,211.88003540039062,2325900,0.0,0.0
2023-06-06 00:00:00+07:00,213.78884860688606,215.6976776123047,211.88001960146744,215.6976776123047,209900,0.0,0.0
2023-06-07 00:00:00+07:00,215.6976854112413,269.1448994954427,209.97119818793402,257.6919250488281,56219300,0.0,0.0
2023-06-08 00:00:00+07:00,259.60075279620054,271.0537271842682,240.51246214942108,265.3272399902344,57839700,0.0,0.0
2023-06-09 00:00:00+07:00,269.14489619814117,276.78021240234375,259.60075094288794,276.78021240234375,25239000,0.0,0.0
2023-06-12 00:00:00+07:00,282.5066971124387,293.95967131969974,274.8713809742647,292.05084228515625,56276400,0.0,0.0
2023-06-13 00:00:00+07:00,292.05082939040494,295.8684872909331,250.05659248459506,271.0537109375,71150800,0.0,0.0
2023-06-14 00:00:00+07:00,272.9625403267997,274.87136928013393,248.14776393345426,267.2360534667969,53307500,0.0,0.0
2023-06-15 00:00:00+07:00,267.2360671470905,276.78021240234375,265.3272380960399,276.78021240234375,38848300,0.0,0.0
2023-06-16 00:00:00+07:00,280.7199802528433,284.59197998046875,269.10398106996706,284.59197998046875,50887100,4.07,0.0
2023-06-19 00:00:00+07:00,288.46397970809414,288.46397970809414,280.7199802528433,284.59197998046875,38397500,0.0,0.0
2023-06-20 00:00:00+07:00,284.59197029903015,286.52797009698276,274.91197130926724,280.719970703125,56955100,0.0,0.0
2023-06-21 00:00:00+07:00,280.7199755106887,284.5919751729051,274.9119760173641,282.6559753417969,58874500,0.0,0.0
2023-06-22 00:00:00+07:00,282.6559753417969,284.5919751729051,276.8479758484723,282.6559753417969,48461400,0.0,0.0
2023-06-23 00:00:00+07:00,282.65597898568683,288.46397855388585,247.80798157649255,259.4239807128906,70723700,0.0,0.0
2023-06-26 00:00:00+07:00,259.4239784979051,261.3599783374417,240.06398010253906,240.06398010253906,85638000,0.0,0.0
2023-06-27 00:00:00+07:00,240.06397684211404,243.93597646859976,226.51197814941406,226.51197814941406,100137900,0.0,0.0
2023-07-03 00:00:00+07:00,226.51199461284438,234.2559944286681,220.70399475097656,220.70399475097656,88030200,0.0,0.0
2023-07-04 00:00:00+07:00,189.72797347359034,228.44796806003737,189.72797347359034,222.6399688720703,62052600,0.0,0.0
2023-07-05 00:00:00+07:00,222.6399850845337,222.6399850845337,212.95998573303223,216.8319854736328,65523700,0.0,0.0
2023-07-06 00:00:00+07:00,212.9599818476924,220.7039811876085,209.08798217773438,209.08798217773438,90086200,0.0,0.0
2023-07-07 00:00:00+07:00,207.15198705830707,216.83198645355506,207.15198705830707,211.02398681640625,88956400,0.0,0.0
2023-07-10 00:00:00+07:00,211.02398782406215,212.95998771235628,203.27998827088555,205.2159881591797,63747500,0.0,0.0
2023-07-11 00:00:00+07:00,183.91998938794407,207.15198804747385,183.91998938794407,205.2159881591797,73681200,0.0,0.0
2023-07-12 00:00:00+07:00,205.2159881591797,207.15198804747385,197.4719886060031,205.2159881591797,70901100,0.0,0.0
2023-07-13 00:00:00+07:00,205.2159881591797,207.15198804747385,199.40798849429726,205.2159881591797,75769100,0.0,0.0
2023-07-14 00:00:00+07:00,205.2159881591797,209.08798793576798,201.3439883825914,205.2159881591797,70583200,0.0,0.0
2023-07-17 00:00:00+07:00,205.21598336356027,205.21598336356027,197.47198399135044,203.2799835205078,73128400,0.0,0.0
2023-07-18 00:00:00+07:00,201.34398940003035,205.21598919618478,195.5359897057987,199.40798950195312,80348200,0.0,0.0
2023-07-20 00:00:00+07:00,199.40798950195312,201.34398940003035,195.5359897057987,199.40798950195312,99869800,0.0,0.0
2023-07-21 00:00:00+07:00,199.4079790848952,201.34397888183594,195.53597949101373,201.34397888183594,60961600,0.0,0.0
2023-07-24 00:00:00+07:00,201.34398367745536,205.21598336356027,199.4079838344029,203.2799835205078,107238500,0.0,0.0
2023-07-25 00:00:00+07:00,203.27998827088555,209.08798793576798,199.40798849429726,205.2159881591797,99458800,0.0,0.0
2023-07-26 00:00:00+07:00,205.21597774897782,209.0879773291472,201.34397816880843,207.1519775390625,95139000,0.0,0.0
2023-07-27 00:00:00+07:00,207.15198234275536,209.08798217773438,201.3439828378183,209.08798217773438,121605200,0.0,0.0
2023-07-28 00:00:00+07:00,209.08798693735665,214.89598657450546,205.21598717925747,211.02398681640625,95165300,0.0,0.0
2023-07-31 00:00:00+07:00,211.02397641268644,214.8959759798917,209.0879766290838,212.95997619628906,93112300,0.0,0.0
2023-08-01 00:00:00+07:00,214.8959759798917,214.8959759798917,205.21597706187856,212.95997619628906,117336300,0.0,0.0
2023-08-02 00:00:00+07:00,212.95997619628906,214.8959759798917,205.21597706187856,212.95997619628906,91110700,0.0,0.0
2023-08-03 00:00:00+07:00,212.95998100761895,214.89598083496094,209.08798135293497,214.89598083496094,105811600,0.0,0.0
2023-08-04 00:00:00+07:00,212.95998100761895,214.89598083496094,209.08798135293497,214.89598083496094,101356800,0.0,0.0
2023-08-07 00:00:00+07:00,214.89599028730814,218.7679901123047,209.08799054981333,218.7679901123047,87445900,0.0,0.0
2023-08-08 00:00:00+07:00,218.76799479702063,220.70399475097656,212.95999493515282,220.70399475097656,104198800,0.0,0.0
2023-08-09 00:00:00+07:00,220.70396914274795,222.6399688720703,216.83196968410326,222.6399688720703,126561200,0.0,0.0
2023-08-10 00:00:00+07:00,222.6399947049325,224.57599465888842,218.76799479702063,220.70399475097656,146592200,0.0,0.0
2023-08-11 00:00:00+07:00,220.70398621165424,222.63998609070384,211.02398681640625,211.02398681640625,110727400,0.0,0.0
2023-08-14 00:00:00+07:00,211.02398118027696,214.89598083496094,199.407982216225,214.89598083496094,114870700,0.0,0.0
2023-08-15 00:00:00+07:00,214.89599488910875,220.70399475097656,209.08799502724094,220.70399475097656,133421500,0.0,0.0
2023-08-16 00:00:00+07:00,218.76798351740433,230.38398264222226,214.89598380913168,228.44798278808594,129829600,0.0,0.0
2023-08-18 00:00:00+07:00,228.44797796265692,230.38397777589978,222.63997852292837,226.51197814941406,113484300,0.0,0.0
2023-08-21 00:00:00+07:00,224.57599232991535,232.3199920654297,218.76799252827962,232.3199920654297,120318700,0.0,0.0
2023-08-22 00:00:00+07:00,232.31998159865702,234.2559814453125,226.51198205869062,234.2559814453125,103109900,0.0,0.0
2023-08-23 00:00:00+07:00,234.2559814453125,238.12798113862345,230.38398175200157,234.2559814453125,136021900,0.0,0.0
2023-08-24 00:00:00+07:00,232.31998159865702,234.2559814453125,230.38398175200157,234.2559814453125,95846400,0.0,0.0
2023-08-25 00:00:00+07:00,232.3199920654297,234.25599199930826,228.44799219767253,232.3199920654297,102840900,0.0,0.0
2023-08-28 00:00:00+07:00,232.3199824963586,232.3199824963586,220.70398337154066,228.44798278808594,94141800,0.0,0.0
2023-08-29 00:00:00+07:00,228.44798572785265,228.44798572785265,211.02398681640625,211.02398681640625,89908500,0.0,0.0
2023-08-30 00:00:00+07:00,212.95999037480988,218.7679901123047,207.15199063731507,218.7679901123047,115078300,0.0,0.0
2023-08-31 00:00:00+07:00,218.76799479702063,220.70399475097656,214.89599488910875,220.70399475097656,97807900,0.0,0.0
2023-09-01 00:00:00+07:00,220.70397396745352,224.5759735107422,216.83197442416486,224.5759735107422,101106800,0.0,0.0
2023-09-04 00:00:00+07:00,222.63997852292837,226.51197814941406,218.76797889644266,226.51197814941406,102051400,0.0,0.0
2023-09-05 00:00:00+07:00,224.57599232991535,232.3199920654297,220.7039924621582,232.3199920654297,102917500,0.0,0.0
2023-09-06 00:00:00+07:00,232.31998443603516,251.6799831390381,228.44798469543457,247.8079833984375,140827300,0.0,0.0
2023-09-07 00:00:00+07:00,249.7439927321214,251.67999267578125,234.25599318284256,251.67999267578125,116329700,0.0,0.0
2023-09-08 00:00:00+07:00,251.67995650679978,261.3599548339844,241.99995817961516,261.3599548339844,135844100,0.0,0.0
2023-09-11 00:00:00+07:00,261.3599646352503,265.2319641113281,255.55196542113367,265.2319641113281,115364000,0.0,0.0
2023-09-12 00:00:00+07:00,261.3599694293478,267.16796875,259.4239696557971,267.16796875,102378000,0.0,0.0
2023-09-13 00:00:00+07:00,267.16797358012025,269.1039733886719,259.4239743459139,269.1039733886719,103445400,0.0,0.0
2023-09-14 00:00:00+07:00,269.1039875728983,274.9119873046875,263.29598784110914,274.9119873046875,152433700,0.0,0.0
2023-09-15 00:00:00+07:00,269.10396497677533,302.0159606933594,269.10396497677533,302.0159606933594,135289100,0.0,0.0
2023-09-18 00:00:00+07:00,298.1439800262451,309.7599792480469,294.27198028564453,309.7599792480469,93680000,0.0,0.0
2023-09-19 00:00:00+07:00,309.75995968549677,309.75995968549677,282.6559632130158,302.0159606933594,98137000,0.0,0.0
2023-09-20 00:00:00+07:00,302.01598895037614,313.6319885253906,290.3999893753617,313.6319885253906,110168000,0.0,0.0
2023-09-21 00:00:00+07:00,313.6319806498866,360.0959777832031,305.88798112766716,360.0959777832031,130097300,0.0,0.0
2023-09-22 00:00:00+07:00,360.0959798177083,360.0959798177083,332.99198133680557,348.47998046875,111788600,0.0,0.0
2023-09-25 00:00:00+07:00,348.4799851897013,350.4159851074219,338.7999856010985,350.4159851074219,95719300,0.0,0.0
2023-09-26 00:00:00+07:00,350.41595945253476,354.2879590044965,346.5439599005731,352.3519592285156,90286300,0.0,0.0
2023-09-27 00:00:00+07:00,352.3519656078963,352.3519656078963,309.7599697651836,342.6719665527344,82204300,0.0,0.0
2023-09-29 00:00:00+07:00,338.79996693066954,342.6719665527344,329.1199678755076,342.6719665527344,60152300,0.0,0.0
2023-10-02 00:00:00+07:00,340.7359809027778,350.41598036024305,329.11998155381946,348.47998046875,329180300,0.0,0.0
2023-10-03 00:00:00+07:00,348.4799851897013,350.4159851074219,338.7999856010985,350.4159851074219,121637400,0.0,0.0
2023-10-04 00:00:00+07:00,350.41595945253476,354.2879590044965,342.6719603486114,352.3519592285156,66441100,0.0,0.0
2023-10-05 00:00:00+07:00,352.3519718509694,373.6479701496544,348.4799721602994,369.7759704589844,187741700,0.0,0.0
2023-10-06 00:00:00+07:00,371.71197509765625,377.51997470855713,360.0959758758545,371.71197509765625,115498100,0.0,0.0
2023-10-09 00:00:00+07:00,371.7119506183155,371.7119506183155,360.09595216149313,362.0319519042969,63726500,0.0,0.0
2023-10-10 00:00:00+07:00,360.09595216149313,362.0319519042969,325.24795679102607,362.0319519042969,116778200,0.0,0.0
2023-10-11 00:00:00+07:00,365.9039611816406,367.8399609762525,356.2239622085814,365.9039611816406,142324300,0.0,0.0
2023-10-12 00:00:00+07:00,365.90395385742187,389.13595092773437,360.09595458984376,387.199951171875,114376900,0.0,0.0
2023-10-13 00:00:00+07:00,389.1359410141454,389.1359410141454,367.8399442422269,383.32794189453125,77012000,0.0,0.0
2023-10-16 00:00:00+07:00,383.32794189453125,383.32794189453125,373.64794336184104,383.32794189453125,65680700,0.0,0.0
2023-10-17 00:00:00+07:00,381.3919418243591,385.2639412337435,317.5039515695172,323.31195068359375,93204800,0.0,0.0
2023-10-18 00:00:00+07:00,323.31198316631895,323.31198316631895,251.6799868959369,255.55198669433594,62166800,0.0,0.0
2023-10-19 00:00:00+07:00,193.59998395366054,249.7439793002221,193.59998395366054,240.06398010253906,39518000,0.0,0.0
2023-10-20 00:00:00+07:00,251.67998413085937,251.67998413085937,226.51198571777343,241.99998474121094,196632500,0.0,0.0
2023-10-23 00:00:00+07:00,240.06397453187006,247.80797371031747,228.44797576419893,243.93597412109375,49074800,0.0,0.0
2023-10-24 00:00:00+07:00,241.9999743264819,243.93597412109375,236.19197494264634,243.93597412109375,72513000,0.0,0.0
2023-10-25 00:00:00+07:00,241.99997994207567,243.93597978161228,238.12798026300246,240.06398010253906,60474100,0.0,0.0
2023-10-26 00:00:00+07:00,238.12798205876754,238.12798205876754,228.44798278808594,228.44798278808594,46336300,0.0,0.0
2023-10-27 00:00:00+07:00,228.44796806003737,228.44796806003737,216.83196968410326,222.6399688720703,62775900,0.0,0.0
2023-10-30 00:00:00+07:00,220.70396914274795,226.511968330715,214.89596995478092,222.6399688720703,68508000,0.0,0.0
2023-10-31 00:00:00+07:00,220.70398031698693,222.63998014432892,212.95998100761895,214.89598083496094,52166800,0.0,0.0
2023-11-01 00:00:00+07:00,212.95998100761895,214.89598083496094,205.215981698251,214.89598083496094,53038600,0.0,0.0
2023-11-02 00:00:00+07:00,214.89598083496094,216.83198066230293,209.08798135293497,214.89598083496094,118002600,0.0,0.0
2023-11-03 00:00:00+07:00,212.95999493515282,220.70399475097656,211.0239949811969,220.70399475097656,71955900,0.0,0.0
2023-11-06 00:00:00+07:00,220.70398337154066,228.44798278808594,216.831983663268,228.44798278808594,39178000,0.0,0.0
2023-11-07 00:00:00+07:00,228.4479875324153,230.3839874267578,222.63998784938778,230.3839874267578,23255400,0.0,0.0
2023-11-08 00:00:00+07:00,230.3839921315511,234.25599199930826,224.57599232991535,232.3199920654297,30390400,0.0,0.0
2023-11-09 00:00:00+07:00,232.31998159865702,234.2559814453125,228.4479819053461,234.2559814453125,28102000,0.0,0.0
2023-11-10 00:00:00+07:00,234.2559814453125,236.19198129196798,228.4479819053461,234.2559814453125,36957800,0.0,0.0
2023-11-13 00:00:00+07:00,232.31998159865702,236.19198129196798,230.38398175200157,234.2559814453125,31974000,0.0,0.0
2023-11-14 00:00:00+07:00,234.25598619805007,236.19198608398438,230.38398642618148,236.19198608398438,23451300,0.0,0.0
2023-11-15 00:00:00+07:00,234.2559814453125,240.06398098527893,232.31998159865702,234.2559814453125,33540600,0.0,0.0
2023-11-16 00:00:00+07:00,232.3199873211003,234.25598721544281,224.57598774373028,230.3839874267578,26863000,0.0,0.0
2023-11-17 00:00:00+07:00,230.3839677893597,230.3839677893597,218.76796941342562,222.6399688720703,31358300,0.0,0.0
2023-11-20 00:00:00+07:00,220.70397396745352,226.51197328238652,218.7679741958092,224.5759735107422,89424300,0.0,0.0
2023-11-21 00:00:00+07:00,220.70399475097656,222.6399947049325,218.76799479702063,220.70399475097656,35816800,0.0,0.0
2023-11-22 00:00:00+07:00,218.76799479702063,220.70399475097656,216.83199484306468,220.70399475097656,58840500,0.0,0.0
2023-11-23 00:00:00+07:00,218.7679741958092,226.51197328238652,218.7679741958092,224.5759735107422,70746700,0.0,0.0
2023-11-24 00:00:00+07:00,224.5759783361712,226.51197814941406,222.63997852292837,226.51197814941406,51132400,0.0,0.0
2023-11-27 00:00:00+07:00,226.51198763807278,230.3839874267578,222.63998784938778,230.3839874267578,57981000,0.0,0.0
2023-11-28 00:00:00+07:00,230.38398642618148,238.12798596991868,226.5119866543129,236.19198608398438,51681700,0.0,0.0
2023-11-29 00:00:00+07:00,236.19197494264634,243.93597412109375,232.31997535342262,243.93597412109375,40122600,0.0,0.0
2023-11-30 00:00:00+07:00,245.87198822258057,251.6799879443738,236.1919886862585,249.74398803710938,48392100,0.0,0.0
2023-12-01 00:00:00+07:00,249.7439927321214,253.6159926194411,243.93599290114184,251.67999267578125,43555400,0.0,0.0
2023-12-04 00:00:00+07:00,251.67999267578125,253.6159926194411,238.12799307016226,251.67999267578125,40697000,0.0,0.0
2023-12-05 00:00:00+07:00,251.67999267578125,255.55199256310098,245.8719928448017,251.67999267578125,38792600,0.0,0.0
2023-12-06 00:00:00+07:00,247.80798812984497,251.6799879443738,245.87198822258057,249.74398803710938,32782300,0.0,0.0
2023-12-07 00:00:00+07:00,245.87198822258057,249.74398803710938,240.0639885007873,249.74398803710938,30184500,0.0,0.0
2023-12-08 00:00:00+07:00,249.7439927321214,253.6159926194411,245.8719928448017,251.67999267578125,33756100,0.0,0.0
2023-12-11 00:00:00+07:00,251.67999267578125,251.67999267578125,247.80799278846155,251.67999267578125,32790700,0.0,0.0
2023-12-12 00:00:00+07:00,247.80798709753788,255.55198669433594,243.93598729913884,255.55198669433594,34330500,0.0,0.0
2023-12-13 00:00:00+07:00,255.55195583767363,265.2319541648582,253.6159561722367,261.3599548339844,43262900,0.0,0.0
2023-12-14 00:00:00+07:00,263.29598042502334,265.2319802810897,257.48798085682427,259.4239807128906,31189500,0.0,0.0
2023-12-15 00:00:00+07:00,257.48798085682427,259.4239807128906,251.67998128862524,259.4239807128906,47230800,0.0,0.0
2023-12-18 00:00:00+07:00,259.42398352656807,272.9759826660156,255.55198377244017,272.9759826660156,70256600,0.0,0.0
2023-12-19 00:00:00+07:00,272.9759528266059,276.84795215747977,245.871957510489,261.3599548339844,62980700,0.0,0.0
2023-12-20 00:00:00+07:00,261.3599548339844,261.3599548339844,247.80795717592594,261.3599548339844,45395700,0.0,0.0
2023-12-21 00:00:00+07:00,261.3599597706514,267.1679588766659,257.4879603666418,263.29595947265625,63041200,0.0,0.0
2023-12-22 00:00:00+07:00,263.2959643732892,265.2319641113281,259.4239648972114,265.2319641113281,82300500,0.0,0.0
2023-12-27 00:00:00+07:00,265.2319541648582,265.2319541648582,251.67995650679978,261.3599548339844,21729900,0.0,0.0
2023-12-28 00:00:00+07:00,259.42400664135926,265.2320067900464,255.5520065422345,257.4880065917969,75344400,0.0,0.0
2023-12-29 00:00:00+07:00,255.5520065422345,259.42400664135926,253.6160064926721,257.4880065917969,66524900,0.0,0.0
2024-01-02 00:00:00+07:00,257.4879865935354,259.42398649273497,247.80798709753788,255.55198669433594,107494500,0.0,0.0
2024-01-03 00:00:00+07:00,253.6159811446916,261.359980568957,253.6159811446916,259.4239807128906,76430800,0.0,0.0
2024-01-04 00:00:00+07:00,259.4239807128906,263.29598042502334,257.48798085682427,259.4239807128906,28664400,0.0,0.0
2024-01-05 00:00:00+07:00,259.4239600686466,265.2319591746611,259.4239600686466,263.29595947265625,50393600,0.0,0.0
2024-01-08 00:00:00+07:00,263.29595947265625,265.2319591746611,259.4239600686466,263.29595947265625,44194500,0.0,0.0
2024-01-09 00:00:00+07:00,261.3599548339844,263.2959544994213,257.4879555031105,261.3599548339844,75196200,0.0,0.0
2024-01-10 00:00:00+07:00,261.3599548339844,263.2959544994213,257.4879555031105,261.3599548339844,47205400,0.0,0.0
2024-01-11 00:00:00+07:00,261.35998639193446,263.295986291134,249.7439869967374,255.55198669433594,30544200,0.0,0.0
2024-01-12 00:00:00+07:00,255.55199256310098,255.55199256310098,232.3199932391827,251.67999267578125,39517500,0.0,0.0
2024-01-15 00:00:00+07:00,251.67999267578125,251.67999267578125,251.67999267578125,251.67999267578125,0,0.0,0.0
2024-01-16 00:00:00+07:00,259.4239696557971,269.10396852355075,253.61597033514494,267.16796875,43653400,0.0,0.0
2024-01-17 00:00:00+07:00,267.16797834123884,271.03997802734375,263.2959786551339,271.03997802734375,41561100,0.0,0.0
2024-01-18 00:00:00+07:00,271.0399874834947,276.84798721528387,265.23198775170556,274.9119873046875,46445000,0.0,0.0
2024-01-19 00:00:00+07:00,274.91196653578015,282.6559655931261,272.9759667714437,278.7839660644531,44508400,0.0,0.0
2024-01-22 00:00:00+07:00,278.7839918870192,278.7839918870192,272.9759920560397,276.8479919433594,51658300,0.0,0.0
2024-01-23 00:00:00+07:00,274.91197771344866,276.8479775565011,267.16797834123884,271.03997802734375,72911200,0.0,0.0
2024-01-24 00:00:00+07:00,269.1039829118877,272.9759826660156,263.2959832806959,272.9759826660156,40232500,0.0,0.0
2024-01-25 00:00:00+07:00,271.0399827889517,276.8479824201435,269.1039829118877,272.9759826660156,102726300,0.0,0.0
2024-01-26 00:00:00+07:00,272.9759826660156,276.8479824201435,269.1039829118877,272.9759826660156,83698100,0.0,0.0
2024-01-29 00:00:00+07:00,271.0399874834947,274.9119873046875,267.1679876623019,274.9119873046875,40193700,0.0,0.0
2024-01-30 00:00:00+07:00,274.91197130926724,284.59197029903015,272.97597151131464,280.719970703125,86700700,0.0,0.0
2024-01-31 00:00:00+07:00,278.7839803890306,284.59197998046875,276.8479805252179,284.59197998046875,100140200,0.0,0.0
2024-02-01 00:00:00+07:00,284.59197998046875,286.52797984428145,280.7199802528433,284.59197998046875,92578400,0.0,0.0
2024-02-02 00:00:00+07:00,284.59197029903015,284.59197029903015,272.97597151131464,280.719970703125,26139900,0.0,0.0
2024-02-05 00:00:00+07:00,278.78397567958046,282.6559753417969,274.9119760173641,282.6559753417969,37363700,0.0,0.0
2024-02-06 00:00:00+07:00,280.719970703125,282.6559705010776,276.84797110721985,280.719970703125,47514600,0.0,0.0
2024-02-07 00:00:00+07:00,280.719970703125,280.719970703125,272.97597151131464,280.719970703125,30593800,0.0,0.0
2024-02-12 00:00:00+07:00,278.7839803890306,284.59197998046875,276.8479805252179,284.59197998046875,38217600,0.0,0.0
2024-02-13 00:00:00+07:00,282.65597373560854,294.27197265625,280.71997391550167,294.27197265625,129886800,0.0,0.0
2024-02-15 00:00:00+07:00,294.2719821682224,298.14398193359375,288.46398252016536,298.14398193359375,72020700,0.0,0.0
2024-02-16 00:00:00+07:00,300.0799844872137,311.69598388671875,294.2719847874612,311.69598388671875,82139700,0.0,0.0
2024-02-19 00:00:00+07:00,311.69599324793904,315.5679931640625,303.9519934156921,315.5679931640625,42546400,0.0,0.0
2024-02-20 00:00:00+07:00,315.56796138244266,329.11995972401996,313.6319616193602,327.1839599609375,81996400,0.0,0.0
2024-02-21 00:00:00+07:00,327.18398821149555,344.6079875837054,325.24798828125,338.79998779296875,81131400,0.0,0.0
2024-02-22 00:00:00+07:00,338.7999734213186,340.7359732694404,315.5679752438568,332.9919738769531,63512500,0.0,0.0
2024-02-23 00:00:00+07:00,332.9919738769531,334.92797372507493,325.2479744844659,332.9919738769531,28973400,0.0,0.0
2024-02-26 00:00:00+07:00,332.99194920705463,332.99194920705463,313.63195216013287,323.31195068359375,31730000,0.0,0.0
2024-02-27 00:00:00+07:00,323.3119977625405,323.3119977625405,311.69599784292825,317.5039978027344,27597200,0.0,0.0
2024-02-28 00:00:00+07:00,315.56797698606925,323.31197642131025,311.6959772684488,321.3759765625,45296400,0.0,0.0
2024-02-29 00:00:00+07:00,321.3759701377467,332.9919690583882,315.567970677426,331.05596923828125,53991800,0.0,0.0
2024-03-01 00:00:00+07:00,331.0559643913718,331.0559643913718,311.6959664737477,329.1199645996094,26719400,0.0,0.0
2024-03-04 00:00:00+07:00,329.1199645996094,332.9919641831342,321.3759654325597,329.1199645996094,28516400,0.0,0.0
2024-03-05 00:00:00+07:00,327.18397718035305,346.5439758300781,323.31197745040805,346.5439758300781,84797600,0.0,0.0
2024-03-06 00:00:00+07:00,348.47998046875,348.47998046875,338.79998101128473,348.47998046875,38437700,0.0,0.0
2024-03-07 00:00:00+07:00,348.47998257341055,348.47998257341055,332.99198334792567,336.8639831542969,19818000,0.0,0.0
2024-03-08 00:00:00+07:00,334.9279639748966,336.863963766659,311.6959664737477,329.1199645996094,47717100,0.0,0.0
2024-03-13 00:00:00+07:00,329.1199977223466,329.1199977223466,315.56799781613233,317.5039978027344,45124200,0.0,0.0
2024-03-14 00:00:00+07:00,317.50396686422414,317.50396686422414,265.23197231950434,280.719970703125,51104800,0.0,0.0
2024-03-15 00:00:00+07:00,241.999992957482,280.7199918306791,241.999992957482,251.67999267578125,63408800,0.0,0.0
2024-03-18 00:00:00+07:00,251.67999140421549,251.67999140421549,226.51199226379396,232.3199920654297,53836400,0.0,0.0
2024-03-19 00:00:00+07:00,230.38398264222226,234.2559823504949,220.70398337154066,228.44798278808594,71129200,0.0,0.0
2024-03-20 00:00:00+07:00,228.4479945668003,228.4479945668003,212.95999493515282,220.70399475097656,47659200,0.0,0.0
2024-03-21 00:00:00+07:00,209.08799502724094,224.57599465888842,209.08799502724094,220.70399475097656,59212100,0.0,0.0
2024-03-22 00:00:00+07:00,220.7039811876085,220.7039811876085,203.2799826727973,209.08798217773438,53356200,0.0,0.0
2024-03-25 00:00:00+07:00,209.08798217773438,209.08798217773438,209.08798217773438,209.08798217773438,0,0.0,0.0
2024-03-26 00:00:00+07:00,214.71429443359375,214.71429443359375,214.71429443359375,214.71429443359375,0,5.66,0.0
2024-03-27 00:00:00+07:00,216.7023802323775,220.6785706953569,216.7023802323775,218.6904754638672,48677600,0.0,0.0
2024-03-28 00:00:00+07:00,220.67857360839844,222.66666886613177,218.69047835066513,220.67857360839844,41722200,0.0,0.0
2024-04-01 00:00:00+07:00,222.6666659268466,222.6666659268466,218.6904754638672,218.6904754638672,51176400,0.0,0.0
2024-04-02 00:00:00+07:00,218.69048397097967,234.59524644159637,218.69048397097967,224.65476989746094,40757600,0.0,0.0
2024-04-03 00:00:00+07:00,226.642865206288,228.6309605151151,220.67857927980674,224.65476989746094,26292200,0.0,0.0
2024-04-04 00:00:00+07:00,226.6428623199463,226.6428623199463,220.6785764694214,222.6666717529297,45448400,0.0,0.0
2024-04-05 00:00:00+07:00,222.6666717529297,224.654767036438,218.6904811859131,222.6666717529297,40873300,0.0,0.0
2024-04-16 00:00:00+07:00,222.6666717529297,226.6428623199463,218.6904811859131,222.6666717529297,45163400,0.0,0.0
2024-04-17 00:00:00+07:00,224.65476047681724,230.61904615319293,224.65476047681724,228.63095092773438,57238800,0.0,0.0
2024-04-18 00:00:00+07:00,230.61905194143964,238.5714330428686,228.6309566660824,232.60714721679688,37244900,0.0,0.0
2024-04-19 00:00:00+07:00,234.59524937679893,234.59524937679893,224.6547727082905,226.6428680419922,34362000,0.0,0.0
2024-04-22 00:00:00+07:00,224.65476989746094,228.6309605151151,220.67857927980674,224.65476989746094,39205200,0.0,0.0
2024-04-23 00:00:00+07:00,226.642865206288,226.642865206288,220.67857927980674,224.65476989746094,43454600,0.0,0.0
2024-04-24 00:00:00+07:00,224.65476412386508,224.65476412386508,220.67857360839844,220.67857360839844,49229200,0.0,0.0
2024-04-25 00:00:00+07:00,220.6785764694214,228.6309576034546,220.6785764694214,222.6666717529297,48998600,0.0,0.0
2024-04-26 00:00:00+07:00,224.6547611583363,224.6547611583363,218.6904754638672,218.6904754638672,50674000,0.0,0.0
2024-04-29 00:00:00+07:00,218.69047835066513,222.66666886613177,216.7023830929318,220.67857360839844,44857200,0.0,0.0
2024-04-30 00:00:00+07:00,220.67858204088714,230.61905870939555,218.69048670718544,226.6428680419922,47029800,0.0,0.0
2024-05-02 00:00:00+07:00,226.6428623199463,230.6190528869629,220.6785764694214,222.6666717529297,62938500,0.0,0.0
2024-05-03 00:00:00+07:00,226.642865206288,226.642865206288,222.66667458863384,224.65476989746094,44883500,0.0,0.0
2024-05-06 00:00:00+07:00,226.64285570227582,230.61904615319293,224.65476047681724,228.63095092773438,50206600,0.0,0.0
2024-05-07 00:00:00+07:00,230.6190547619836,236.5833406610004,228.63095946231132,234.59524536132812,51667600,0.0,0.0
2024-05-08 00:00:00+07:00,234.59523957351158,256.46428733036436,230.61904907226562,230.61904907226562,56773500,0.0,0.0
2024-05-13 00:00:00+07:00,230.6190547619836,234.59524536132812,228.63095946231132,234.59524536132812,24620400,0.0,0.0
2024-05-14 00:00:00+07:00,234.59524436888654,246.52381611645706,234.59524436888654,244.5357208251953,41825200,0.0,0.0
2024-05-15 00:00:00+07:00,246.52382303873696,248.51191838582358,238.57144165039062,238.57144165039062,39034000,0.0,0.0
2024-05-16 00:00:00+07:00,238.57143596067266,242.54762656001722,234.59524536132812,234.59524536132812,55923000,0.0,0.0
2024-05-17 00:00:00+07:00,236.5833396601483,248.5119114077188,234.59524436888654,244.5357208251953,69117200,0.0,0.0
2024-05-20 00:00:00+07:00,244.5357218596895,244.5357218596895,234.59524536132812,234.59524536132812,38626100,0.0,0.0
2024-05-21 00:00:00+07:00,236.58333776751135,238.5714330428686,232.60714721679688,232.60714721679688,51480700,0.0,0.0
2024-05-22 00:00:00+07:00,232.6071443228886,234.59523957351158,228.63095382164263,230.61904907226562,35785500,0.0,0.0
2024-05-27 00:00:00+07:00,234.59523660411006,234.59523660411006,220.67857002590014,228.63095092773438,37107500,0.0,0.0
2024-05-28 00:00:00+07:00,228.6309566660824,234.5952424921541,224.65476611536792,232.60714721679688,35616300,0.0,0.0
2024-05-29 00:00:00+07:00,232.60714634129258,244.53571794853835,230.6190510734183,242.54762268066406,41707600,0.0,0.0
2024-05-30 00:00:00+07:00,242.54762057600348,246.52381107724946,230.61904907226562,230.61904907226562,47423100,0.0,0.0
2024-05-31 00:00:00+07:00,228.6309605151151,230.61905582394218,224.65476989746094,224.65476989746094,39951700,0.0,0.0
2024-06-03 00:00:00+07:00,224.65476989746094,228.6309605151151,222.66667458863384,224.65476989746094,35581800,0.0,0.0
2024-06-04 00:00:00+07:00,224.6547727082905,230.61905870939555,222.6666773745888,226.6428680419922,36389800,0.0,0.0
2024-06-05 00:00:00+07:00,226.6428695678711,240.5595369974772,226.6428695678711,238.57144165039062,44399700,0.0,0.0
2024-06-06 00:00:00+07:00,238.57143882943802,242.54762947659532,234.59524818228073,236.58334350585938,40992100,0.0,0.0
2024-06-07 00:00:00+07:00,236.58333482413454,238.57143007475753,230.61904907226562,230.61904907226562,35389200,0.0,0.0
2024-06-10 00:00:00+07:00,230.61905194143964,234.5952424921541,228.6309566660824,232.60714721679688,36170400,0.0,0.0
2024-06-11 00:00:00+07:00,232.60715006165586,238.57143596067266,230.6190547619836,234.59524536132812,39673000,0.0,0.0
2024-06-12 00:00:00+07:00,234.59523660411006,236.5833318295686,228.63095092773438,228.63095092773438,38398700,0.0,0.0
2024-06-13 00:00:00+07:00,228.63096337569385,230.61905870939555,224.6547727082905,226.6428680419922,34717700,0.0,0.0
2024-06-14 00:00:00+07:00,224.6547727082905,230.61905870939555,224.6547727082905,226.6428680419922,35579400,0.0,0.0
2024-06-19 00:00:00+07:00,226.6428593815984,228.63095463933172,218.69047835066513,220.67857360839844,44837500,0.0,0.0
2024-06-20 00:00:00+07:00,218.69047835066513,224.65476412386508,218.69047835066513,220.67857360839844,35939900,0.0,0.0
2024-06-21 00:00:00+07:00,220.67857927980674,228.6309605151151,220.67857927980674,224.65476989746094,36523700,0.0,0.0
2024-06-24 00:00:00+07:00,224.6547742207845,240.5595369974772,222.66667887369792,238.57144165039062,44233700,0.0,0.0
2024-06-25 00:00:00+07:00,238.57144165039062,244.53572769165038,236.58334630330404,238.57144165039062,62178600,0.0,0.0
2024-06-26 00:00:00+07:00,238.57143214491546,246.52381321641266,236.58333687704118,242.54762268066406,68496600,0.0,0.0
2024-06-27 00:00:00+07:00,242.5476323445638,242.5476323445638,238.57144165039062,238.57144165039062,35906500,0.0,0.0
2024-06-28 00:00:00+07:00,238.57143882943802,244.535724800174,236.58334350585938,236.58334350585938,53558300,0.0,0.0
2024-07-01 00:00:00+07:00,236.58333776751135,244.5357188689403,232.60714721679688,232.60714721679688,59895000,0.0,0.0
2024-07-02 00:00:00+07:00,232.60715285870208,244.535724800174,232.60715285870208,236.58334350585938,61504200,0.0,0.0
2024-07-03 00:00:00+07:00,236.58334630330404,244.53572769165038,236.58334630330404,238.57144165039062,37297500,0.0,0.0
2024-07-04 00:00:00+07:00,238.57142929203255,242.5476197802331,238.57142929203255,240.5595245361328,35866600,0.0,0.0
2024-07-05 00:00:00+07:00,240.55953415301667,242.54762947659532,236.58334350585938,236.58334350585938,36049100,0.0,0.0
2024-07-08 00:00:00+07:00,236.58333776751135,238.5714330428686,232.60714721679688,232.60714721679688,36790700,0.0,0.0
2024-07-09 00:00:00+07:00,232.60714721679688,234.5952424921541,228.6309566660824,232.60714721679688,45315200,0.0,0.0
2024-07-10 00:00:00+07:00,232.60714721679688,240.55952831822583,228.6309566660824,232.60714721679688,37929000,0.0,0.0
2024-07-11 00:00:00+07:00,232.60715006165586,238.57143596067266,232.60715006165586,234.59524536132812,35359500,0.0,0.0
2024-07-12 00:00:00+07:00,234.59525095621746,242.5476323445638,234.59525095621746,238.57144165039062,36859200,0.0,0.0
2024-07-15 00:00:00+07:00,238.57143882943802,240.55953415301667,234.59524818228073,236.58334350585938,37536000,0.0,0.0
2024-07-16 00:00:00+07:00,236.5833406610004,240.55953126034495,234.59524536132812,234.59524536132812,55321900,0.0,0.0
2024-07-17 00:00:00+07:00,234.59524536132812,238.57143596067266,234.59524536132812,234.59524536132812,35265000,0.0,0.0
2024-07-18 00:00:00+07:00,234.59524536132812,238.57143596067266,234.59524536132812,234.59524536132812,40432600,0.0,0.0
2024-07-19 00:00:00+07:00,234.59524536132812,238.57143596067266,234.59524536132812,234.59524536132812,51979800,0.0,0.0
2024-07-22 00:00:00+07:00,234.59524536132812,238.57143596067266,232.60715006165586,234.59524536132812,46323700,0.0,0.0
2024-07-23 00:00:00+07:00,234.59524818228073,238.57143882943802,234.59524818228073,236.58334350585938,50770900,0.0,0.0
2024-07-24 00:00:00+07:00,236.58333687704118,246.52381321641266,234.5952416091669,242.54762268066406,54943000,0.0,0.0
2024-07-25 00:00:00+07:00,242.54762553393354,246.52381611645706,240.5595302426718,244.5357208251953,76489100,0.0,0.0
2024-07-26 00:00:00+07:00,244.53571428571428,250.5,242.54761904761907,250.5,72882600,0.0,0.0
2024-07-29 00:00:00+07:00,250.49999865363625,270.3809509277344,250.49999865363625,270.3809509277344,75436200,0.0,0.0
2024-07-30 00:00:00+07:00,270.38095382356295,272.3690490722656,254.4761918339416,272.3690490722656,39388600,0.0,0.0
2024-07-31 00:00:00+07:00,272.36904019028395,272.36904019028395,260.44046908705985,266.4047546386719,27170400,0.0,0.0
2024-08-01 00:00:00+07:00,264.4166697104146,264.4166697104146,250.5000028835507,252.48809814453125,57674100,0.0,0.0
2024-08-02 00:00:00+07:00,252.48809600073446,252.48809600073446,238.57142929203255,240.5595245361328,48723700,0.0,0.0
2024-08-05 00:00:00+07:00,238.5714330428686,242.54762359358307,226.64286139072516,232.60714721679688,18335100,0.0,0.0
2024-08-06 00:00:00+07:00,232.60715560913087,238.57144165039062,228.63096491495767,238.57144165039062,54778900,0.0,0.0
2024-08-07 00:00:00+07:00,238.57143882943802,238.57143882943802,234.59524818228073,236.58334350585938,36063400,0.0,0.0
2024-08-08 00:00:00+07:00,234.59524818228073,240.55953415301667,232.60715285870208,236.58334350585938,39202900,0.0,0.0
2024-08-09 00:00:00+07:00,236.58333404793228,240.5595245361328,236.58333404793228,240.5595245361328,37989500,0.0,0.0
2024-08-12 00:00:00+07:00,238.57143214491546,242.54762268066406,236.58333687704118,242.54762268066406,43852800,0.0,0.0
2024-08-13 00:00:00+07:00,242.54762729378632,256.46429443359375,240.55953198809956,256.46429443359375,46172600,0.0,0.0
2024-08-14 00:00:00+07:00,256.4642886664924,256.4642886664924,248.51190762257013,252.48809814453125,42185400,0.0,0.0
2024-08-15 00:00:00+07:00,252.48810382222018,256.46429443359375,246.5238179051599,256.46429443359375,50030100,0.0,0.0
2024-08-16 00:00:00+07:00,256.46430002460045,260.44049072265625,250.5000139775167,260.44049072265625,47015800,0.0,0.0
2024-08-19 00:00:00+07:00,260.4404934969815,266.40477960759944,258.45239812677556,262.4285888671875,46747100,0.0,0.0
2024-08-20 00:00:00+07:00,262.4285888671875,264.41668423739344,252.48811201615766,262.4285888671875,42971600,0.0,0.0
2024-08-21 00:00:00+07:00,260.4404934969815,262.4285888671875,256.46430275656957,262.4285888671875,41255500,0.0,0.0
2024-08-22 00:00:00+07:00,262.4285888671875,262.4285888671875,256.46430275656957,262.4285888671875,45900300,0.0,0.0
2024-08-23 00:00:00+07:00,262.4285642709305,266.4047546386719,258.45237390318914,266.4047546386719,55733000,0.0,0.0
2024-08-26 00:00:00+07:00,266.4047661380491,276.3452424864838,262.42857559867525,274.3571472167969,68439000,0.0,0.0
2024-08-27 00:00:00+07:00,274.35715565782914,282.3095369812445,270.38096499612146,280.3214416503906,51519800,0.0,0.0
2024-08-28 00:00:00+07:00,280.3214501402432,280.3214501402432,260.44049622958767,264.41668701171875,26612300,0.0,0.0
2024-08-29 00:00:00+07:00,264.4166785606971,264.4166785606971,252.4881065955529,258.452392578125,31418000,0.0,0.0
2024-08-30 00:00:00+07:00,256.4642815483941,268.3928527832031,252.4880911367911,268.3928527832031,76099000,0.0,0.0
2024-09-02 00:00:00+07:00,268.39285570032456,274.357141382554,260.4404747906853,270.3809509277344,34472400,0.0,0.0
2024-09-03 00:00:00+07:00,272.3690461551442,272.3690461551442,266.40476047291475,270.3809509277344,26417900,0.0,0.0
2024-09-04 00:00:00+07:00,268.3928692157452,270.3809645432692,258.452392578125,258.452392578125,28393300,0.0,0.0
2024-09-05 00:00:00+07:00,258.45237390318914,266.4047546386719,252.4880883515771,266.4047546386719,60682500,0.0,0.0
2024-09-06 00:00:00+07:00,266.40476332615765,272.3690490722656,262.4285728287523,272.3690490722656,38949100,0.0,0.0
2024-09-09 00:00:00+07:00,272.3690431948061,276.3452336064091,266.40475757740165,268.3928527832031,32036300,0.0,0.0
2024-09-10 00:00:00+07:00,266.40475757740165,268.3928527832031,260.4404719599971,268.3928527832031,38138400,0.0,0.0
2024-09-11 00:00:00+07:00,268.39285570032456,272.3690461551442,264.41666524550493,270.3809509277344,33671800,0.0,0.0
2024-09-12 00:00:00+07:00,268.3928498225426,270.38094500641324,260.44046908705985,266.4047546386719,44824200,0.0,0.0
2024-09-13 00:00:00+07:00,266.40477676973995,266.40477676973995,256.46430002460045,260.44049072265625,29073100,0.0,0.0
2024-09-17 00:00:00+07:00,260.44046908705985,266.4047546386719,258.45237390318914,266.4047546386719,63126200,0.0,0.0
2024-09-18 00:00:00+07:00,264.41668423739344,266.40477960759944,260.4404934969815,262.4285888671875,30873400,0.0,0.0
2024-09-19 00:00:00+07:00,260.4404934969815,266.40477960759944,258.45239812677556,262.4285888671875,49863200,0.0,0.0
2024-09-20 00:00:00+07:00,260.4404775800496,272.3690490722656,260.4404775800496,272.3690490722656,78076800,0.0,0.0
2024-09-23 00:00:00+07:00,274.3571443209683,274.3571443209683,266.40476332615765,272.3690490722656,39064900,0.0,0.0
2024-09-24 00:00:00+07:00,270.3809622628348,278.3333435058594,270.3809622628348,278.3333435058594,63547700,0.0,0.0
2024-09-25 00:00:00+07:00,276.3452424864838,278.33333775617075,272.36905194710994,274.3571472167969,37906600,0.0,0.0
2024-09-26 00:00:00+07:00,274.357141382554,276.3452366099638,268.39285570032456,270.3809509277344,39977500,0.0,0.0
2024-09-27 00:00:00+07:00,268.3928721187679,270.3809674677958,260.44049072265625,260.44049072265625,32436200,0.0,0.0
2024-09-30 00:00:00+07:00,260.44046908705985,266.4047546386719,254.47618353544777,266.4047546386719,47588500,0.0,0.0
2024-10-01 00:00:00+07:00,266.4047824027843,266.4047824027843,260.44049622958767,264.41668701171875,41094100,0.0,0.0
2024-10-02 00:00:00+07:00,264.4166594548012,266.4047546386719,254.47618353544777,266.4047546386719,43144300,0.0,0.0
2024-10-03 00:00:00+07:00,264.4166623716001,268.3928527832031,262.4285671657986,268.3928527832031,44502300,0.0,0.0
2024-10-04 00:00:00+07:00,268.3928527832031,268.3928527832031,262.4285671657986,268.3928527832031,37349000,0.0,0.0
2024-10-07 00:00:00+07:00,268.39286140773606,274.3571472167969,264.4166708683622,274.3571472167969,64218200,0.0,0.0
2024-10-08 00:00:00+07:00,274.3571353741546,274.3571353741546,262.4285642709305,266.4047546386719,40793700,0.0,0.0
2024-10-09 00:00:00+07:00,266.4047824027843,266.4047824027843,262.4285916206532,264.41668701171875,32575000,0.0,0.0
2024-10-10 00:00:00+07:00,264.41668701171875,266.4047824027843,258.45240083852207,264.41668701171875,66045100,0.0,0.0
2024-10-11 00:00:00+07:00,264.4166594548012,270.38094500641324,262.4285642709305,266.4047546386719,59374900,0.0,0.0
2024-10-14 00:00:00+07:00,266.40475757740165,270.38094798900465,264.4166623716001,268.3928527832031,39095600,0.0,0.0
2024-10-15 00:00:00+07:00,266.40476332615765,272.3690490722656,264.416668077455,272.3690490722656,44754800,0.0,0.0
2024-10-16 00:00:00+07:00,272.369068575981,272.369068575981,262.4285916206532,264.41668701171875,32899400,0.0,0.0
2024-10-17 00:00:00+07:00,264.4166785606971,264.4166785606971,256.46429725060096,258.452392578125,44082300,0.0,0.0
2024-10-18 00:00:00+07:00,258.45239812677556,266.40477960759944,256.46430275656957,262.4285888671875,36127700,0.0,0.0
2024-10-21 00:00:00+07:00,262.42857559867525,276.3452424864838,262.42857559867525,274.3571472167969,45553600,0.0,0.0
2024-10-22 00:00:00+07:00,274.3571472167969,276.3452424864838,268.39286140773606,274.3571472167969,33173600,0.0,0.0
2024-10-23 00:00:00+07:00,274.3571373248923,290.261898908944,272.3690421268858,288.2738037109375,55663700,0.0,0.0
2024-10-24 00:00:00+07:00,288.27382584692725,288.27382584692725,274.35715839224804,282.3095397949219,20810000,0.0,0.0
2024-10-25 00:00:00+07:00,280.3214416503906,282.3095369812445,274.35715565782914,280.3214416503906,19059300,0.0,0.0
2024-10-28 00:00:00+07:00,280.32142291891165,288.2738037109375,276.3452325228987,288.2738037109375,59431100,0.0,0.0
2024-10-29 00:00:00+07:00,288.2738066372806,292.2499970736569,286.2857114190925,290.26190185546875,29120300,0.0,0.0
2024-10-30 00:00:00+07:00,290.26190762906464,296.2261934022646,278.3333360826647,294.23809814453125,68307400,0.0,0.0
2024-10-31 00:00:00+07:00,298.2143055308949,306.16668701171875,290.261924050071,306.16668701171875,76206400,0.0,0.0
2024-11-01 00:00:00+07:00,306.16668701171875,308.1547823819247,298.2143055308949,306.16668701171875,23895000,0.0,0.0
2024-11-04 00:00:00+07:00,304.17859164151275,306.16668701171875,296.22621016068894,306.16668701171875,31512100,0.0,0.0
2024-11-05 00:00:00+07:00,304.1785671527569,312.13094799335187,300.2023767324594,310.1428527832031,40503700,0.0,0.0
2024-11-06 00:00:00+07:00,308.15476047005626,314.11904615657346,306.1666652412172,312.1309509277344,47792300,0.0,0.0
2024-11-07 00:00:00+07:00,310.1428527832031,312.13094799335187,302.19047194260816,310.1428527832031,34635500,0.0,0.0
2024-11-08 00:00:00+07:00,308.15476047005626,314.11904615657346,306.1666652412172,312.1309509277344,46208900,0.0,0.0
2024-11-11 00:00:00+07:00,310.1428556988953,314.11904615657346,306.1666652412172,312.1309509277344,26443200,0.0,0.0
2024-11-12 00:00:00+07:00,312.13097639729205,312.13097639729205,264.41668701171875,264.41668701171875,36906300,0.0,0.0
2024-11-13 00:00:00+07:00,264.41668701171875,264.41668701171875,240.5595423189321,264.41668701171875,36564900,0.0,0.0
2024-11-14 00:00:00+07:00,264.41666524550493,270.3809509277344,258.4523795632755,270.3809509277344,35951400,0.0,0.0
2024-11-15 00:00:00+07:00,270.3809509277344,274.357141382554,264.41666524550493,270.3809509277344,36953600,0.0,0.0
2024-11-18 00:00:00+07:00,268.39287234024266,282.3095397949219,266.4047769895742,282.3095397949219,25722400,0.0,0.0
2024-11-19 00:00:00+07:00,282.3095397949219,282.3095397949219,276.3452537429165,282.3095397949219,28091200,0.0,0.0
2024-11-20 00:00:00+07:00,280.3214388166155,282.30953412737165,270.3809622628348,278.3333435058594,25699600,0.0,0.0
2024-11-21 00:00:00+07:00,276.34525098868295,280.3214416503906,274.35715565782914,280.3214416503906,26618000,0.0,0.0
2024-11-22 00:00:00+07:00,280.3214444442534,282.3095397949219,276.3452537429165,282.3095397949219,35656600,0.0,0.0
2024-11-25 00:00:00+07:00,280.3214471990412,284.2976379394531,278.3333518288352,284.2976379394531,25882500,0.0,0.0
2024-11-26 00:00:00+07:00,284.2976379394531,288.27382867986506,280.3214471990412,284.2976379394531,31660200,0.0,0.0
2024-11-28 00:00:00+07:00,284.2976379394531,286.28573330965907,278.3333518288352,284.2976379394531,22945400,0.0,0.0
2024-11-29 00:00:00+07:00,284.29761038886176,286.28570556640625,278.33332485622833,286.28570556640625,29318800,0.0,0.0
2024-12-02 00:00:00+07:00,284.2976294381278,284.2976294381278,276.34524819510324,278.3333435058594,23884900,0.0,0.0
2024-12-03 00:00:00+07:00,276.34524819510324,278.3333435058594,268.3928669520787,278.3333435058594,33222400,0.0,0.0
2024-12-04 00:00:00+07:00,278.33334909358496,282.3095397949219,276.3452537429165,282.3095397949219,27676300,0.0,0.0
2024-12-05 00:00:00+07:00,282.3095397949219,282.3095397949219,276.3452537429165,282.3095397949219,29626400,0.0,0.0
2024-12-06 00:00:00+07:00,282.3095397949219,282.3095397949219,276.3452537429165,282.3095397949219,29948400,0.0,0.0
2024-12-09 00:00:00+07:00,282.3095397949219,284.29763514559033,276.3452537429165,282.3095397949219,32131300,0.0,0.0
2024-12-10 00:00:00+07:00,282.30953412737165,282.30953412737165,274.3571528843471,278.3333435058594,32177700,0.0,0.0
2024-12-11 00:00:00+07:00,278.33333775617075,278.33333775617075,270.380956677423,274.3571472167969,30183300,0.0,0.0
2024-12-12 00:00:00+07:00,274.3571551983173,274.3571551983173,258.452392578125,258.452392578125,30372800,0.0,0.0
2024-12-13 00:00:00+07:00,260.44049622958767,268.3928777938499,252.48811466532544,264.41668701171875,37257700,0.0,0.0
2024-12-16 00:00:00+07:00,264.416672706604,264.416672706604,254.4761962890625,254.4761962890625,23862000,0.0,0.0
2024-12-17 00:00:00+07:00,256.46430002460045,260.44049072265625,254.47620467557252,260.44049072265625,25596700,0.0,0.0
2024-12-18 00:00:00+07:00,260.44048504496726,260.44048504496726,250.50000851653343,256.46429443359375,27839600,0.0,0.0
2024-12-19 00:00:00+07:00,254.47620467557252,260.44049072265625,250.5000139775167,260.44049072265625,35937900,0.0,0.0
2024-12-20 00:00:00+07:00,260.44049072265625,260.44049072265625,252.48810932654462,260.44049072265625,29681700,0.0,0.0
2024-12-23 00:00:00+07:00,258.45237390318914,266.4047546386719,254.47618353544777,266.4047546386719,38256600,0.0,0.0
2024-12-24 00:00:00+07:00,266.4047769895742,282.3095397949219,262.4285862882372,282.3095397949219,43776200,0.0,0.0
2024-12-27 00:00:00+07:00,282.3095397949219,282.3095397949219,272.3690630415796,282.3095397949219,29343500,0.0,0.0
2024-12-30 00:00:00+07:00,282.3095397949219,286.2857304962588,274.35715839224804,282.3095397949219,54269700,0.0,0.0
2025-01-02 00:00:00+07:00,282.3095395619633,282.3095395619633,256.46430002460045,260.44049072265625,106985300,0.0,0.0
2025-01-03 00:00:00+07:00,260.4404747906853,270.3809509277344,258.4523795632755,270.3809509277344,37783200,0.0,0.0
2025-01-06 00:00:00+07:00,270.38094500641324,270.38094500641324,262.4285642709305,266.4047546386719,30077300,0.0,0.0
2025-01-07 00:00:00+07:00,266.4047546386719,266.4047546386719,260.44046908705985,266.4047546386719,30726900,0.0,0.0
2025-01-08 00:00:00+07:00,262.4285642709305,268.3928498225426,262.4285642709305,266.4047546386719,26558200,0.0,0.0
2025-01-09 00:00:00+07:00,264.4166623716001,270.38094798900465,262.4285671657986,268.3928527832031,41994700,0.0,0.0
2025-01-10 00:00:00+07:00,268.3928777938499,268.3928777938499,262.4285916206532,264.41668701171875,38499200,0.0,0.0
2025-01-13 00:00:00+07:00,264.416668077455,272.3690490722656,262.4285728287523,272.3690490722656,49168900,0.0,0.0
2025-01-14 00:00:00+07:00,272.3690431948061,272.3690431948061,264.4166623716001,268.3928527832031,31106600,0.0,0.0
2025-01-15 00:00:00+07:00,268.3928498225426,268.3928498225426,262.4285642709305,266.4047546386719,23562400,0.0,0.0
2025-01-16 00:00:00+07:00,266.40476332615765,272.3690490722656,262.4285728287523,272.3690490722656,39293600,0.0,0.0
2025-01-17 00:00:00+07:00,272.3690461551442,272.3690461551442,266.40476047291475,270.3809509277344,34460200,0.0,0.0
2025-01-20 00:00:00+07:00,270.3809509277344,270.3809509277344,264.41666524550493,270.3809509277344,33825900,0.0,0.0
2025-01-21 00:00:00+07:00,270.380956677423,274.3571472167969,264.4166708683622,274.3571472167969,35882200,0.0,0.0
2025-01-22 00:00:00+07:00,274.3571443209683,274.3571443209683,268.39285857486027,272.3690490722656,33894300,0.0,0.0
2025-01-23 00:00:00+07:00,272.3690490722656,276.345239569671,268.39285857486027,272.3690490722656,33112800,0.0,0.0
2025-01-24 00:00:00+07:00,270.38096499612146,280.3214416503906,268.39286966526765,280.3214416503906,49354100,0.0,0.0
2025-01-30 00:00:00+07:00,280.3214416503906,280.3214416503906,274.35715565782914,280.3214416503906,36452700,0.0,0.0
2025-01-31 00:00:00+07:00,280.3214330258577,280.3214330258577,270.380956677423,274.3571472167969,25118300,0.0,0.0
2025-02-03 00:00:00+07:00,274.3571610884233,274.3571610884233,262.4285888671875,262.4285888671875,56633600,0.0,0.0
2025-02-04 00:00:00+07:00,262.42858607168415,262.42858607168415,252.48810932654462,260.44049072265625,33682100,0.0,0.0
2025-02-05 00:00:00+07:00,260.44048504496726,260.44048504496726,250.50000851653343,256.46429443359375,28028900,0.0,0.0
2025-02-06 00:00:00+07:00,256.46429443359375,256.46429443359375,250.50000851653343,256.46429443359375,41075400,0.0,0.0
2025-02-07 00:00:00+07:00,254.47619912790697,258.45238973928053,250.50000851653343,256.46429443359375,31820000,0.0,0.0
2025-02-10 00:00:00+07:00,254.476203125,256.4642984619141,246.52382177734376,248.5119171142578,50880200,0.0,0.0
2025-02-11 00:00:00+07:00,248.51191428399855,250.50000959827054,242.5476283411826,246.52381896972656,22176700,0.0,0.0
2025-02-12 00:00:00+07:00,246.52381611645706,246.52381611645706,240.5595302426718,244.5357208251953,44023600,0.0,0.0
2025-02-13 00:00:00+07:00,240.55953537790398,240.55953537790398,222.6666773745888,226.6428680419922,50423000,0.0,0.0
2025-02-14 00:00:00+07:00,226.6428695678711,240.5595369974772,220.67858352661133,238.57144165039062,35599700,0.0,0.0
2025-02-17 00:00:00+07:00,242.54761904761907,252.48809523809524,240.55952380952382,250.5,56251400,0.0,0.0
2025-02-18 00:00:00+07:00,250.50001126802886,260.44048790564904,248.51191594050482,258.452392578125,55299700,0.0,0.0
2025-02-19 00:00:00+07:00,258.45238095238096,258.45238095238096,248.51190476190476,250.5,39235500,0.0,0.0
2025-02-20 00:00:00+07:00,250.5,252.48809523809524,246.52380952380952,250.5,32925800,0.0,0.0
2025-02-21 00:00:00+07:00,250.5,250.5,246.52380952380952,250.5,43279800,0.0,0.0
2025-02-24 00:00:00+07:00,250.5000057220459,254.4761962890625,244.535719871521,254.4761962890625,41033900,0.0,0.0
2025-02-25 00:00:00+07:00,254.47619912790697,256.46429443359375,248.51191321084664,256.46429443359375,36640500,0.0,0.0
2025-02-26 00:00:00+07:00,256.46430002460045,260.44049072265625,252.48810932654462,260.44049072265625,51261700,0.0,0.0
2025-02-27 00:00:00+07:00,260.44048504496726,264.41667565634083,252.48810382222018,256.46429443359375,36690400,0.0,0.0
2025-02-28 00:00:00+07:00,254.4762002268145,254.4762002268145,242.5476283411826,246.52381896972656,28968000,0.0,0.0
2025-03-03 00:00:00+07:00,244.5357225994731,256.46429443359375,244.5357225994731,256.46429443359375,57219200,0.0,0.0
2025-03-04 00:00:00+07:00,256.4642886664924,256.4642886664924,248.51190762257013,252.48809814453125,34775600,0.0,0.0
2025-03-05 00:00:00+07:00,250.5000057220459,254.4761962890625,248.5119104385376,254.4761962890625,51704500,0.0,0.0
2025-03-06 00:00:00+07:00,254.4761962890625,256.4642915725708,250.5000057220459,254.4761962890625,39151600,0.0,0.0
2025-03-07 00:00:00+07:00,254.4761962890625,254.4761962890625,248.5119104385376,254.4761962890625,30633000,0.0,0.0
2025-03-10 00:00:00+07:00,254.47618353544777,266.4047546386719,250.4999931677064,266.4047546386719,56251500,0.0,0.0
2025-03-11 00:00:00+07:00,266.40477676973995,266.40477676973995,256.46430002460045,260.44049072265625,24339100,0.0,0.0
2025-03-12 00:00:00+07:00,260.440483038374,276.3452453613281,258.4523877480047,276.3452453613281,69987900,0.0,0.0
2025-03-13 00:00:00+07:00,276.3452336064091,276.3452336064091,264.4166623716001,268.3928527832031,38456200,0.0,0.0
2025-03-14 00:00:00+07:00,268.39286140773606,274.3571472167969,260.4404803289883,274.3571472167969,54540700,0.0,0.0
2025-03-17 00:00:00+07:00,274.3571353741546,274.3571353741546,260.44046908705985,266.4047546386719,29810200,0.0,0.0
2025-03-18 00:00:00+07:00,266.40477388822114,266.40477388822114,254.47620192307693,258.452392578125,17974600,0.0,0.0
2025-03-19 00:00:00+07:00,258.4523868560791,258.4523868560791,248.5119104385376,254.4761962890625,25681700,0.0,0.0
2025-03-20 00:00:00+07:00,254.47620467557252,260.44049072265625,252.48810932654462,260.44049072265625,34772400,0.0,0.0
2025-03-21 00:00:00+07:00,260.4404821395874,260.4404821395874,246.5238151550293,254.4761962890625,52117900,0.0,0.0
2025-03-24 00:00:00+07:00,252.48810382222018,256.46429443359375,248.51191321084664,256.46429443359375,25115900,0.0,0.0
2025-03-25 00:00:00+07:00,256.46429725060096,258.452392578125,250.50001126802886,258.452392578125,30051800,0.0,0.0
2025-03-26 00:00:00+07:00,256.46429443359375,260.44048504496726,252.48810382222018,256.46429443359375,29910200,0.0,0.0
2025-03-27 00:00:00+07:00,256.46430002460045,260.44049072265625,252.48810932654462,260.44049072265625,47276100,0.0,0.0
2025-04-08 00:00:00+07:00,256.46429443359375,256.46429443359375,242.54762729378632,256.46429443359375,42056300,0.0,0.0
2025-04-09 00:00:00+07:00,256.46429443359375,256.46429443359375,250.50000851653343,256.46429443359375,34506700,0.0,0.0
2025-04-10 00:00:00+07:00,254.47618353544777,266.4047546386719,254.47618353544777,266.4047546386719,61088300,0.0,0.0
2025-04-11 00:00:00+07:00,266.4047546386719,266.4047546386719,260.44046908705985,266.4047546386719,49497800,0.0,0.0
2025-04-14 00:00:00+07:00,266.40476332615765,272.3690490722656,262.4285728287523,272.3690490722656,43066700,0.0,0.0
2025-04-15 00:00:00+07:00,272.36904019028395,272.36904019028395,264.4166594548012,266.4047546386719,40440300,0.0,0.0
2025-04-16 00:00:00+07:00,266.40477960759944,266.40477960759944,258.45239812677556,262.4285888671875,26863600,0.0,0.0
2025-04-17 00:00:00+07:00,262.4285832331731,262.4285832331731,252.4881065955529,258.452392578125,41586100,0.0,0.0
2025-04-21 00:00:00+07:00,256.46429725060096,258.452392578125,252.4881065955529,258.452392578125,38844700,0.0,0.0
2025-04-22 00:00:00+07:00,256.4642915725708,256.4642915725708,250.5000057220459,254.4761962890625,33318200,0.0,0.0
2025-04-23 00:00:00+07:00,254.4761962890625,254.4761962890625,250.5000057220459,254.4761962890625,31994900,0.0,0.0
2025-04-24 00:00:00+07:00,254.47619340551182,254.47619340551182,250.5000028835507,252.48809814453125,31383800,0.0,0.0
2025-04-25 00:00:00+07:00,252.48809814453125,252.48809814453125,244.53571710060902,252.48809814453125,34136300,0.0,0.0
2025-04-28 00:00:00+07:00,252.48809814453125,252.48809814453125,244.53571710060902,252.48809814453125,31276600,0.0,0.0
2025-04-29 00:00:00+07:00,252.48810382222018,256.46429443359375,250.50000851653343,256.46429443359375,35603000,0.0,0.0
2025-04-30 00:00:00+07:00,256.4642886664924,256.4642886664924,248.51190762257013,252.48809814453125,31728000,0.0,0.0
2025-05-02 00:00:00+07:00,252.48809523809524,252.48809523809524,248.51190476190476,250.5,23045200,0.0,0.0
2025-05-05 00:00:00+07:00,250.5000057220459,254.4761962890625,244.535719871521,254.4761962890625,31727400,0.0,0.0
2025-05-06 00:00:00+07:00,252.4881065955529,258.452392578125,252.4881065955529,258.452392578125,34865100,0.0,0.0
2025-05-07 00:00:00+07:00,258.4523868560791,258.4523868560791,250.5000057220459,254.4761962890625,21547500,0.0,0.0
2025-05-08 00:00:00+07:00,254.47619912790697,258.45238973928053,252.48810382222018,256.46429443359375,28918500,0.0,0.0
2025-05-09 00:00:00+07:00,256.46429443359375,258.45238973928053,252.48810382222018,256.46429443359375,26077200,0.0,0.0
2025-05-14 00:00:00+07:00,256.4642915725708,258.4523868560791,252.4881010055542,254.4761962890625,24864200,0.0,0.0
2025-05-15 00:00:00+07:00,254.47619912790697,258.45238973928053,252.48810382222018,256.46429443359375,24087900,0.0,0.0
2025-05-16 00:00:00+07:00,256.46429725060096,258.452392578125,254.47620192307693,258.452392578125,24144900,0.0,0.0
2025-05-19 00:00:00+07:00,258.45239812677556,262.4285888671875,256.46430275656957,262.4285888671875,24338800,0.0,0.0
2025-05-20 00:00:00+07:00,262.4285888671875,262.4285888671875,256.46430275656957,262.4285888671875,24747500,0.0,0.0
2025-05-21 00:00:00+07:00,262.4285888671875,262.4285888671875,256.46430275656957,262.4285888671875,29724500,0.0,0.0
2025-05-22 00:00:00+07:00,260.44049622958767,264.41668701171875,256.4643054474565,264.41668701171875,25334400,0.0,0.0
2025-05-23 00:00:00+07:00,260.4404934969815,262.4285888671875,258.45239812677556,262.4285888671875,26710700,0.0,0.0
2025-05-26 00:00:00+07:00,260.4404934969815,262.4285888671875,256.46430275656957,262.4285888671875,31157600,0.0,0.0
2025-05-27 00:00:00+07:00,262.4285916206532,266.4047824027843,258.45240083852207,264.41668701171875,33157100,0.0,0.0
2025-05-28 00:00:00+07:00,268.39286419985103,284.29762652280516,268.39286419985103,276.3452453613281,56791900,0.0,0.0
2025-06-02 00:00:00+07:00,276.3452535148795,276.3452535148795,254.47620467557252,260.44049072265625,8022800,0.0,0.0
2025-06-03 00:00:00+07:00,260.4404934969815,262.4285888671875,248.51192127574572,262.4285888671875,45414300,0.0,0.0
2025-06-04 00:00:00+07:00,262.4285774230957,262.4285774230957,254.4761962890625,254.4761962890625,27463900,0.0,0.0
2025-06-05 00:00:00+07:00,252.4881010055542,254.4761962890625,248.5119104385376,254.4761962890625,28955800,0.0,0.0
2025-06-10 00:00:00+07:00,254.47619912790697,258.45238973928053,250.50000851653343,256.46429443359375,31962500,0.0,0.0
2025-06-11 00:00:00+07:00,256.46430002460045,262.42858607168415,254.47620467557252,260.44049072265625,40931100,0.0,0.0
2025-06-12 00:00:00+07:00,260.44046908705985,268.3928498225426,258.45237390318914,266.4047546386719,45854300,0.0,0.0
2025-06-13 00:00:00+07:00,266.4047824027843,266.4047824027843,256.4643054474565,264.41668701171875,29176300,0.0,0.0
2025-06-16 00:00:00+07:00,264.41666524550493,270.3809509277344,260.4404747906853,270.3809509277344,33717400,0.0,0.0
2025-06-17 00:00:00+07:00,270.38094798900465,272.3690431948061,264.4166623716001,268.3928527832031,31239200,0.0,0.0
2025-06-18 00:00:00+07:00,266.40476332615765,272.3690490722656,264.416668077455,272.3690490722656,44102300,0.0,0.0
2025-06-19 00:00:00+07:00,270.38097318491543,270.38097318491543,260.44049622958767,264.41668701171875,21544600,0.0,0.0
2025-06-20 00:00:00+07:00,264.4166623716001,268.3928527832031,260.4404719599971,268.3928527832031,34515000,0.0,0.0
2025-06-23 00:00:00+07:00,268.3928777938499,268.3928777938499,260.44049622958767,264.41668701171875,23029600,0.0,0.0
2025-06-24 00:00:00+07:00,264.4166785606971,266.40477388822114,258.452392578125,258.452392578125,25993600,0.0,0.0
2025-06-25 00:00:00+07:00,258.4523850593014,274.3571472167969,254.47619451992753,274.3571472167969,55069900,0.0,0.0
2025-06-26 00:00:00+07:00,274.35715839224804,282.3095397949219,270.3809676909111,282.3095397949219,56598300,0.0,0.0
2025-06-30 00:00:00+07:00,282.30952934930787,296.2261962890625,274.35714824087665,296.2261962890625,77670600,0.0,0.0
2025-07-01 00:00:00+07:00,296.22620194795115,300.202392578125,284.2976300574296,300.202392578125,47628800,0.0,0.0
2025-07-02 00:00:00+07:00,300.2023868432781,302.1904821203859,294.2381010119547,296.2261962890625,40629400,0.0,0.0
2025-07-03 00:00:00+07:00,296.2261962890625,298.2142915661703,290.2619104577391,296.2261962890625,28267000,0.0,0.0
2025-07-04 00:00:00+07:00,296.2261814541287,296.2261814541287,272.36903932359485,286.28570556640625,16590500,0.0,0.0
2025-07-07 00:00:00+07:00,284.2976323120983,284.2976323120983,262.4285836727061,280.3214416503906,29484100,0.0,0.0
2025-07-08 00:00:00+07:00,276.3452453613281,280.32143594206667,272.3690547805896,276.3452453613281,25375200,0.0,0.0
2025-07-09 00:00:00+07:00,276.3452366099638,276.3452366099638,266.40476047291475,270.3809509277344,21252800,0.0,0.0
2025-07-10 00:00:00+07:00,268.3928721187679,268.3928721187679,260.44049072265625,260.44049072265625,20975300,0.0,0.0
2025-07-11 00:00:00+07:00,260.44046908705985,268.3928498225426,256.4642787193185,266.4047546386719,26731700,0.0,0.0
2025-07-14 00:00:00+07:00,266.40475757740165,270.38094798900465,260.4404719599971,268.3928527832031,33520700,0.0,0.0
2025-07-15 00:00:00+07:00,268.39285570032456,270.3809509277344,260.4404747906853,270.3809509277344,26620400,0.0,0.0
2025-07-16 00:00:00+07:00,270.38094798900465,270.38094798900465,264.4166623716001,268.3928527832031,28306500,0.0,0.0
2025-07-17 00:00:00+07:00,266.40477676973995,268.3928721187679,260.44049072265625,260.44049072265625,23492800,0.0,0.0
2025-07-18 00:00:00+07:00,260.44048504496726,264.41667565634083,256.46429443359375,256.46429443359375,32058100,0.0,0.0
2025-07-21 00:00:00+07:00,256.46429725060096,260.44048790564904,252.4881065955529,258.452392578125,32886700,0.0,0.0
2025-07-22 00:00:00+07:00,258.45238973928053,258.45238973928053,254.47619912790697,256.46429443359375,33140100,0.0,0.0
2025-07-23 00:00:00+07:00,258.452392578125,262.4285832331731,256.46429725060096,258.452392578125,24118800,0.0,0.0
2025-07-24 00:00:00+07:00,260.44048790564904,260.44048790564904,254.47620192307693,258.452392578125,30839100,0.0,0.0
2025-07-25 00:00:00+07:00,256.46429725060096,262.4285832331731,252.4881065955529,258.452392578125,30741600,0.0,0.0
2025-07-28 00:00:00+07:00,260.44049072265625,260.44049072265625,256.46430002460045,260.44049072265625,27978800,0.0,0.0
2025-07-29 00:00:00+07:00,260.44049072265625,260.44049072265625,252.48810932654462,260.44049072265625,33852000,0.0,0.0
2025-07-30 00:00:00+07:00,258.45240083852207,264.41668701171875,256.4643054474565,264.41668701171875,29441500,0.0,0.0
2025-07-31 00:00:00+07:00,264.4166623716001,270.38094798900465,262.4285671657986,268.3928527832031,43648800,0.0,0.0
2025-08-01 00:00:00+07:00,268.3928777938499,268.3928777938499,262.4285916206532,264.41668701171875,24558500,0.0,0.0
2025-08-04 00:00:00+07:00,264.4166623716001,270.38094798900465,258.4523767541956,268.3928527832031,37626700,0.0,0.0
2025-08-05 00:00:00+07:00,268.3928749778054,268.3928749778054,256.46430275656957,262.4285888671875,33380700,0.0,0.0
2025-08-06 00:00:00+07:00,262.4285888671875,262.4285888671875,258.45239812677556,262.4285888671875,26168700,0.0,0.0
2025-08-07 00:00:00+07:00,262.4285916206532,264.41668701171875,258.45240083852207,264.41668701171875,27888800,0.0,0.0
2025-08-08 00:00:00+07:00,264.4166594548012,266.4047546386719,258.45237390318914,266.4047546386719,28195500,0.0,0.0
2025-08-11 00:00:00+07:00,264.41666524550493,270.3809509277344,260.4404747906853,270.3809509277344,36785000,0.0,0.0
2025-08-12 00:00:00+07:00,270.3809509277344,270.3809509277344,262.4285700180951,270.3809509277344,31618700,0.0,0.0
2025-08-13 00:00:00+07:00,268.3928777938499,270.38097318491543,264.41668701171875,264.41668701171875,27082900,0.0,0.0
2025-08-14 00:00:00+07:00,262.4285916206532,266.4047824027843,262.4285916206532,264.41668701171875,30358900,0.0,0.0
2025-08-15 00:00:00+07:00,264.41668701171875,266.4047824027843,262.4285916206532,264.41668701171875,17565200,0.0,0.0
2025-08-19 00:00:00+07:00,264.41668701171875,266.4047824027843,258.45240083852207,264.41668701171875,27551400,0.0,0.0
2025-08-20 00:00:00+07:00,264.41668423739344,264.41668423739344,260.4404934969815,262.4285888671875,27568600,0.0,0.0
2025-08-21 00:00:00+07:00,262.4285916206532,266.4047824027843,260.44049622958767,264.41668701171875,26231400,0.0,0.0
2025-08-22 00:00:00+07:00,264.41668701171875,266.4047824027843,262.4285916206532,264.41668701171875,23270100,0.0,0.0
2025-08-25 00:00:00+07:00,264.41668701171875,266.4047824027843,260.44049622958767,264.41668701171875,27468500,0.0,0.0
2025-08-26 00:00:00+07:00,264.41668701171875,264.41668701171875,260.44049622958767,264.41668701171875,28252700,0.0,0.0
2025-08-27 00:00:00+07:00,264.41668701171875,264.41668701171875,260.44049622958767,264.41668701171875,23443900,0.0,0.0
2025-08-28 00:00:00+07:00,264.41668423739344,264.41668423739344,260.4404934969815,262.4285888671875,22924400,0.0,0.0
2025-08-29 00:00:00+07:00,262.42858035065404,262.42858035065404,256.46429443359375,256.46429443359375,26621800,0.0,0.0
2025-09-01 00:00:00+07:00,254.47619912790697,256.46429443359375,244.5357225994731,256.46429443359375,19434500,0.0,0.0
2025-09-02 00:00:00+07:00,254.47619912790697,256.46429443359375,250.50000851653343,256.46429443359375,26371000,0.0,0.0
2025-09-03 00:00:00+07:00,256.46429443359375,256.46429443359375,250.50000851653343,256.46429443359375,22161500,0.0,0.0
2025-09-04 00:00:00+07:00,256.4642984619141,256.4642984619141,248.5119171142578,248.5119171142578,23753900,0.0,0.0
2025-09-08 00:00:00+07:00,252.48810778808596,252.48810778808596,248.5119171142578,248.5119171142578,25922600,0.0,0.0
2025-09-09 00:00:00+07:00,250.50000959827054,250.50000959827054,244.53572365545458,246.52381896972656,24816200,0.0,0.0
2025-09-10 00:00:00+07:00,248.5119171142578,248.5119171142578,244.5357264404297,248.5119171142578,22975500,0.0,0.0
2025-09-11 00:00:00+07:00,250.5000028835507,256.4642886664924,248.51190762257013,252.48809814453125,28740000,0.0,0.0
2025-09-12 00:00:00+07:00,254.4761962890625,254.4761962890625,250.5000057220459,254.4761962890625,30734900,0.0,0.0
2025-09-15 00:00:00+07:00,254.4761962890625,254.4761962890625,250.5000057220459,254.4761962890625,25668900,0.0,0.0
2025-09-16 00:00:00+07:00,254.476203125,254.476203125,248.5119171142578,248.5119171142578,22951200,0.0,0.0
2025-09-17 00:00:00+07:00,248.5119171142578,250.5000124511719,244.5357264404297,248.5119171142578,24962800,0.0,0.0
2025-09-18 00:00:00+07:00,248.5119171142578,250.5000124511719,246.52382177734376,248.5119171142578,21242500,0.0,0.0
2025-09-19 00:00:00+07:00,248.51191428399855,248.51191428399855,244.53572365545458,246.52381896972656,23699600,0.0,0.0
2025-09-22 00:00:00+07:00,246.52381611645706,246.52381611645706,242.54762553393354,244.5357208251953,23797200,0.0,0.0
2025-09-23 00:00:00+07:00,242.5476283411826,246.52381896972656,240.5595330269106,246.52381896972656,22394300,0.0,0.0
2025-09-24 00:00:00+07:00,246.52381321641266,246.52381321641266,240.55952741278978,242.54762268066406,23308700,0.0,0.0
2025-09-25 00:00:00+07:00,242.5476197802331,242.5476197802331,238.57142929203255,240.5595245361328,28406600,0.0,0.0
2025-09-26 00:00:00+07:00,240.5595245361328,240.5595245361328,234.59523880383202,240.5595245361328,25906800,0.0,0.0
2025-09-29 00:00:00+07:00,240.5595245361328,242.5476197802331,238.57142929203255,240.5595245361328,24219500,0.0,0.0
2025-09-30 00:00:00+07:00,240.55953415301667,240.55953415301667,236.58334350585938,236.58334350585938,23711600,0.0,0.0
2025-10-01 00:00:00+07:00,236.58333687704118,242.54762268066406,234.5952416091669,242.54762268066406,24008400,0.0,0.0
2025-10-02 00:00:00+07:00,242.5476283411826,252.48810491254252,242.5476283411826,246.52381896972656,26032700,0.0,0.0
2025-10-03 00:00:00+07:00,246.52381896972656,248.51191428399855,242.5476283411826,246.52381896972656,23799000,0.0,0.0
2025-10-06 00:00:00+07:00,246.52381896972656,246.52381896972656,238.5714377126386,246.52381896972656,24585000,0.0,0.0
2025-10-07 00:00:00+07:00,246.52380952380952,256.4642857142857,242.54761904761907,250.5,27600700,0.0,0.0
2025-10-08 00:00:00+07:00,250.50000375216123,250.50000375216123,236.58333687704118,242.54762268066406,32990800,0.0,0.0
2025-10-09 00:00:00+07:00,242.54762553393354,246.52381611645706,238.57143495141005,244.5357208251953,22462800,0.0,0.0
2025-10-10 00:00:00+07:00,244.53572365545458,246.52381896972656,240.5595330269106,246.52381896972656,21799000,0.0,0.0
2025-10-13 00:00:00+07:00,244.53572365545458,246.52381896972656,240.5595330269106,246.52381896972656,23320000,0.0,0.0
2025-10-14 00:00:00+07:00,246.52381896972656,248.51191428399855,240.5595330269106,246.52381896972656,26074700,0.0,0.0
2025-10-15 00:00:00+07:00,246.52381896972656,246.52381896972656,240.5595330269106,246.52381896972656,22953800,0.0,0.0
2025-10-16 00:00:00+07:00,244.5357264404297,248.5119171142578,242.54763110351564,248.5119171142578,26580300,0.0,0.0
2025-10-17 00:00:00+07:00,248.5119171142578,252.48810778808596,244.5357264404297,248.5119171142578,20077700,0.0,0.0
2025-10-20 00:00:00+07:00,248.51190762257013,252.48809814453125,244.53571710060902,252.48809814453125,25734000,0.0,0.0
2025-10-21 00:00:00+07:00,252.4881065955529,262.4285832331731,252.4881065955529,258.452392578125,28241500,0.0,0.0
2025-10-22 00:00:00+07:00,260.44048790564904,264.4166785606971,256.46429725060096,258.452392578125,27520100,0.0,0.0
2025-10-23 00:00:00+07:00,258.45238973928053,262.42858035065404,256.46429443359375,256.46429443359375,23829100,0.0,0.0
2025-10-24 00:00:00+07:00,256.4643054474565,264.41668701171875,256.4643054474565,264.41668701171875,28998000,0.0,0.0
2025-10-27 00:00:00+07:00,266.40477164132255,282.30953412737165,264.4166763305664,278.3333435058594,43842700,0.0,0.0
2025-10-28 00:00:00+07:00,278.33334065169737,280.32143594206667,272.3690547805896,276.3452453613281,33489500,0.0,0.0
2025-10-29 00:00:00+07:00,276.345239569671,276.345239569671,268.39285857486027,272.3690490722656,23189700,0.0,0.0
2025-10-30 00:00:00+07:00,270.38096499612146,284.2976323120983,268.39286966526765,280.3214416503906,53535300,0.0,0.0
2025-10-31 00:00:00+07:00,280.3214330258577,280.3214330258577,272.36905194710994,274.3571472167969,20834900,0.0,0.0
2025-11-03 00:00:00+07:00,272.36905194710994,276.3452424864838,270.380956677423,274.3571472167969,20967300,0.0,0.0
2025-11-04 00:00:00+07:00,272.3690490722656,274.3571443209683,270.38095382356295,272.3690490722656,30426500,0.0,0.0
2025-11-05 00:00:00+07:00,270.3809622628348,278.3333435058594,268.3928669520787,278.3333435058594,31495400,0.0,0.0
2025-11-06 00:00:00+07:00,276.34525098868295,280.3214416503906,274.35715565782914,280.3214416503906,24093100,0.0,0.0
2025-11-07 00:00:00+07:00,280.3214388166155,280.3214388166155,274.3571528843471,278.3333435058594,20712000,0.0,0.0
2025-11-10 00:00:00+07:00,278.3333435058594,280.3214388166155,272.36905757359096,278.3333435058594,24691600,0.0,0.0
2025-11-11 00:00:00+07:00,278.33334909358496,282.3095397949219,276.3452537429165,282.3095397949219,27317700,0.0,0.0
2025-11-12 00:00:00+07:00,282.3095302581787,324.059531211853,282.3095302581787,318.0952453613281,78577500,0.0,0.0
2025-11-13 00:00:00+07:00,322.0714330133402,322.0714330133402,304.1785756237102,316.1071472167969,18661200,0.0,0.0
2025-11-14 00:00:00+07:00,312.1309523809524,337.9761904761905,310.14285714285717,334.0,73972100,0.0,0.0
2025-11-17 00:00:00+07:00,335.98810666106465,345.9285831894985,326.0476301326308,341.952392578125,17049700,0.0,0.0
2025-11-18 00:00:00+07:00,341.95239589525306,367.7976351198943,335.9881099203359,365.8095397949219,65524300,0.0,0.0
2025-11-19 00:00:00+07:00,363.8214387998476,367.7976293878241,351.8928670359182,361.8333435058594,25473700,0.0,0.0
2025-11-20 00:00:00+07:00,361.8333361173931,383.7023839047081,355.8690503572163,377.73809814453125,47421900,0.0,0.0
2025-11-21 00:00:00+07:00,377.73809814453125,381.71428865131577,371.77381238435447,377.73809814453125,33743500,0.0,0.0
2025-11-24 00:00:00+07:00,377.73810668312825,383.702392578125,373.76191608646377,383.702392578125,23863900,0.0,0.0
2025-11-25 00:00:00+07:00,383.702392578125,385.69048787645727,375.750011384796,383.702392578125,21106800,0.0,0.0
2025-11-26 00:00:00+07:00,383.70238095238096,385.6904761904762,371.7738095238095,375.75,23131300,0.0,0.0
2025-11-27 00:00:00+07:00,375.75000858306885,381.71429443359375,371.77381801605225,381.71429443359375,20743100,0.0,0.0
2025-11-28 00:00:00+07:00,381.71428865131577,385.69047915810035,375.750002891139,377.73809814453125,19556500,0.0,0.0
2025-12-01 00:00:00+07:00,377.73810668312825,385.69048787645727,371.7738207881315,383.702392578125,26982700,0.0,0.0
2025-12-02 00:00:00+07:00,385.69048316880026,413.52381700572397,385.69048316880026,401.5952453613281,96943800,0.0,0.0
2025-12-03 00:00:00+07:00,401.59523662011225,403.58333185090487,377.73809385060065,395.6309509277344,17335900,0.0,0.0
2025-12-04 00:00:00+07:00,395.6309509277344,397.619046158527,387.6785700045638,395.6309509277344,30205800,0.0,0.0
2025-12-05 00:00:00+07:00,395.6309566972268,405.57143299615205,393.6428614374417,399.6071472167969,40121400,0.0,0.0
2025-12-08 00:00:00+07:00,399.6071472167969,401.595242476582,389.6666709178716,399.6071472167969,24287700,0.0,0.0
2025-12-09 00:00:00+07:00,399.6071585306307,411.53573042706745,391.6547772663396,407.5595397949219,38602100,0.0,0.0
2025-12-10 00:00:00+07:00,407.5595223124902,407.5595223124902,395.6309509277344,395.6309509277344,28258600,0.0,0.0
2025-12-11 00:00:00+07:00,397.6190432153567,397.6190432153567,381.71428148674244,393.6428527832031,11700000,0.0,0.0
2025-12-12 00:00:00+07:00,393.6428527832031,393.6428527832031,387.6785671349728,393.6428527832031,12816000,0.0,0.0
2025-12-15 00:00:00+07:00,393.64285438939146,417.4999970796576,393.64285438939146,415.51190185546875,88927400,0.0,0.0
2025-12-16 00:00:00+07:00,415.5119181614296,415.5119181614296,399.60715574376724,405.5714416503906,19444900,0.0,0.0
2025-12-17 00:00:00+07:00,403.58334634818283,407.5595369525984,395.63096513935164,405.5714416503906,20729400,0.0,0.0
2025-12-18 00:00:00+07:00,405.5714416503906,407.5595369525984,399.60715574376724,405.5714416503906,32193400,0.0,0.0
2025-12-19 00:00:00+07:00,405.5714416503906,411.535727557014,401.59525104597503,405.5714416503906,22389800,0.0,0.0
2025-12-22 00:00:00+07:00,407.5595311835261,409.54762645759206,387.67857844286624,401.5952453613281,12315500,0.0,0.0
2025-12-23 00:00:00+07:00,399.60715008726214,401.5952453613281,395.6309595391302,401.5952453613281,12725800,0.0,0.0
2025-12-24 00:00:00+07:00,401.5952453613281,401.5952453613281,397.61905481319616,401.5952453613281,13445700,0.0,0.0
2025-12-29 00:00:00+07:00,401.5952408777029,429.4285744038803,399.6071456258331,419.48809814453125,52131800,0.0,0.0
2025-12-30 00:00:00+07:00,413.5238314273853,419.488117457588,405.57145005378175,411.5357360839844,17669100,0.0,0.0
2026-01-02 00:00:00+07:00,411.5357142857143,421.4761904761905,405.57142857142856,417.5,43689800,0.0,0.0
2026-01-05 00:00:00+07:00,417.5000057580336,427.4404820856058,413.5238152270047,421.4761962890625,44195800,0.0,0.0
2026-01-06 00:00:00+07:00,421.4762019932827,427.4404878705461,413.5238208235981,425.452392578125,39695600,0.0,0.0
2026-01-07 00:00:00+07:00,425.452392578125,427.4404878705461,417.5000114084404,425.452392578125,7495000,0.0,0.0
2026-01-08 00:00:00+07:00,425.45238390014066,425.45238390014066,411.53571713705196,419.48809814453125,5313800,0.0,0.0
2026-01-09 00:00:00+07:00,419.48811774297593,437.3809758457569,419.48811774297593,433.40478515625,77888100,0.0,0.0
2026-01-12 00:00:00+07:00,435.3928828085622,437.3809781638525,369.7857360839844,369.7857360839844,40853300,0.0,0.0
2026-01-13 00:00:00+07:00,339.96430559430803,351.8928777204241,318.0952566964286,347.91668701171875,38230100,0.0,0.0
2026-01-14 00:00:00+07:00,365.80953409383585,365.80953409383585,334.00000939002405,361.8333435058594,29089900,0.0,0.0
2026-01-15 00:00:00+07:00,361.8333491449771,367.7976351198943,345.9285865451979,365.8095397949219,32220200,0.0,0.0
2026-01-19 00:00:00+07:00,365.8095253033345,367.79762054954824,349.9047633336243,355.8690490722656,19923100,0.0,0.0
2026-01-20 00:00:00+07:00,355.86905195448134,367.7976235283746,347.9166709052192,357.8571472167969,53451500,0.0,0.0
2026-01-21 00:00:00+07:00,357.8571579773302,357.8571579773302,337.9762047563674,343.94049072265625,6108900,0.0,0.0
2026-01-22 00:00:00+07:00,345.92858604475254,345.92858604475254,330.0238234679823,343.94049072265625,8358600,0.0,0.0
2026-01-23 00:00:00+07:00,343.94049072265625,343.94049072265625,324.05953750169346,343.94049072265625,4862900,0.0,0.0
2026-01-26 00:00:00+07:00,343.9404963030134,355.86906842912947,328.03573346819195,347.91668701171875,53809000,0.0,0.0
2026-01-27 00:00:00+07:00,347.91667558993515,347.91667558993515,334.0000085663377,339.96429443359375,20410700,0.0,0.0
2026-01-28 00:00:00+07:00,335.98809814453125,335.98809814453125,290.2619072727903,335.98809814453125,9442200,0.0,0.0
2026-01-29 00:00:00+07:00,334.0,334.0,286.2857142857143,334.0,14039500,0.0,0.0
2026-01-30 00:00:00+07:00,328.0357226990817,341.9523897226791,318.095246253655,339.96429443359375,19308800,0.0,0.0
2026-02-02 00:00:00+07:00,339.96429347991943,339.96429347991943,302.1904830932617,318.0952453613281,10207100,0.0,0.0
2026-02-03 00:00:00+07:00,314.11904208631404,333.99999411709337,304.1785660709243,330.0238037109375,56925400,0.0,0.0
2026-02-04 00:00:00+07:00,330.0238314541903,330.0238314541903,318.0952592329545,328.0357360839844,3128100,0.0,0.0
2026-02-05 00:00:00+07:00,328.0357304672522,328.0357304672522,318.0952537864264,324.0595397949219,1335700,0.0,0.0
2026-02-06 00:00:00+07:00,306.1666736602783,324.059531211853,306.1666736602783,318.0952453613281,3089900,0.0,0.0
2026-02-09 00:00:00+07:00,318.0952592329545,328.0357360839844,312.1309731223366,328.0357360839844,30947300,0.0,0.0
2026-02-10 00:00:00+07:00,328.0357360839844,335.98811756480825,322.07144997336644,328.0357360839844,34224600,0.0,0.0
2026-02-11 00:00:00+07:00,328.03571712335895,335.98809814453125,322.0714313574797,335.98809814453125,39470700,0.0,0.0
2026-02-12 00:00:00+07:00,341.9523839104105,343.9404791657036,330.023812378652,335.98809814453125,28810900,0.0,0.0
2026-02-13 00:00:00+07:00,334.00001935261054,334.00001935261054,322.07144723287445,326.0476379394531,4333000,0.0,0.0
2026-02-18 00:00:00+07:00,326.0476407137784,330.0238314541903,316.10716386274856,328.0357360839844,37628100,0.0,0.0
2026-02-19 00:00:00+07:00,328.0357360839844,334.00002219460225,320.0833546031605,328.0357360839844,29024800,0.0,0.0
2026-02-20 00:00:00+07:00,328.03573329274246,328.03573329274246,320.0833518795851,326.0476379394531,25324900,0.0,0.0
2026-02-23 00:00:00+07:00,324.05954534357244,359.8452620072798,324.05954534357244,349.90478515625,39753200,0.0,0.0
2026-02-24 00:00:00+07:00,351.8928509447948,351.8928509447948,328.03570850785957,330.0238037109375,8827800,0.0,0.0
2026-02-25 00:00:00+07:00,330.02382074400435,341.952392578125,322.0714395212573,341.952392578125,36340500,0.0,0.0
2026-02-26 00:00:00+07:00,341.9523868336397,351.8928631950827,332.0119104721967,337.9761962890625,34108500,0.0,0.0
2026-02-27 00:00:00+07:00,334.0,337.9761904761905,326.04761904761904,334.0,24563100,0.0,0.0
2026-03-02 00:00:00+07:00,320.0833487259714,326.04763472707646,302.19049072265625,302.19049072265625,7694800,0.0,0.0
2026-03-03 00:00:00+07:00,302.19048035819577,324.05952827885466,294.238099296138,316.1071472167969,25278300,0.0,0.0
2026-03-04 00:00:00+07:00,316.1071609796262,318.0952563316993,292.25001675474874,304.1785888671875,10788000,0.0,0.0
2026-03-05 00:00:00+07:00,304.1785728358015,320.0833348141441,304.1785728358015,314.1190490722656,25487300,0.0,0.0
2026-03-06 00:00:00+07:00,314.1190432035006,314.1190432035006,304.1785671527569,310.1428527832031,1269800,0.0,0.0
2026-03-09 00:00:00+07:00,272.3690421268858,296.22618450296335,266.4047565328664,288.2738037109375,10875100,0.0,0.0
2026-03-10 00:00:00+07:00,290.2619132486979,300.2023897298177,288.27381795247396,298.21429443359375,19594900,0.0,0.0
2026-03-11 00:00:00+07:00,298.21430281096815,312.13097027547997,296.226207458895,304.1785888671875,35299800,0.0,0.0
2026-03-12 00:00:00+07:00,304.17858032226565,304.17858032226565,296.2261991373698,298.21429443359375,16204600,0.0,0.0
2026-03-13 00:00:00+07:00,300.2023897298177,300.2023897298177,290.2619132486979,298.21429443359375,11071700,0.0,0.0
2026-03-16 00:00:00+07:00,296.22620194795115,302.1904878932119,282.3095347423427,300.202392578125,18760100,0.0,0.0
2026-03-17 00:00:00+07:00,298.2142786825857,310.14284982988914,298.2142786825857,308.1547546386719,26890400,0.0,0.0
2026-03-25 00:00:00+07:00,308.154779759849,326.0476379394531,302.19049369998095,326.0476379394531,38856700,0.0,0.0
2026-03-26 00:00:00+07:00,326.0476351310871,328.0357304672522,318.0952537864264,324.0595397949219,18959400,0.0,0.0
2026-03-27 00:00:00+07:00,322.07144445875673,328.0357304672522,318.0952537864264,324.0595397949219,16005800,0.0,0.0
2026-03-30 00:00:00+07:00,318.09525101273147,326.0476322880498,312.13096505624276,322.0714416503906,17186700,0.0,0.0
2026-03-31 00:00:00+07:00,322.0714240440955,324.05951925424426,310.1428527832031,310.1428527832031,21617900,0.0,0.0
2026-04-01 00:00:00+07:00,312.1309509277344,318.0952366142516,310.1428556988953,312.1309509277344,10330000,0.0,0.0
2026-04-02 00:00:00+07:00,312.1309673911647,312.1309673911647,302.19049072265625,302.19049072265625,19117600,0.0,0.0
2026-04-06 00:00:00+07:00,300.20239816304127,304.1785888671875,288.2738260506025,304.1785888671875,15239000,0.0,0.0
2026-04-07 00:00:00+07:00,304.17857443319787,304.17857443319787,290.26190762906464,294.23809814453125,7062300,0.0,0.0
2026-04-08 00:00:00+07:00,294.23809814453125,298.2142886599979,288.2738123713313,294.23809814453125,9896200,0.0,0.0
2026-04-09 00:00:00+07:00,298.21430281096815,304.1785888671875,290.2619214026756,304.1785888671875,16281100,0.0,0.0
2026-04-10 00:00:00+07:00,304.17859164151275,310.1428777521307,302.1904962713068,306.16668701171875,13817800,0.0,0.0
2026-04-13 00:00:00+07:00,296.22621016068894,308.1547823819247,296.22621016068894,306.16668701171875,16413400,0.0,0.0
2026-04-14 00:00:00+07:00,306.1666652412172,312.1309509277344,302.190474783539,312.1309509277344,12865200,0.0,0.0
2026-04-15 00:00:00+07:00,312.13095668576796,316.1071472167969,304.1785756237102,316.1071472167969,19321900,0.0,0.0
2026-04-16 00:00:00+07:00,316.1071500778198,318.0952453613281,308.1547689437866,318.0952453613281,15537700,0.0,0.0
2026-04-17 00:00:00+07:00,318.0952537864264,326.0476351310871,310.14287244176575,324.0595397949219,17917300,0.0,0.0
2026-04-20 00:00:00+07:00,324.05952530872975,324.05952530872975,314.1190490722656,314.1190490722656,12111300,0.0,0.0
2026-04-21 00:00:00+07:00,312.1309623007449,320.0833435058594,308.15477169818763,320.0833435058594,19946400,0.0,0.0
2026-04-22 00:00:00+07:00,320.0833406448364,320.0833406448364,314.1190547943115,318.0952453613281,17388100,0.0,0.0
2026-04-23 00:00:00+07:00,318.09523956685126,320.0833348141441,314.1190490722656,314.1190490722656,12886200,0.0,0.0
2026-04-24 00:00:00+07:00,314.11905978373346,314.11905978373346,292.2500113177773,300.202392578125,15261500,0.0,0.0
2026-04-27 00:00:00+07:00,300.202392578125,304.17858320829885,296.22620194795115,300.202392578125,13772200,0.0,0.0
2026-04-28 00:00:00+07:00,300.20239816304127,304.1785888671875,298.21430281096815,304.1785888671875,16420000,0.0,0.0
2026-04-29 00:00:00+07:00,304.17858032226565,306.1666756184896,294.23810384114586,298.21429443359375,25655500,0.0,0.0
2026-04-30 00:00:00+07:00,300.20239816304127,308.15477957133373,294.23811210682186,304.1785888671875,23099500,0.0,0.0
2026-05-04 00:00:00+07:00,304.1785860563579,306.16668139005964,300.2023953889545,302.19049072265625,12917900,0.0,0.0
2026-05-05 00:00:00+07:00,302.1904962713068,306.16668701171875,296.22621016068894,306.16668701171875,14158100,0.0,0.0
2026-05-06 00:00:00+07:00,306.16666808309435,316.1071443195584,304.1785728358015,314.1190490722656,17537000,0.0,0.0
2026-05-07 00:00:00+07:00,314.1190432035006,314.1190432035006,308.1547575730544,310.1428527832031,18148500,0.0,0.0
2026-05-08 00:00:00+07:00,308.1547575730544,310.1428527832031,304.1785671527569,310.1428527832031,16202300,0.0,0.0
2026-05-11 00:00:00+07:00,308.1547689437866,318.0952453613281,304.17857837677,318.0952453613281,17748600,0.0,0.0
2026-05-12 00:00:00+07:00,318.09523956685126,324.05952530872975,308.15476333038714,314.1190490722656,33542700,0.0,0.0
2026-05-13 00:00:00+07:00,312.13097027547997,312.13097027547997,300.20239816304127,304.1785888671875,14208700,0.0,0.0
2026-05-14 00:00:00+07:00,304.1785888671875,304.1785888671875,304.1785888671875,304.1785888671875,0,0.0,0.0
2026-05-15 00:00:00+07:00,304.1785888671875,304.1785888671875,304.1785888671875,304.1785888671875,0,0.0,0.0
2026-05-18 00:00:00+07:00,302.19049072265625,308.1547767237613,290.26191872044615,302.19049072265625,9764100,0.0,0.0
2026-05-19 00:00:00+07:00,302.19047917546453,302.19047917546453,290.26190762906464,294.23809814453125,6349300,0.0,0.0
2026-05-20 00:00:00+07:00,296.2262013026646,298.21429661342074,278.3333435058594,278.3333435058594,19390200,0.0,0.0
2026-05-21 00:00:00+07:00,274.3571528843471,288.27382005964006,262.4285810198103,278.3333435058594,14444900,0.0,0.0
2026-05-22 00:00:00+07:00,276.34524819510324,282.30953412737165,268.3928669520787,278.3333435058594,27991000,0.0,0.0
2026-05-25 00:00:00+07:00,278.33332485622833,292.24999109903973,276.34522967868384,286.28570556640625,27285900,0.0,0.0
2026-05-26 00:00:00+07:00,286.285708512931,292.24999410695045,280.32142291891165,288.2738037109375,23770100,0.0,0.0
2026-05-27 00:00:00+07:00,288.2738037109375,288.2738037109375,288.2738037109375,288.2738037109375,0,0.0,0.0
2026-05-28 00:00:00+07:00,288.2738037109375,288.2738037109375,288.2738037109375,288.2738037109375,0,0.0,0.0
2026-05-29 00:00:00+07:00,288.2738095238095,337.9761904761905,286.2857142857143,334.0,50655900,0.0,0.0
2026-06-02 00:00:00+07:00,334.00000511289267,383.70238682612074,316.1071476961306,379.7261962890625,71112700,0.0,0.0
2026-06-03 00:00:00+07:00,379.7262126813616,379.7262126813616,343.9404963030134,347.91668701171875,25243400,0.0,0.0
2026-06-04 00:00:00+07:00,345.9285888671875,359.8452562354077,334.0000168372845,345.9285888671875,35566600,0.0,0.0
2026-06-05 00:00:00+07:00,337.9762035647765,337.9762035647765,294.23810663286423,300.202392578125,6176900,0.0,0.0
2026-06-08 00:00:00+07:00,294.23809523809524,302.1904761904762,274.3571428571429,292.25,8134900,0.0,0.0
2026-06-09 00:00:00+07:00,290.261909754136,337.9761962890625,290.261909754136,337.9761962890625,38847700,0.0,0.0
2026-06-10 00:00:00+07:00,337.97619819641113,337.97619819641113,314.1190547943115,318.0952453613281,5687600,0.0,0.0
2026-06-11 00:00:00+07:00,318.0952453613281,324.059531211853,312.1309595108032,318.0952453613281,18296400,0.0,0.0
2026-06-12 00:00:00+07:00,318.0952592329545,330.0238314541903,318.0952592329545,328.0357360839844,27098500,0.0,0.0
2026-06-15 00:00:00+07:00,330.0238151999081,343.9404821059283,328.0357199276195,337.9761962890625,25365000,0.0,0.0
2026-06-17 00:00:00+07:00,337.97619203977945,339.9642872870723,314.1190490722656,314.1190490722656,11155700,0.0,0.0
2026-06-18 00:00:00+07:00,314.11904761904765,334.0,308.1547619047619,334.0,32318800,0.0,0.0
2026-06-19 00:00:00+07:00,336.0,348.0,324.0,346.0,26355500,2.0,0.0
2026-06-22 00:00:00+07:00,346.0,354.0,336.0,352.0,18260200,0.0,0.0
2026-06-23 00:00:00+07:00,354.0,368.0,324.0,366.0,31123600,0.0,0.0
2026-06-24 00:00:00+07:00,366.0,378.0,362.0,374.0,17653500,0.0,0.0
2026-06-25 00:00:00+07:00,374.0,384.0,368.0,384.0,20863500,0.0,0.0
2026-06-26 00:00:00+07:00,384.0,390.0,352.0,370.0,21802100,0.0,0.0
2026-06-29 00:00:00+07:00,370.0,372.0,362.0,370.0,12589000,0.0,0.0
2026-06-30 00:00:00+07:00,370.0,370.0,350.0,350.0,5632000,0.0,0.0
2026-07-01 00:00:00+07:00,350.0,362.0,350.0,358.0,12909000,0.0,0.0
2026-07-02 00:00:00+07:00,356.0,386.0,354.0,386.0,22358800,0.0,0.0
2026-07-03 00:00:00+07:00,386.0,406.0,374.0,404.0,22376400,0.0,0.0
2026-07-06 00:00:00+07:00,406.0,454.0,400.0,450.0,82287400,0.0,0.0
2026-07-07 00:00:00+07:00,450.0,452.0,402.0,434.0,29376800,0.0,0.0
2026-07-08 00:00:00+07:00,434.0,450.0,426.0,450.0,41852800,0.0,0.0
2026-07-09 00:00:00+07:00,450.0,462.0,440.0,454.0,48592900,0.0,0.0
2026-07-10 00:00:00+07:00,454.0,454.0,388.0,410.0,18284400,0.0,0.0
2026-07-13 00:00:00+07:00,410.0,414.0,390.0,408.0,7225100,0.0,0.0
2026-07-14 00:00:00+07:00,408.0,454.0,406.0,452.0,38051400,0.0,0.0
2026-07-15 00:00:00+07:00,452.0,452.0,434.0,452.0,8373500,0.0,0.0
2026-07-16 00:00:00+07:00,452.0,456.0,446.0,448.0,8354400,0.0,0.0
2026-07-17 00:00:00+07:00,448.0,456.0,434.0,446.0,13708400,0.0,0.0
2026-07-20 00:00:00+07:00,446.0,452.0,428.0,434.0,21371300,0.0,0.0
2026-07-21 00:00:00+07:00,432.0,438.0,426.0,434.0,5791900,0.0,0.0
2026-07-22 00:00:00+07:00,434.0,434.0,420.0,428.0,16099900,0.0,0.0
2026-07-23 00:00:00+07:00,428.0,480.0,424.0,470.0,43863400,0.0,0.0
2026-07-24 00:00:00+07:00,470.0,472.0,452.0,468.0,8530200,0.0,0.0
2026-07-27 00:00:00+07:00,466.0,480.0,444.0,472.0,21693600,0.0,0.0
2026-07-28 00:00:00+07:00,472.0,494.0,460.0,484.0,23531700,0.0,0.0
2026-07-29 00:00:00+07:00,484.0,550.0,478.0,515.0,54998700,0.0,0.0
2026-07-30 00:00:00+07:00,515.0,595.0,496.0,580.0,61890000,0.0,0.0
2026-07-31 00:00:00+07:00,560.0,575.0,500.0,530.0,14094800,0.0,0.0
2026-08-03 00:00:00+07:00,530.0,540.0,505.0,525.0,19188800,0.0,0.0
2026-08-04 00:00:00+07:00,525.0,580.0,520.0,535.0,39398400,0.0,0.0
2026-08-05 00:00:00+07:00,540.0,555.0,520.0,535.0,20677100,0.0,0.0
2026-08-06 00:00:00+07:00,535.0,570.0,456.0,540.0,44371700,0.0,0.0
2026-08-07 00:00:00+07:00,540.0,585.0,490.0,545.0,49379900,0.0,0.0
2026-08-10 00:00:00+07:00,535.0,600.0,530.0,600.0,67116600,0.0,0.0
2026-08-11 00:00:00+07:00,600.0,605.0,570.0,575.0,23551300,0.0,0.0
2026-08-12 00:00:00+07:00,565.0,605.0,550.0,590.0,21965200,0.0,0.0
2026-08-13 00:00:00+07:00,590.0,595.0,565.0,585.0,14080500,0.0,0.0
2026-08-14 00:00:00+07:00,585.0,635.0,580.0,620.0,41513400,0.0,0.0
2026-08-18 00:00:00+07:00,615.0,650.0,600.0,635.0,32791000,0.0,0.0
2026-08-19 00:00:00+07:00,635.0,665.0,615.0,645.0,49855000,0.0,0.0
2026-08-20 00:00:00+07:00,635.0,685.0,600.0,650.0,48329000,0.0,0.0
2026-08-21 00:00:00+07:00,650.0,650.0,570.0,570.0,24924600,0.0,0.0
2026-08-24 00:00:00+07:00,555.0,620.0,500.0,590.0,10194600,0.0,0.0
2026-08-26 00:00:00+07:00,590.0,610.0,570.0,570.0,11254700,0.0,0.0
2026-08-27 00:00:00+07:00,565.0,605.0,550.0,555.0,30060600,0.0,0.0
2026-08-28 00:00:00+07:00,555.0,595.0,550.0,575.0,13913900,0.0,0.0
2026-08-31 00:00:00+07:00,575.0,610.0,560.0,580.0,15081200,0.0,0.0
2026-09-01 00:00:00+07:00,580.0,595.0,570.0,585.0,20114900,0.0,0.0
2026-09-02 00:00:00+07:00,585.0,620.0,575.0,605.0,54286500,0.0,0.0
2026-09-03 00:00:00+07:00,605.0,610.0,595.0,610.0,14153400,0.0,0.0
2026-09-04 00:00:00+07:00,610.0,615.0,585.0,615.0,40286700,0.0,0.0
2026-09-07 00:00:00+07:00,615.0,615.0,580.0,580.0,5426000,0.0,0.0
2026-09-08 00:00:00+07:00,580.0,590.0,555.0,590.0,16918300,0.0,0.0
2026-09-09 00:00:00+07:00,585.0,605.0,580.0,605.0,15760000,0.0,0.0
2026-09-10 00:00:00+07:00,605.0,605.0,585.0,600.0,12304600,0.0,0.0
2026-09-11 00:00:00+07:00,600.0,600.0,580.0,595.0,7274300,0.0,0.0
2026-09-14 00:00:00+07:00,595.0,595.0,545.0,585.0,4947400,0.0,0.0
2026-09-15 00:00:00+07:00,575.0,575.0,550.0,560.0,22403900,0.0,0.0
2026-09-16 00:00:00+07:00,560.0,565.0,535.0,565.0,31186500,0.0,0.0
2026-09-17 00:00:00+07:00,555.0,565.0,540.0,565.0,15148700,0.0,0.0
2026-09-18 00:00:00+07:00,545.0,560.0,545.0,555.0,6582600,0.0,0.0
