Date,Open,High,Low,Close,Volume,Dividends,Stock Splits
2021-09-20 00:00:00+07:00,23.093571430341495,23.416558131020814,22.609090609261475,23.255064010620117,35957000,0.0,0.0
2021-09-21 00:00:00+07:00,23.255064212006413,23.255064212006413,22.60909080505371,22.60909080505371,30886000,0.0,0.0
2021-09-22 00:00:00+07:00,22.609088096643326,23.255061426212944,22.609088096643326,22.77058219909668,30372000,0.0,0.0
2021-09-23 00:00:00+07:00,22.93207550048828,23.739542958534503,22.609088825294187,22.93207550048828,65313000,0.0,0.0
2021-09-24 00:00:00+07:00,22.932075573933616,25.1929853877773,22.770583005880326,24.224023818969727,487348000,0.0,0.0
2021-09-27 00:00:00+07:00,24.547010648125532,25.677464792029095,23.416556504221965,23.57805061340332,317002000,0.0,0.0
2021-09-28 00:00:00+07:00,23.57805039099843,24.547010416580726,22.93207550048828,22.93207550048828,67635000,0.0,0.0
2021-09-29 00:00:00+07:00,22.77058188947981,23.255061110008498,21.64012626792119,22.447593688964844,134706000,0.0,0.0
2021-09-30 00:00:00+07:00,22.77058213796223,23.739542129715193,22.609088035942452,23.093568801879883,70906000,0.0,0.0
2021-10-01 00:00:00+07:00,23.255061363777763,23.578049567817317,22.77058213796223,23.093568801879883,75892000,0.0,0.0
2021-10-04 00:00:00+07:00,23.093569753072938,24.224023893407566,23.093569753072938,23.901037216186523,110543000,0.0,0.0
2021-10-05 00:00:00+07:00,24.062531532379456,25.19298729494019,23.255064010620117,23.255064010620117,164689000,0.0,0.0
2021-10-06 00:00:00+07:00,23.25506199834957,27.45389336422027,23.25506199834957,27.130905151367188,801156000,0.0,0.0
2021-10-07 00:00:00+07:00,27.453892549331236,27.453892549331236,25.354476928710938,25.354476928710938,279602000,0.0,0.0
2021-10-08 00:00:00+07:00,25.515970280977925,25.83895693463651,24.385516223111946,25.192983627319336,132501000,0.0,0.0
2021-10-11 00:00:00+07:00,25.192987171098437,25.838960569281653,24.708506352399993,24.869998931884766,77796000,0.0,0.0
2021-10-12 00:00:00+07:00,24.869994328862138,25.35447505789125,24.708501779266953,25.0314884185791,50724000,0.0,0.0
2021-10-13 00:00:00+07:00,25.0314930514916,25.677466449674817,24.708506352399993,24.869998931884766,67538000,0.0,0.0
2021-10-14 00:00:00+07:00,25.192984307977635,26.80791916002436,24.70850354433924,25.67746353149414,466935000,0.0,0.0
2021-10-15 00:00:00+07:00,26.00045103152673,26.161945128416946,25.192983627319336,25.192983627319336,97256000,0.0,0.0
2021-10-18 00:00:00+07:00,25.192984367199774,25.515971030343998,24.869996163933656,25.354476928710938,55623000,0.0,0.0
2021-10-19 00:00:00+07:00,25.515970970362602,26.323436856264074,25.515970970362602,25.67746353149414,126084000,0.0,0.0
2021-10-21 00:00:00+07:00,25.677462786548915,26.000450979685354,25.35447613353432,25.51597023010254,55698000,0.0,0.0
2021-10-22 00:00:00+07:00,25.515970280977925,27.130903549270855,25.192983627319336,25.192983627319336,252546000,0.0,0.0
2021-10-25 00:00:00+07:00,25.354476184087705,25.515970280977925,25.03148953042912,25.192983627319336,34582000,0.0,0.0
2021-10-26 00:00:00+07:00,25.192983627319336,26.00045103152673,25.03148953042912,25.192983627319336,52034000,0.0,0.0
2021-10-27 00:00:00+07:00,25.35447598927221,27.130903340805876,25.1929834337447,26.48493003845215,342437000,0.0,0.0
2021-10-28 00:00:00+07:00,26.807917244978587,27.453890523602883,25.0314884185791,25.0314884185791,368349000,0.0,0.0
2021-10-29 00:00:00+07:00,25.031489480519724,25.677462786548915,25.031489480519724,25.51597023010254,63783000,0.0,0.0
2021-11-01 00:00:00+07:00,25.838957938461828,26.48493127087461,25.515971272255438,26.000452041625977,90089000,0.0,0.0
2021-11-02 00:00:00+07:00,26.000451795121283,26.646425121409727,25.354476928710938,25.354476928710938,111135000,0.0,0.0
2021-11-03 00:00:00+07:00,25.354476869109174,25.83895763274757,25.354476869109174,25.67746353149414,33459000,0.0,0.0
2021-11-04 00:00:00+07:00,25.838958502835304,31.975709915161133,25.677464396143804,31.975709915161133,760631000,0.0,0.0
2021-11-05 00:00:00+07:00,32.78317782989095,34.55960686801793,29.876296189496927,30.037790298461914,855372000,0.0,0.0
2021-11-08 00:00:00+07:00,28.907336915943585,33.590647967089055,28.907336915943585,32.13720703125,461557000,0.0,0.0
2021-11-09 00:00:00+07:00,30.84525738594454,40.050384521484375,30.84525738594454,40.050384521484375,1408797000,0.0,0.0
2021-11-10 00:00:00+07:00,41.18084165674674,44.41071159060923,37.30499835216055,38.9199333190918,982632000,0.0,0.0
2021-11-11 00:00:00+07:00,38.91993221852681,48.44804763793945,38.91993221852681,48.44804763793945,760651000,0.0,0.0
2021-11-12 00:00:00+07:00,49.659244537353516,55.71524996873809,46.02564127852278,49.659244537353516,642358000,0.0,0.0
2021-11-15 00:00:00+07:00,49.65925125248176,51.677920002582646,47.64058250238087,48.851783752441406,144943000,0.0,0.0
2021-11-16 00:00:00+07:00,49.65924315298757,56.92644946805892,48.04430841630505,50.0629768371582,461873000,0.0,0.0
2021-11-17 00:00:00+07:00,51.2741813659668,52.48538250059593,49.255512808251574,51.2741813659668,118118000,0.0,0.0
2021-11-18 00:00:00+07:00,51.27418375015259,56.11898851394653,49.65924882888794,51.67791748046875,234715000,0.0,0.0
2021-11-19 00:00:00+07:00,52.889110914242806,64.59738737617442,51.274176229838446,61.7712516784668,663974000,0.0,0.0
2021-11-22 00:00:00+07:00,62.5787256147478,62.982459328391336,57.73392105102539,57.73392105102539,148218000,0.0,0.0
2021-11-23 00:00:00+07:00,57.733923947900756,58.13765768180216,53.69658660888672,53.69658660888672,157929000,0.0,0.0
2021-11-24 00:00:00+07:00,50.06298167669951,55.71525380148817,50.06298167669951,54.100318908691406,91811000,0.0,0.0
2021-11-25 00:00:00+07:00,54.504050947215454,59.75258918657695,54.10031723649534,58.94512176513672,161321000,0.0,0.0
2021-11-26 00:00:00+07:00,58.94512263706752,59.75259007045201,56.52272033691406,56.52272033691406,87737000,0.0,0.0
2021-11-29 00:00:00+07:00,56.522722244262695,65.80859804153442,55.31152105331421,64.59739685058594,305898000,0.0,0.0
2021-11-30 00:00:00+07:00,65.4048707485199,79.13181893030803,64.59740320841472,77.51688385009766,648163000,0.0,0.0
2021-12-01 00:00:00+07:00,78.3243472989045,86.80275602713644,72.26834106445312,72.26834106445312,436619000,0.0,0.0
2021-12-02 00:00:00+07:00,72.26833265149915,77.11313707506334,68.23099563186233,74.69073486328125,237197000,0.0,0.0
2021-12-03 00:00:00+07:00,75.09448216896689,76.30568349427281,71.46087819304914,73.07581329345703,71482000,0.0,0.0
2021-12-06 00:00:00+07:00,73.4795437930675,75.49821257859134,71.46087500754368,71.86460876464844,60069000,0.0,0.0
2021-12-07 00:00:00+07:00,71.86459935126614,81.95794195678104,71.86459935126614,81.15047454833984,233842000,0.0,0.0
2021-12-08 00:00:00+07:00,81.15047454833984,81.15047454833984,81.15047454833984,81.15047454833984,0,0.0,0.0
2021-12-09 00:00:00+07:00,80.3430057563404,83.16914163721671,75.4982013891239,81.55420684814453,229169000,0.0,0.0
2021-12-10 00:00:00+07:00,81.95795046548707,90.84009288046597,81.95795046548707,85.18782043457031,213813000,0.0,0.0
2021-12-13 00:00:00+07:00,85.18781999501671,103.75957222141847,82.36168378665123,98.1072998046875,341423000,0.0,0.0
2021-12-14 00:00:00+07:00,99.31849262501933,122.33131408691405,98.51102520530372,122.33131408691406,456441000,0.0,0.0
2021-12-15 00:00:00+07:00,122.33131408691405,122.33131408691405,122.33131408691405,122.33131408691406,0,0.0,0.0
2021-12-16 00:00:00+07:00,122.33131408691405,122.33131408691405,122.33131408691405,122.33131408691406,0,0.0,0.0
2021-12-17 00:00:00+07:00,122.33131408691405,122.33131408691405,122.33131408691405,122.33131408691406,0,0.0,0.0
2021-12-20 00:00:00+07:00,122.33131408691405,122.33131408691405,122.33131408691405,122.33131408691406,0,0.0,0.0
2021-12-21 00:00:00+07:00,122.33131408691405,122.33131408691405,122.33131408691405,122.33131408691406,0,0.0,0.0
2021-12-22 00:00:00+07:00,122.33131408691405,122.33131408691405,122.33131408691405,122.33131408691406,0,0.0,0.0
2021-12-23 00:00:00+07:00,122.33131408691405,122.33131408691405,122.33131408691405,122.33131408691406,0,0.0,0.0
2021-12-24 00:00:00+07:00,113.85292053222656,125.56119959405127,113.85292053222656,113.85292053222656,213461000,0.0,0.0
2021-12-27 00:00:00+07:00,113.44917383367365,117.08277726606889,106.58570068359376,111.02677154541016,151502000,0.0,0.0
2021-12-28 00:00:00+07:00,111.02677013563073,115.06410723147185,109.00810158771017,111.43050384521484,69245000,0.0,0.0
2021-12-29 00:00:00+07:00,111.4305161949542,118.29399001855644,106.98944489732921,112.23798370361328,150297000,0.0,0.0
2021-12-30 00:00:00+07:00,111.8342404052289,114.6603764443502,110.62303924560548,110.62303924560547,40972000,0.0,0.0
2022-01-03 00:00:00+07:00,110.62303753832838,118.29397809755552,102.95209697910123,115.46784210205078,242224000,0.0,0.0
2022-01-04 00:00:00+07:00,115.46784537179128,116.67904654701987,109.4118394956484,110.21930694580078,67611000,0.0,0.0
2022-01-05 00:00:00+07:00,111.02676614249263,111.83423353261985,103.75955963134766,103.75955963134766,57332000,0.0,0.0
2022-01-06 00:00:00+07:00,103.75956386656273,110.62303696279452,98.10729190496009,102.5483627319336,72666000,0.0,0.0
2022-01-07 00:00:00+07:00,103.93277749782656,104.34357898991283,99.41396108487757,101.05716705322266,45195000,2.185,0.0
2022-01-10 00:00:00+07:00,97.77074230603935,104.34356531821007,95.71673511473601,99.41394805908203,62258000,0.0,0.0
2022-01-11 00:00:00+07:00,98.59234448923058,105.57596889055108,97.770741618487,103.11116027832031,41522000,0.0,0.0
2022-01-12 00:00:00+07:00,104.34356531821007,106.80837394777409,97.35994086777869,99.41394805908203,36499000,0.0,0.0
2022-01-13 00:00:00+07:00,99.41394805908203,101.05715381212471,96.12753655299667,99.41394805908203,23099000,0.0,0.0
2022-01-14 00:00:00+07:00,99.41395011068393,102.70036168459083,97.77074432373047,97.77074432373047,17495000,0.0,0.0
2022-01-17 00:00:00+07:00,97.77074657139443,101.87876113321771,96.53834220284743,99.0031509399414,21007000,0.0,0.0
2022-01-18 00:00:00+07:00,99.00315306458292,99.82475599457945,96.94914573959157,97.35994720458984,19911000,0.0,0.0
2022-01-19 00:00:00+07:00,100.23555300416065,100.23555300416065,97.35994287699211,97.77074432373047,9558000,0.0,0.0
2022-01-20 00:00:00+07:00,97.35994287699211,99.41395011068393,96.94914143025375,97.77074432373047,11895000,0.0,0.0
2022-01-21 00:00:00+07:00,98.18155243387625,107.21918487548828,97.77075095925751,107.21918487548828,49440000,0.0,0.0
2022-01-24 00:00:00+07:00,111.32719437853038,120.36482639449964,107.62998128108842,114.20280456542969,150273000,0.0,0.0
2022-01-25 00:00:00+07:00,114.61360939399346,125.70524901276701,112.14880058982155,117.48921966552734,119337000,0.0,0.0
2022-01-26 00:00:00+07:00,118.31080457899306,139.26167622318974,115.84599615026404,133.0996551513672,174662000,0.0,0.0
2022-01-27 00:00:00+07:00,134.3320706838585,141.31569515366152,128.99165197165615,136.38607788085938,152329000,0.0,0.0
2022-01-28 00:00:00+07:00,138.02927567331415,157.74774362664473,133.92126151637027,156.1045379638672,171287000,0.0,0.0
2022-01-31 00:00:00+07:00,157.33694497132913,163.49896631485376,151.99652647360776,160.21255493164062,103214000,0.0,0.0
2022-02-02 00:00:00+07:00,161.4449570346886,178.28781514772226,154.87213435643156,175.00140380859375,99091000,0.0,0.0
2022-02-03 00:00:00+07:00,177.46622107163915,184.8606469496241,170.0717951936542,174.1798095703125,52791000,0.0,0.0
2022-02-04 00:00:00+07:00,175.82302351920836,207.86553715121363,172.53661186464373,203.7575225830078,164004000,0.0,0.0
2022-02-07 00:00:00+07:00,207.8655616667589,211.1519737089211,198.82792855081289,202.93594360351562,65272000,0.0,0.0
2022-02-08 00:00:00+07:00,204.5791293600331,204.5791293600331,188.9686737060547,188.9686737060547,73683000,0.0,0.0
2022-02-09 00:00:00+07:00,187.32546997070312,198.82791110925507,175.82302883215118,187.32546997070312,80752000,0.0,0.0
2022-02-10 00:00:00+07:00,188.96865178403897,194.71987162094447,184.03903478097706,188.1470489501953,38933000,0.0,0.0
2022-02-11 00:00:00+07:00,188.14706722382576,203.7575225830078,188.14706722382576,203.7575225830078,47496000,0.0,0.0
2022-02-14 00:00:00+07:00,203.75751710041263,207.0439286665483,189.79026794433594,189.79026794433594,63967000,0.0,0.0
2022-02-15 00:00:00+07:00,189.79028750688602,196.3631113166483,179.93105179224258,192.25509643554688,22339000,0.0,0.0
2022-02-16 00:00:00+07:00,197.1847075761132,197.1847075761132,189.79028104200896,191.43348693847656,13784000,0.0,0.0
2022-02-17 00:00:00+07:00,191.4334634903374,194.71987488072946,178.28781792876916,179.1094207763672,47743000,0.0,0.0
2022-02-18 00:00:00+07:00,178.28782123068103,184.03904127038044,167.60698401409647,170.07179260253906,41306000,0.0,0.0
2022-02-21 00:00:00+07:00,168.42858546756094,170.07179117943957,158.56935119628906,158.56935119628906,89968000,0.0,0.0
2022-02-22 00:00:00+07:00,157.74775853064065,159.80176580317504,147.47772216796875,147.47772216796875,39345000,0.0,0.0
2022-02-23 00:00:00+07:00,145.42371063232423,160.62336400349935,138.44008611043293,147.88851928710938,109355000,0.0,0.0
2022-02-24 00:00:00+07:00,147.8885206535681,150.76413077738746,137.6184844970703,137.6184844970703,46487000,0.0,0.0
2022-02-25 00:00:00+07:00,133.92125366210936,153.63972045898436,133.92125366210936,143.78048706054688,102601000,0.0,0.0
2022-03-01 00:00:00+07:00,145.01289123535156,147.88850097656248,139.2616717529297,143.78048706054688,20686000,0.0,0.0
2022-03-02 00:00:00+07:00,144.6021045503162,144.6021045503162,136.7968773160662,138.02928161621094,23047000,0.0,0.0
2022-03-04 00:00:00+07:00,138.0292758283944,143.7804956545775,138.0292758283944,142.95889282226562,18201000,0.0,0.0
2022-03-07 00:00:00+07:00,145.42371909638754,149.9425352265013,140.08330003352586,144.19131469726562,30190000,0.0,0.0
2022-03-08 00:00:00+07:00,144.19130105411304,145.01290390912223,138.44008106904872,139.6724853515625,17981000,0.0,0.0
2022-03-09 00:00:00+07:00,140.08328016126478,151.99652099609375,130.22404636692357,151.99652099609375,51645000,0.0,0.0
2022-03-10 00:00:00+07:00,153.63973257395142,156.10454111791856,142.95889555009384,147.06690979003906,41183000,0.0,0.0
2022-03-11 00:00:00+07:00,147.06691595368784,170.89339954395012,147.06691595368784,166.78538513183594,130956000,0.0,0.0
2022-03-14 00:00:00+07:00,168.4285841837968,175.82300983089033,162.26656281121888,165.96377563476562,66558000,0.0,0.0
2022-03-15 00:00:00+07:00,165.96379040657206,168.4285991749865,154.4613494873047,154.4613494873047,46937000,0.0,0.0
2022-03-16 00:00:00+07:00,150.35330932617188,151.99651489257812,143.78048706054688,143.78048706054688,51497000,0.0,0.0
2022-03-17 00:00:00+07:00,140.0832855821322,151.17492402998428,139.67248415813765,147.06690979003906,40412000,0.0,0.0
2022-03-18 00:00:00+07:00,147.47770643234253,150.35331630706787,144.6020965576172,144.6020965576172,27891000,0.0,0.0
2022-03-21 00:00:00+07:00,144.19131469726562,146.6561234955095,139.67249856715188,144.19131469726562,18028000,0.0,0.0
2022-03-22 00:00:00+07:00,144.19129030966346,144.19129030966346,140.49407773762078,142.1372833251953,9902000,0.0,0.0
2022-03-23 00:00:00+07:00,142.13730736539574,150.76413815924923,142.13730736539574,144.19131469726562,45033000,0.0,0.0
2022-03-24 00:00:00+07:00,144.6021161636396,145.83452056276153,142.13730736539574,144.19131469726562,11319000,0.0,0.0
2022-03-25 00:00:00+07:00,145.01291309301405,145.01291309301405,141.31570001132246,141.72650146484375,9403000,0.0,0.0
2022-03-28 00:00:00+07:00,142.13730727794558,143.3697116763093,140.49410141346067,141.31570434570312,11328000,0.0,0.0
2022-03-29 00:00:00+07:00,141.72649847012812,141.72649847012812,131.45646234910436,131.8672637939453,40248000,0.0,0.0
2022-03-30 00:00:00+07:00,130.63486798395877,131.4564709272541,123.65124296594838,125.29444885253906,45021000,0.0,0.0
2022-03-31 00:00:00+07:00,125.29444996003181,132.68887651505008,124.47284700947424,127.34845733642578,24797000,0.0,0.0
2022-04-01 00:00:00+07:00,127.34843548433281,133.51045655615536,127.34843548433281,133.0996551513672,27515000,0.0,0.0
2022-04-04 00:00:00+07:00,133.51047166890527,137.20768473050572,124.88364119183754,130.22406005859375,47271000,0.0,0.0
2022-04-05 00:00:00+07:00,130.22406042738623,136.38608221417107,128.58085461757696,135.97528076171875,26113000,0.0,0.0
2022-04-06 00:00:00+07:00,135.9752872192,137.6184931070453,131.04566955566406,131.04566955566406,20146000,0.0,0.0
2022-04-07 00:00:00+07:00,131.04567061393493,131.45647208921372,126.1160529105894,127.34845733642578,18754000,0.0,0.0
2022-04-08 00:00:00+07:00,127.7592535495758,132.688871049881,127.34845209121704,131.4564666748047,15213000,0.0,0.0
2022-04-11 00:00:00+07:00,131.45646135800285,147.47771758600945,131.45646135800285,145.01290893554688,89709000,0.0,0.0
2022-04-12 00:00:00+07:00,145.83449338684972,150.76411006471506,140.90487670898438,140.90487670898438,110120000,0.0,0.0
2022-04-13 00:00:00+07:00,142.54808950424194,146.65610361099243,138.44007539749146,144.6020965576172,42413000,0.0,0.0
2022-04-14 00:00:00+07:00,145.4237279154168,147.88853686313576,142.1373159851249,143.36972045898438,32238000,0.0,0.0
2022-04-18 00:00:00+07:00,143.3696875158762,145.83449589723796,142.1372833251953,142.1372833251953,25929000,0.0,0.0
2022-04-19 00:00:00+07:00,142.1372952668563,144.6021038552989,132.27806091308594,132.27806091308594,60406000,0.0,0.0
2022-04-20 00:00:00+07:00,131.45647545719453,132.27807842880202,126.93765911335348,127.75926208496094,24548000,0.0,0.0
2022-04-21 00:00:00+07:00,127.759240424496,142.95889282226562,127.759240424496,142.95889282226562,43873000,0.0,0.0
2022-04-22 00:00:00+07:00,144.19130184173585,164.32057189941406,139.67248611450196,164.32057189941406,251256000,0.0,0.0
2022-04-25 00:00:00+07:00,165.96378356453002,179.9310326763964,154.87214456393025,156.51535034179688,228968000,0.0,0.0
2022-04-26 00:00:00+07:00,158.15856081580148,164.32058266576777,145.8345171158689,161.85577392578125,117053000,0.0,0.0
2022-04-27 00:00:00+07:00,161.85577376806765,168.42859706829375,156.10455338036982,158.98016357421875,48079000,0.0,0.0
2022-04-28 00:00:00+07:00,158.56934645803352,162.266559199283,155.2829351324784,156.1045379638672,44508000,0.0,0.0
2022-05-09 00:00:00+07:00,155.69373095765405,165.963765981246,147.88850433972416,161.03414916992188,101892000,0.0,0.0
2022-05-10 00:00:00+07:00,161.855775792548,161.855775792548,150.35333487328063,154.4613494873047,74703000,0.0,0.0
2022-05-11 00:00:00+07:00,154.05053941030351,164.3205753709904,154.05053941030351,155.28294372558594,49712000,0.0,0.0
2022-05-12 00:00:00+07:00,156.92617159682368,157.74777458947722,144.60212670702077,153.2289581298828,59033000,0.0,0.0
2022-05-13 00:00:00+07:00,152.81814429178192,178.2878350070789,148.7101296602824,171.7150115966797,266755000,0.0,0.0
2022-05-17 00:00:00+07:00,176.6446275499132,189.7902742513021,172.53661295572917,184.86065673828125,183634000,0.0,0.0
2022-05-18 00:00:00+07:00,192.25507707355405,201.29270890179802,184.8606510322635,195.54148864746094,114909000,0.0,0.0
2022-05-19 00:00:00+07:00,198.8279069078517,199.64950982895854,184.86065724903568,196.36309814453125,73637000,0.0,0.0
2022-05-20 00:00:00+07:00,196.3631113166483,201.29272917397,192.25509643554688,192.25509643554688,40428000,0.0,0.0
2022-05-23 00:00:00+07:00,188.96865178403897,196.36307728863179,185.68224044866437,188.1470489501953,28166000,0.0,0.0
2022-05-24 00:00:00+07:00,188.14706448844936,224.29759216308594,185.68225578336052,224.29759216308594,254831000,0.0,0.0
2022-05-25 00:00:00+07:00,224.297607421875,248.94569614955356,221.83279854910714,235.800048828125,204961000,0.0,0.0
2022-05-27 00:00:00+07:00,234.9784600394113,257.1617412319431,230.87044500375725,253.05372619628906,129642000,0.0,0.0
2022-05-30 00:00:00+07:00,256.34009113501867,269.4857368342504,238.26482829857505,247.30245971679688,123604000,0.0,0.0
2022-05-31 00:00:00+07:00,247.3024365886952,263.7344921759839,247.3024365886952,261.2696838378906,81527000,0.0,0.0
2022-06-02 00:00:00+07:00,262.09131323772925,276.0585619055706,252.2320788839589,264.5561218261719,105676000,0.0,0.0
2022-06-03 00:00:00+07:00,267.020949564482,272.7721700166401,246.48087652106034,249.7672882080078,71757000,0.0,0.0
2022-06-06 00:00:00+07:00,248.9456746353,255.5184977279812,234.9784255633525,252.23208618164062,47050000,0.0,0.0
2022-06-07 00:00:00+07:00,252.23211711584096,256.34013205258105,240.72967529296875,240.72967529296875,28070000,0.0,0.0
2022-06-08 00:00:00+07:00,233.33522874030515,238.26484624890315,224.29759664120883,226.7624053955078,65680000,0.0,0.0
2022-06-09 00:00:00+07:00,224.2976030137804,230.0488236038773,214.43836771647136,221.83279418945312,53206000,0.0,0.0
2022-06-10 00:00:00+07:00,221.01119113240406,225.94080877848,215.2599705453155,216.08157348632812,29583000,0.0,0.0
2022-06-13 00:00:00+07:00,214.43835401159572,214.43835401159572,205.40072223332922,208.6871337890625,23343000,0.0,0.0
2022-06-14 00:00:00+07:00,204.57911222663512,221.01116943359375,203.75750936628717,221.01116943359375,33234000,0.0,0.0
2022-06-15 00:00:00+07:00,221.8327751007688,231.69200954969187,206.22232055664062,206.22232055664062,78070000,0.0,0.0
2022-06-16 00:00:00+07:00,205.40072336918166,206.22232626265838,192.25507707355405,195.54148864746094,48789000,0.0,0.0
2022-06-17 00:00:00+07:00,192.25506807215072,209.50872802734375,192.25506807215072,209.50872802734375,45402000,0.0,0.0
2022-06-20 00:00:00+07:00,214.21385074537628,215.05721236248405,203.25014972297512,206.62359619140625,19064000,6.579,0.0
2022-06-21 00:00:00+07:00,206.62358924990795,211.68375878255875,203.2501428948074,205.7802276611328,14843000,0.0,0.0
2022-06-22 00:00:00+07:00,207.46694810928838,209.99703284232848,200.7200554878481,209.15367126464844,19063000,0.0,0.0
2022-06-23 00:00:00+07:00,210.8404072488492,210.8404072488492,199.87670607190904,203.25015258789062,16351000,0.0,0.0
2022-06-24 00:00:00+07:00,203.25016321344415,208.31033325195312,200.72007819418965,208.31033325195312,7884000,0.0,0.0
2022-06-27 00:00:00+07:00,210.8404051582768,224.33419108840653,208.31032029637748,223.49082946777344,48962000,0.0,0.0
2022-06-28 00:00:00+07:00,223.49084839997468,228.55101855242694,217.58731655544705,227.70765686035156,36106000,0.0,0.0
2022-06-29 00:00:00+07:00,226.86425599318287,231.08106372539814,219.2740020751953,219.2740020751953,26468000,0.0,0.0
2022-06-30 00:00:00+07:00,218.43065697198463,227.7076346812195,206.62359443295844,226.86427307128906,40871000,0.0,0.0
2022-07-01 00:00:00+07:00,226.02092347880125,226.8642851335729,213.37049865722656,213.37049865722656,19853000,0.0,0.0
2022-07-04 00:00:00+07:00,211.68376887784459,217.58730028081237,199.03334444291363,203.25015258789062,21869000,0.0,0.0
2022-07-05 00:00:00+07:00,203.25014166331013,216.74392700195312,203.25014166331013,216.74392700195312,14422000,0.0,0.0
2022-07-06 00:00:00+07:00,216.74392700195312,220.96073492027904,210.8403959162968,216.74392700195312,11840000,0.0,0.0
2022-07-07 00:00:00+07:00,217.58730096926635,224.33419402257692,213.37049281094724,220.1173858642578,21276000,0.0,0.0
2022-07-08 00:00:00+07:00,224.3341925443352,226.02091579654825,218.43066116158954,221.80410766601562,24774000,0.0,0.0
2022-07-11 00:00:00+07:00,221.80411454403037,224.3341995008064,219.27402958725438,222.64747619628906,13730000,0.0,0.0
2022-07-12 00:00:00+07:00,225.1775194533328,237.82794189453125,222.64743496509308,237.82794189453125,58210000,0.0,0.0
2022-07-13 00:00:00+07:00,237.8279553088513,243.73148611439015,229.39433987236723,230.23770141601562,55756000,0.0,0.0
2022-07-14 00:00:00+07:00,230.23772392708088,233.61117043150696,214.2138530310569,221.80410766601562,89604000,0.0,0.0
2022-07-15 00:00:00+07:00,223.49082680635675,226.86427324871684,215.90057231104652,217.58729553222656,20113000,0.0,0.0
2022-07-18 00:00:00+07:00,217.58729812334167,223.49082946777344,215.05721326144234,223.49082946777344,24859000,0.0,0.0
2022-07-19 00:00:00+07:00,223.49081289455685,234.4545131497615,223.49081289455685,225.1775360107422,36141000,0.0,0.0
2022-07-20 00:00:00+07:00,226.8642814408487,229.39436636398088,224.33419651771658,226.0209197998047,13809000,0.0,0.0
2022-07-21 00:00:00+07:00,226.02091432967273,227.70763757093897,220.117382985241,223.49082946777344,13678000,0.0,0.0
2022-07-22 00:00:00+07:00,223.490818085209,224.33417966288906,208.31030968696842,209.15367126464844,41876000,0.0,0.0
2022-07-25 00:00:00+07:00,208.3103167109129,209.15367831702994,194.81653101304,200.72006225585938,46601000,0.0,0.0
2022-07-26 00:00:00+07:00,200.7200554878481,209.15367126464844,200.7200554878481,209.15367126464844,19736000,0.0,0.0
2022-07-27 00:00:00+07:00,209.99703149414063,213.37047778320314,208.3103083496094,210.84039306640625,16084000,0.0,0.0
2022-07-28 00:00:00+07:00,215.05722663663175,215.05722663663175,208.31033325195312,208.31033325195312,12618000,0.0,0.0
2022-07-29 00:00:00+07:00,208.31030968696842,212.52711757536858,205.7802249539283,209.15367126464844,8653000,0.0,0.0
2022-08-01 00:00:00+07:00,209.99705203813997,216.74394527631316,204.09352045473844,213.37049865722656,21370000,0.0,0.0
2022-08-02 00:00:00+07:00,215.05721500941684,215.90057663690476,208.31032198951357,212.52713012695312,12965000,0.0,0.0
2022-08-03 00:00:00+07:00,212.52712319666645,213.37048479665322,209.15367679671937,211.6837615966797,6103000,0.0,0.0
2022-08-04 00:00:00+07:00,211.68375599768854,212.52711757536858,209.15367126464844,209.15367126464844,7071000,0.0,0.0
2022-08-05 00:00:00+07:00,208.31031918525696,215.90057373046875,206.62359595298767,215.90057373046875,17632000,0.0,0.0
2022-08-08 00:00:00+07:00,215.90056678921567,229.39435221354165,214.21384361117492,215.0572052001953,74251000,0.0,0.0
2022-08-09 00:00:00+07:00,215.05721500941684,219.2740231468564,209.99704524448939,212.52713012695312,11845000,0.0,0.0
2022-08-10 00:00:00+07:00,212.5271286851778,217.58729841577724,211.6837670634112,214.21385192871094,3993000,0.0,0.0
2022-08-11 00:00:00+07:00,214.21385338192894,215.90057663690476,211.6837684994652,212.52713012695312,4959000,0.0,0.0
2022-08-12 00:00:00+07:00,212.52712319666645,217.5872927965871,210.8403999966929,211.6837615966797,5030000,0.0,0.0
2022-08-15 00:00:00+07:00,219.27401759043462,219.27401759043462,199.87670064974233,200.72006225585938,23182000,0.0,0.0
2022-08-16 00:00:00+07:00,200.72005395609963,204.0935002410761,195.65988452863493,201.56341552734375,12410000,0.0,0.0
2022-08-18 00:00:00+07:00,201.56341971725715,206.62358924990795,201.56341971725715,205.7802276611328,8117000,0.0,0.0
2022-08-19 00:00:00+07:00,205.78022904829547,207.4669522372159,200.7200594815341,204.093505859375,4680000,0.0,0.0
2022-08-22 00:00:00+07:00,205.78023189256172,209.15367831702994,199.03333904362526,200.72006225585938,9075000,0.0,0.0
2022-08-23 00:00:00+07:00,200.7200662746351,205.7802360126511,200.7200662746351,204.93687438964844,3963000,0.0,0.0
2022-08-24 00:00:00+07:00,204.93687028644467,206.6235934986788,200.72006225585938,200.72006225585938,5420000,0.0,0.0
2022-08-25 00:00:00+07:00,202.4067854680935,204.0935086803276,200.72006225585938,200.72006225585938,2227000,0.0,0.0
2022-08-26 00:00:00+07:00,201.56341552734375,208.31030809729668,201.56341552734375,201.56341552734375,7205000,0.0,0.0
2022-08-29 00:00:00+07:00,201.56342674320578,202.4067883613782,195.65989541599893,197.34661865234375,14872000,0.0,0.0
2022-08-30 00:00:00+07:00,197.34662406052215,202.40679390822785,195.6599007779536,199.876708984375,8332000,0.0,0.0
2022-08-31 00:00:00+07:00,200.7200662746351,208.31032088165912,199.87670465163242,204.93687438964844,17253000,0.0,0.0
2022-09-01 00:00:00+07:00,206.62359205881754,206.62359205881754,200.72006085713704,202.4067840576172,11062000,0.0,0.0
2022-09-02 00:00:00+07:00,202.4067854680935,204.0935086803276,199.87670064974233,200.72006225585938,4813000,0.0,0.0
2022-09-05 00:00:00+07:00,200.72006225585938,204.0935086803276,198.18997743750822,200.72006225585938,8151000,0.0,0.0
2022-09-06 00:00:00+07:00,200.72007062565928,202.40679390822785,196.50326241923787,199.876708984375,8947000,0.0,0.0
2022-09-07 00:00:00+07:00,199.8767104777884,201.5634337729596,197.3466255350316,198.1899871826172,6092000,0.0,0.0
2022-09-08 00:00:00+07:00,198.1899746981534,199.03333629261365,184.69618918678978,194.8165283203125,35771000,0.0,0.0
2022-09-09 00:00:00+07:00,194.81652545928955,195.6598870413644,187.22627122061593,188.91299438476562,11116000,0.0,0.0
2022-09-12 00:00:00+07:00,188.91298689932194,189.75634844797963,178.7926483154297,178.7926483154297,26364000,0.0,0.0
2022-09-13 00:00:00+07:00,178.79265670089035,193.97316528870178,178.79265670089035,187.2262725830078,17180000,0.0,0.0
2022-09-14 00:00:00+07:00,189.75635875355115,189.75635875355115,184.69618918678978,185.53955078125,6200000,0.0,0.0
2022-09-15 00:00:00+07:00,186.38290672478038,186.38290672478038,178.79265260476672,183.00946044921875,6726000,0.0,0.0
2022-09-16 00:00:00+07:00,183.00945605871811,183.00945605871811,172.88911747482587,178.7926483154297,12102000,0.0,0.0
2022-09-19 00:00:00+07:00,178.79266237155556,179.63602398651574,169.51568460699374,171.20240783691406,12244000,0.0,0.0
2022-09-20 00:00:00+07:00,170.35903476486007,177.10592723079512,161.08205762419936,161.5037384033203,17676000,0.0,0.0
2022-09-21 00:00:00+07:00,161.92544135551947,168.6723347453328,151.38342043393618,162.3471221923828,24769000,0.0,0.0
2022-09-22 00:00:00+07:00,162.34710829598563,172.0457667136679,155.60021548368493,165.2988739013672,16983000,0.0,0.0
2022-09-23 00:00:00+07:00,166.56392940137752,166.56392940137752,158.97367439068182,159.39535522460938,10659000,0.0,0.0
2022-09-26 00:00:00+07:00,161.92542317708333,161.92542317708333,150.54004185994467,151.80508422851562,8252000,0.0,0.0
2022-09-27 00:00:00+07:00,151.8050870028409,154.3351717862216,150.9617254083807,153.07012939453125,3155000,0.0,0.0
2022-09-28 00:00:00+07:00,153.49180274445752,153.49180274445752,142.9497833251953,142.9497833251953,9425000,0.0,0.0
2022-09-29 00:00:00+07:00,142.9497944102568,149.69668736177334,142.528113600787,143.37147521972656,5292000,0.0,0.0
2022-09-30 00:00:00+07:00,143.3714799850897,143.3714799850897,133.67282104492188,133.67282104492188,29821000,0.0,0.0
2022-10-03 00:00:00+07:00,133.67283110296611,136.20291623425254,129.03434169560765,131.1427459716797,13210000,0.0,0.0
2022-10-04 00:00:00+07:00,132.82945246784234,140.8413876960614,132.82945246784234,137.4679412841797,10138000,0.0,0.0
2022-10-05 00:00:00+07:00,138.31129537602908,156.86524963378906,137.88961459744363,156.86524963378906,19563000,0.0,0.0
2022-10-06 00:00:00+07:00,157.70863074947883,164.45552404357417,156.44358825683594,156.44358825683594,18674000,0.0,0.0
2022-10-07 00:00:00+07:00,156.865286141207,156.865286141207,146.74494509983882,147.1666259765625,8380000,0.0,0.0
2022-10-10 00:00:00+07:00,148.4316433758803,152.2267706212863,140.84138888506823,149.69668579101562,9000000,0.0,0.0
2022-10-11 00:00:00+07:00,149.69668570763426,161.92542904713113,149.69668570763426,154.33517456054688,13651000,0.0,0.0
2022-10-12 00:00:00+07:00,156.86526385808395,156.86526385808395,148.85332833845064,149.27500915527344,3882000,0.0,0.0
2022-10-13 00:00:00+07:00,149.27500084009063,154.3351703600937,148.43163925342347,150.1183624267578,2402000,0.0,0.0
2022-10-14 00:00:00+07:00,150.11838388830665,158.1303201070646,148.00997962021248,155.60023498535156,15997000,0.0,0.0
2022-10-17 00:00:00+07:00,156.02188022657373,156.44356098394286,145.9015420497149,146.74490356445312,13484000,0.0,0.0
2022-10-18 00:00:00+07:00,146.74494509983882,148.85334948345718,145.4799024696678,147.1666259765625,5536000,0.0,0.0
2022-10-19 00:00:00+07:00,147.16660381394092,147.16660381394092,142.10643405529538,146.3232421875,2975000,0.0,0.0
2022-10-20 00:00:00+07:00,146.3232181255634,147.5882603571965,138.31128399188702,142.52809143066406,8475000,0.0,0.0
2022-10-21 00:00:00+07:00,142.52810818622808,158.55197833734246,136.62457707792277,154.75685119628906,33950000,0.0,0.0
2022-10-24 00:00:00+07:00,154.75684531075615,168.2506301879883,145.90154898507254,147.58827209472656,47944000,0.0,0.0
2022-10-25 00:00:00+07:00,147.58827323344215,149.69667713677705,140.84138074277053,141.2630615234375,17823000,0.0,0.0
2022-10-26 00:00:00+07:00,141.2630726042248,144.2148383004325,134.51617958432152,141.68475341796875,20814000,0.0,0.0
2022-10-27 00:00:00+07:00,141.26306021811337,144.2148256555068,139.15465633426092,142.9497833251953,24243000,0.0,0.0
2022-10-28 00:00:00+07:00,143.3714888816656,146.3232548292293,140.4197229341019,145.05821228027344,5349000,0.0,0.0
2022-10-31 00:00:00+07:00,145.05821019759748,154.33518875674616,145.05821019759748,151.3834228515625,17713000,0.0,0.0
2022-11-01 00:00:00+07:00,151.8050911413372,154.33517599369281,146.74492143662596,152.64845275878906,23939000,0.0,0.0
2022-11-02 00:00:00+07:00,152.64845527486597,158.55198669433594,149.27500874945457,158.55198669433594,8194000,0.0,0.0
2022-11-03 00:00:00+07:00,158.55198669433594,161.08207158839448,153.0701360905424,158.55198669433594,11552000,0.0,0.0
2022-11-04 00:00:00+07:00,158.5519810890665,166.14223550290478,154.75685388214734,165.2988739013672,13482000,0.0,0.0
2022-11-07 00:00:00+07:00,166.1422409747713,172.04577237996622,164.4555177161442,167.82896423339844,13170000,0.0,0.0
2022-11-08 00:00:00+07:00,169.51566790817375,171.20239097193667,166.1422217806479,168.25062561035156,5984000,0.0,0.0
2022-11-09 00:00:00+07:00,168.25064229844492,169.5156847217415,164.8771958363207,166.5639190673828,5206000,0.0,0.0
2022-11-10 00:00:00+07:00,166.56390928610776,166.56390928610776,158.55197440905448,164.45550537109375,3767000,0.0,0.0
2022-11-11 00:00:00+07:00,164.45551645420397,166.1422396998881,157.7086234714674,164.877197265625,9688000,0.0,0.0
2022-11-14 00:00:00+07:00,164.87719595432281,165.72055757045746,159.39534544944763,161.92543029785156,5171000,0.0,0.0
2022-11-15 00:00:00+07:00,161.92543247767856,177.10594177246094,160.23870922270274,177.10594177246094,36644000,0.0,0.0
2022-11-16 00:00:00+07:00,177.1059432396522,182.1661130464994,166.56392280872052,175.41921997070312,34379000,0.0,0.0
2022-11-17 00:00:00+07:00,176.26256314557583,183.85281706093554,169.5156707763672,169.5156707763672,22283000,0.0,0.0
2022-11-18 00:00:00+07:00,168.67234183220285,169.51570354136385,161.92544815891472,163.19049072265625,10090000,0.0,0.0
2022-11-21 00:00:00+07:00,163.19047129522895,172.0457681872181,161.5037480777072,163.61215209960938,7901000,0.0,0.0
2022-11-22 00:00:00+07:00,164.87720606566737,165.29888689959492,159.39535522460938,159.39535522460938,25125000,0.0,0.0
2022-11-23 00:00:00+07:00,159.39535522460938,160.23871689246445,156.44358938711662,159.39535522460938,4266000,0.0,0.0
2022-11-24 00:00:00+07:00,159.3953468724301,161.0820701197574,158.1303044369346,160.23870849609375,3028000,0.0,0.0
2022-11-25 00:00:00+07:00,160.66038513183594,162.76878913619075,160.238704330965,160.66038513183594,14949000,0.0,0.0
2022-11-28 00:00:00+07:00,161.9254402281746,161.9254402281746,158.5519935567543,159.39535522460938,4720000,0.0,0.0
2022-11-29 00:00:00+07:00,160.23869738415237,163.1904628622815,158.55197425379288,159.8170166015625,18956000,0.0,0.0
2022-11-30 00:00:00+07:00,157.70861952573924,160.66038513183594,152.22676911441673,160.66038513183594,19999000,0.0,0.0
2022-12-01 00:00:00+07:00,160.6603878736496,161.92543029785156,158.9736646413803,161.92543029785156,3973000,0.0,0.0
2022-12-02 00:00:00+07:00,162.76880302924613,164.45552637669945,154.3351862919795,162.3471221923828,21494000,0.0,0.0
2022-12-05 00:00:00+07:00,162.7687749483225,162.7687749483225,158.97364807128906,158.97364807128906,1979000,0.0,0.0
2022-12-06 00:00:00+07:00,158.97366606059828,160.23870849609375,155.17853875411183,160.23870849609375,4052000,0.0,0.0
2022-12-07 00:00:00+07:00,160.238704330965,161.50374673357786,156.02189632225537,160.66038513183594,14272000,0.0,0.0
2022-12-08 00:00:00+07:00,160.66038513183594,161.92542753444883,156.8652579239973,160.66038513183594,3487000,0.0,0.0
2022-12-09 00:00:00+07:00,161.08206176757812,161.5037425575456,158.55197702777323,161.08206176757812,2484000,0.0,0.0
2022-12-12 00:00:00+07:00,160.6603917930332,166.14224243164062,158.97366851961553,166.14224243164062,5464000,0.0,0.0
2022-12-13 00:00:00+07:00,166.1422217806479,168.25062561035156,164.455498716885,168.25062561035156,5210000,0.0,0.0
2022-12-14 00:00:00+07:00,168.25065193176272,170.35905609130862,167.40729026794435,168.67233276367188,10701000,0.0,0.0
2022-12-15 00:00:00+07:00,168.67233276367188,171.20241775512696,167.82897109985353,168.67233276367188,5132000,0.0,0.0
2022-12-16 00:00:00+07:00,168.672325862712,169.51568749202556,167.40728341874166,167.82896423339844,2174000,0.0,0.0
2022-12-19 00:00:00+07:00,168.2506465234127,168.67232734176713,165.7205616132862,166.14224243164062,1728000,0.0,0.0
2022-12-20 00:00:00+07:00,166.14223410866478,170.3590420809659,164.4555109197443,166.985595703125,17773000,0.0,0.0
2022-12-21 00:00:00+07:00,167.4072640784701,168.67230637629228,165.29886024876646,168.25062561035156,8610000,0.0,0.0
2022-12-22 00:00:00+07:00,171.04627677721857,171.04627677721857,162.38570580115686,168.88113403320312,7999000,5.228,0.0
2022-12-23 00:00:00+07:00,168.8811475177144,169.31417610109312,165.8499474340631,167.58206176757812,8712000,0.0,0.0
2022-12-26 00:00:00+07:00,167.58204331323114,168.01507184892424,165.41690063476562,165.41690063476562,781000,0.0,0.0
2022-12-27 00:00:00+07:00,165.41690686284278,171.91233514279736,163.25176410285795,169.7471923828125,3124000,0.0,0.0
2022-12-28 00:00:00+07:00,169.7471885878805,170.18021713019652,163.6847889954562,167.14901733398438,3293000,0.0,0.0
2022-12-29 00:00:00+07:00,167.14901921681695,168.44810485839844,163.68479083926636,168.44810485839844,3625000,0.0,0.0
2022-12-30 00:00:00+07:00,168.44810485839844,168.44810485839844,165.8499335752355,168.44810485839844,2031000,0.0,0.0
2023-01-02 00:00:00+07:00,168.0150724963793,168.0150724963793,164.11781566012309,165.8499298095703,6330000,0.0,0.0
2023-01-03 00:00:00+07:00,165.8499298095703,167.14901542165572,164.5508441974849,165.8499298095703,6799000,0.0,0.0
2023-01-04 00:00:00+07:00,165.8499298095703,166.2829583469321,163.6847871227613,165.8499298095703,7521000,0.0,0.0
2023-01-05 00:00:00+07:00,165.84992495276276,176.67563806978384,165.84992495276276,172.77838134765625,25317000,0.0,0.0
2023-01-06 00:00:00+07:00,172.77840081576642,181.8720008587015,172.77840081576642,175.80960083007812,13190000,0.0,0.0
2023-01-09 00:00:00+07:00,176.67564026738557,184.47015380859375,176.67564026738557,184.47015380859375,14987000,0.0,0.0
2023-01-10 00:00:00+07:00,184.47016494338578,200.92525007918076,184.47016494338578,192.26467895507812,28733000,0.0,0.0
2023-01-11 00:00:00+07:00,192.26467499175627,203.52341722100326,190.53256080264137,200.05918884277344,21161000,0.0,0.0
2023-01-12 00:00:00+07:00,200.92523549169704,201.7912925412302,191.39860794683207,193.13072204589844,8801000,0.0,0.0
2023-01-13 00:00:00+07:00,193.1307344886878,206.12159106864436,192.26467738335737,201.7913055419922,9382000,0.0,0.0
2023-01-16 00:00:00+07:00,203.52342468776783,206.98765319309152,201.79131043510597,205.2555389404297,11855000,0.0,0.0
2023-01-17 00:00:00+07:00,206.12159606676062,207.85371031942245,205.2555389404297,205.2555389404297,5574000,0.0,0.0
2023-01-18 00:00:00+07:00,206.1215833081361,208.71975452630588,201.7912979445198,206.98764038085938,6917000,0.0,0.0
2023-01-19 00:00:00+07:00,206.9876507048911,209.58582205265125,201.79130800937085,203.52342224121094,6337000,0.0,0.0
2023-01-20 00:00:00+07:00,203.52343380723372,206.1216053026452,189.66651916503906,189.66651916503906,14333000,0.0,0.0
2023-01-24 00:00:00+07:00,181.87199820459415,198.32708375643838,181.87199820459415,195.72891235351562,8415000,0.0,0.0
2023-01-25 00:00:00+07:00,198.3270758924813,201.79130429235,195.7289045925798,200.9252471923828,4585000,0.0,0.0
2023-01-26 00:00:00+07:00,202.65737803389388,214.7821784290841,200.92526369172384,213.05006408691406,20881000,0.0,0.0
2023-01-27 00:00:00+07:00,213.05004632668417,214.78216052446209,206.98764663446144,211.31793212890625,6768000,0.0,0.0
2023-01-30 00:00:00+07:00,211.31792456054686,216.51426696777344,205.25552508544922,216.51426696777344,15625000,0.0,0.0
2023-01-31 00:00:00+07:00,217.3803417871869,220.84457034156438,211.31794181702628,218.24639892578125,8682000,0.0,0.0
2023-02-01 00:00:00+07:00,218.24637980633472,220.84455099450537,213.91609449271695,215.64820861816406,4625000,0.0,0.0
2023-02-02 00:00:00+07:00,215.64820732608916,218.24637849869265,207.85369380827873,214.7821502685547,6974000,0.0,0.0
2023-02-03 00:00:00+07:00,208.719778231489,216.51429277125413,206.12160671823395,213.05006408691406,4719000,0.0,0.0
2023-02-06 00:00:00+07:00,213.0500361534857,215.64820732608916,212.1839790959512,214.7821502685547,2934000,0.0,0.0
2023-02-07 00:00:00+07:00,214.78216179049744,216.51427599848532,210.45187627052775,212.18399047851562,7269000,0.0,0.0
2023-02-08 00:00:00+07:00,212.1840001283427,222.5766858489146,212.1840001283427,219.11245727539062,18798000,0.0,0.0
2023-02-09 00:00:00+07:00,219.1124382892638,229.50512310930793,216.51426708425277,226.90695190429688,23884000,0.0,0.0
2023-02-10 00:00:00+07:00,229.50514941148356,248.55840709847465,229.50514941148356,245.96023559570312,57952000,0.0,0.0
2023-02-13 00:00:00+07:00,245.96023559570312,246.82629276329365,239.03177825497912,245.96023559570312,15839000,0.0,0.0
2023-02-14 00:00:00+07:00,242.49599609375,261.5492529296875,241.62993896484375,259.817138671875,44529000,0.0,0.0
2023-02-15 00:00:00+07:00,261.54925610772494,261.54925610772494,241.6299419008452,251.1565704345703,28078000,0.0,0.0
2023-02-16 00:00:00+07:00,251.15655919411003,253.75473049611807,243.36204528808594,243.36204528808594,9807000,0.0,0.0
2023-02-17 00:00:00+07:00,251.15656175377512,251.15656175377512,239.89781933033004,245.0941619873047,13961000,0.0,0.0
2023-02-20 00:00:00+07:00,245.09416445012678,251.1565642775151,245.09416445012678,246.82627868652344,14414000,0.0,0.0
2023-02-21 00:00:00+07:00,246.8262782241359,257.2189636230469,246.8262782241359,257.2189636230469,13374000,0.0,0.0
2023-02-22 00:00:00+07:00,257.21896607261834,259.81713744708924,256.35290894779473,258.9510803222656,12410000,0.0,0.0
2023-02-23 00:00:00+07:00,258.95109670230755,271.9419543964033,258.95109670230755,271.0758972167969,38713000,0.0,0.0
2023-02-24 00:00:00+07:00,271.07587898183533,279.7364501953125,270.20982186048764,279.7364501953125,23399000,0.0,0.0
2023-02-27 00:00:00+07:00,279.73642951890776,280.60248657624186,260.683174257558,265.8795166015625,37922000,0.0,0.0
2023-02-28 00:00:00+07:00,265.87952062184223,289.2630615234375,262.41529234012444,289.2630615234375,142605000,0.0,0.0
2023-03-01 00:00:00+07:00,290.129136921447,293.59336542200157,280.6025085449219,280.6025085449219,8101000,0.0,0.0
2023-03-02 00:00:00+07:00,280.60249850116196,282.33461268944075,262.4152995242348,273.6740417480469,10355000,0.0,0.0
2023-03-03 00:00:00+07:00,274.5401259352224,274.5401259352224,264.14743977994584,271.0758972167969,5869000,0.0,0.0
2023-03-06 00:00:00+07:00,271.0759048201525,274.5401336357455,252.88870353828923,253.7547607421875,12801000,0.0,0.0
2023-03-07 00:00:00+07:00,252.88866812916007,253.75472521179418,237.2996406417461,239.89781188964844,13450000,0.0,0.0
2023-03-08 00:00:00+07:00,240.76390268371372,258.08504676167877,232.10333064473122,253.7547607421875,13660000,0.0,0.0
2023-03-09 00:00:00+07:00,256.35288646260244,266.7455710489242,254.62077236488219,264.14739990234375,9008000,0.0,0.0
2023-03-10 00:00:00+07:00,264.14742181765155,268.4777074212196,254.62079348980183,258.08502197265625,6041000,0.0,0.0
2023-03-13 00:00:00+07:00,258.0850275500067,258.0850275500067,242.49599904027477,251.1565704345703,5085000,0.0,0.0
2023-03-14 00:00:00+07:00,247.6923269367904,247.6923269367904,240.7638702392578,240.7638702392578,5294000,0.0,0.0
2023-03-15 00:00:00+07:00,240.76390268371372,253.7547607421875,237.29967386812072,253.7547607421875,6192000,0.0,0.0
2023-03-16 00:00:00+07:00,253.75473049611807,259.8171302008035,243.36204528808594,243.36204528808594,4659000,0.0,0.0
2023-03-17 00:00:00+07:00,243.36204622229752,254.62078857421875,242.49598911830356,254.62078857421875,3904000,0.0,0.0
2023-03-20 00:00:00+07:00,254.62080142922596,257.21897287238136,247.69234424747833,252.88868713378906,2529000,0.0,0.0
2023-03-21 00:00:00+07:00,251.1565704345703,252.02262757399984,248.55839901628164,251.1565704345703,1322000,0.0,0.0
2023-03-24 00:00:00+07:00,251.15654905251316,267.61163330078125,251.15654905251316,267.61163330078125,8718000,0.0,0.0
2023-03-27 00:00:00+07:00,275.40614423223735,275.40614423223735,261.5492313148921,265.8795166015625,4162000,0.0,0.0
2023-03-28 00:00:00+07:00,265.8795483081372,269.34377695058845,261.54926250507305,266.74560546875,3427000,0.0,0.0
2023-03-29 00:00:00+07:00,266.74559942566526,267.61165656665764,261.54925657971074,262.4153137207031,2471000,0.0,0.0
2023-03-30 00:00:00+07:00,263.2813375986296,266.7455657249273,254.62076728288517,260.68316650390625,2827000,0.0,0.0
2023-03-31 00:00:00+07:00,262.41530882156013,262.41530882156013,255.4868518229711,258.9510803222656,2086000,0.0,0.0
2023-04-03 00:00:00+07:00,258.95105186383205,259.817108893477,243.36202533022345,250.2904815673828,3649000,0.0,0.0
2023-04-04 00:00:00+07:00,250.2905148957905,264.1474292152806,250.2905148957905,263.2813720703125,5027000,0.0,0.0
2023-04-05 00:00:00+07:00,264.1474205556542,264.1474205556542,257.2189636230469,257.2189636230469,1959000,0.0,0.0
2023-04-06 00:00:00+07:00,258.9510457837904,259.81710279310073,256.3528747558594,256.3528747558594,1335000,0.0,0.0
2023-04-10 00:00:00+07:00,256.3528747558594,258.9510457837904,255.48681774654904,256.3528747558594,1726000,0.0,0.0
2023-04-11 00:00:00+07:00,261.54925537109375,269.34376960400715,259.817141097113,261.54925537109375,5490000,0.0,0.0
2023-04-12 00:00:00+07:00,262.4153137207031,264.147428002688,261.54925657971074,262.4153137207031,1824000,0.0,0.0
2023-04-13 00:00:00+07:00,264.147428002688,268.4777137076501,259.81714229772587,262.4153137207031,2048000,0.0,0.0
2023-04-14 00:00:00+07:00,263.2813696450745,265.87954105604564,261.54925537109375,261.54925537109375,2801000,0.0,0.0
2023-04-17 00:00:00+07:00,263.2813375986296,266.7455657249273,260.68316650390625,260.68316650390625,940000,0.0,0.0
2023-04-18 00:00:00+07:00,265.8795418048727,265.8795418048727,251.1565704345703,251.1565704345703,5019000,0.0,0.0
2023-04-26 00:00:00+07:00,251.15656738281248,259.817138671875,246.82628173828124,259.817138671875,8572000,0.0,0.0
2023-04-27 00:00:00+07:00,258.95107834130005,259.8171354594984,244.22810733192847,246.82627868652344,5558000,0.0,0.0
2023-04-28 00:00:00+07:00,253.9548428853353,261.08339987860785,245.93521626790366,256.6280517578125,3302000,8.0,0.0
2023-05-02 00:00:00+07:00,257.51911299196007,261.9744609675995,253.95483461144852,260.19232177734375,2425000,0.0,0.0
2023-05-03 00:00:00+07:00,258.410177729271,260.19231688602457,255.73696899414062,255.73696899414062,1527000,0.0,0.0
2023-05-04 00:00:00+07:00,259.30124941739166,259.30124941739166,253.95483190363103,254.8459014892578,2195000,0.0,0.0
2023-05-05 00:00:00+07:00,255.73693456946773,259.3012124031885,250.3905178188865,257.5190734863281,1850000,0.0,0.0
2023-05-08 00:00:00+07:00,255.73698670058528,261.0834045410156,255.73698670058528,261.0834045410156,1793000,0.0,0.0
2023-05-09 00:00:00+07:00,261.974458174272,264.64766693115234,253.95483190363103,254.8459014892578,2681000,0.0,0.0
2023-05-10 00:00:00+07:00,254.8459001398411,261.9744567871094,254.8459001398411,261.9744567871094,2180000,0.0,0.0
2023-05-11 00:00:00+07:00,261.9744695027669,263.7566087510851,254.84591250949435,256.6280517578125,2280000,0.0,0.0
2023-05-12 00:00:00+07:00,256.6280406605114,258.4101798317649,254.84590148925778,254.8459014892578,1690000,0.0,0.0
2023-05-15 00:00:00+07:00,254.8458651110375,264.64762915376974,254.8458651110375,257.5190734863281,1870000,0.0,0.0
2023-05-16 00:00:00+07:00,258.4101429447583,261.97442077847916,256.62800402789793,257.5190734863281,1855000,0.0,0.0
2023-05-17 00:00:00+07:00,257.51906960608625,261.97441683110503,256.62800016108247,259.30120849609375,3818000,0.0,0.0
2023-05-19 00:00:00+07:00,259.3012536814515,260.19232328173143,253.0637664794922,253.0637664794922,2637000,0.0,0.0
2023-05-22 00:00:00+07:00,253.06375306404678,269.9940745718527,253.06375306404678,265.5387268066406,10628000,0.0,0.0
2023-05-23 00:00:00+07:00,38.58331298828125,38.58331298828125,38.58331298828125,38.58331298828125,0,0.0,10.0
2023-05-24 00:00:00+07:00,263.75659734552556,270.88515403053975,245.93520563299003,254.8459014892578,9120100,0.0,0.0
2023-05-25 00:00:00+07:00,254.8458666414828,270.8851169895481,249.49944985879435,263.7565612792969,6492900,0.0,0.0
2023-05-26 00:00:00+07:00,263.7565612792969,267.3208391344225,258.41014449660844,263.7565612792969,2870800,0.0,0.0
2023-05-29 00:00:00+07:00,263.75659734552556,267.32087568803263,253.06376231800425,254.8459014892578,2841000,0.0,0.0
2023-05-30 00:00:00+07:00,256.6280448806118,261.97446248229124,253.0637664794922,253.0637664794922,2327800,0.0,0.0
2023-05-31 00:00:00+07:00,253.0637732611762,270.88516574435766,251.2816340128581,256.6280517578125,11579300,0.0,0.0
2023-06-05 00:00:00+07:00,258.4101840811716,260.19232328173143,253.0637664794922,253.0637664794922,1962100,0.0,0.0
2023-06-06 00:00:00+07:00,256.6280448806118,260.19232328173143,249.4994880783726,253.0637664794922,4784500,0.0,0.0
2023-06-07 00:00:00+07:00,254.84590832940464,260.19232598666486,251.28162989123115,258.4101867675781,4272700,0.0,0.0
2023-06-08 00:00:00+07:00,256.6280475484914,263.7566044248384,256.6280475484914,258.4101867675781,1640900,0.0,0.0
2023-06-09 00:00:00+07:00,260.19231900301844,263.75659734552556,254.84590148925778,254.8459014892578,2390600,0.0,0.0
2023-06-12 00:00:00+07:00,258.4101840811716,261.97446248229124,251.2816272789324,253.0637664794922,9998800,0.0,0.0
2023-06-13 00:00:00+07:00,253.06372459898606,256.6280024102394,249.49944678773272,251.28158569335938,2125400,0.0,0.0
2023-06-14 00:00:00+07:00,253.0637664794922,256.6280448806118,249.4994880783726,253.0637664794922,2774900,0.0,0.0
2023-06-15 00:00:00+07:00,253.06372459898606,253.06372459898606,249.49944678773272,251.28158569335938,1855100,0.0,0.0
2023-06-16 00:00:00+07:00,253.06372459898606,254.8458635046127,247.71730788210607,251.28158569335938,1966200,0.0,0.0
2023-06-19 00:00:00+07:00,253.06375950404578,254.8458986554827,249.49948120117188,249.49948120117188,1087200,0.0,0.0
2023-06-20 00:00:00+07:00,249.49947000407488,251.28160907553254,245.93519186115952,247.7173309326172,2340000,0.0,0.0
2023-06-21 00:00:00+07:00,249.4994880783726,254.845905680052,229.89595687221475,253.0637664794922,3398100,0.0,0.0
2023-06-22 00:00:00+07:00,253.0637664794922,256.6280448806118,249.4994880783726,253.0637664794922,1989700,0.0,0.0
2023-06-23 00:00:00+07:00,253.0637664794922,260.19232328173143,249.4994880783726,253.0637664794922,5408300,0.0,0.0
2023-06-26 00:00:00+07:00,253.06375950404578,256.6280378069197,249.49948120117188,249.49948120117188,3424400,0.0,0.0
2023-06-27 00:00:00+07:00,249.4994880783726,254.845905680052,249.4994880783726,253.0637664794922,2237000,0.0,0.0
2023-07-03 00:00:00+07:00,253.06376231800425,256.6280406605114,251.2816231467507,254.8459014892578,3545700,0.0,0.0
2023-07-04 00:00:00+07:00,256.6280433968322,267.32087853836686,254.8459042065764,260.19232177734375,3575000,0.0,0.0
2023-07-05 00:00:00+07:00,260.1923094883861,267.3208659127255,260.1923094883861,265.5387268066406,4174200,0.0,0.0
2023-07-06 00:00:00+07:00,265.5387268066406,267.3208659127255,261.97444859447097,265.5387268066406,1709100,0.0,0.0
2023-07-07 00:00:00+07:00,263.7565612792969,269.1029780619853,263.7565612792969,263.7565612792969,1318500,0.0,0.0
2023-07-10 00:00:00+07:00,263.7565612792969,267.3208391344225,261.97442235173406,263.7565612792969,2036500,0.0,0.0
2023-07-11 00:00:00+07:00,267.3208391344225,269.1029780619853,261.97442235173406,263.7565612792969,4178600,0.0,0.0
2023-07-12 00:00:00+07:00,265.53873934811105,267.32087853836686,256.6280433968322,260.19232177734375,2595900,0.0,0.0
2023-07-13 00:00:00+07:00,265.53873934811105,265.53873934811105,256.6280433968322,260.19232177734375,1002000,0.0,0.0
2023-07-14 00:00:00+07:00,260.19228342417125,265.5387002068597,260.19228342417125,263.7565612792969,1038700,0.0,0.0
2023-07-17 00:00:00+07:00,263.7566001578553,270.8851569188784,256.6280433968322,260.19232177734375,5813800,0.0,0.0
2023-07-18 00:00:00+07:00,263.7566044248384,263.7566044248384,256.6280475484914,258.4101867675781,773800,0.0,0.0
2023-07-20 00:00:00+07:00,258.4101867675781,261.97446520575164,254.84590832940464,258.4101867675781,2001600,0.0,0.0
2023-07-21 00:00:00+07:00,260.19232598666486,261.97446520575164,256.6280475484914,258.4101867675781,2535500,0.0,0.0
2023-07-24 00:00:00+07:00,260.19232177734375,263.7566001578553,258.41018258708795,260.19232177734375,2868400,0.0,0.0
2023-07-25 00:00:00+07:00,260.1923176252923,263.7565959489264,256.62803930165813,261.9744567871094,1680100,0.0,0.0
2023-07-26 00:00:00+07:00,261.9744609675995,261.9744609675995,256.6280433968322,260.19232177734375,969900,0.0,0.0
2023-07-27 00:00:00+07:00,260.1923161097935,260.1923161097935,249.49948120117188,249.49948120117188,3599900,0.0,0.0
2023-07-28 00:00:00+07:00,249.49944678773272,253.06372459898606,242.37089116522608,251.28158569335938,4025600,0.0,0.0
2023-07-31 00:00:00+07:00,251.28162604437932,251.28162604437932,240.5887908935547,240.5887908935547,6747300,0.0,0.0
2023-08-01 00:00:00+07:00,240.58878674226648,260.19231751385854,233.46023009805117,242.3709259033203,7031200,0.0,0.0
2023-08-02 00:00:00+07:00,242.37092459542413,249.49948120117188,240.58878544398718,249.49948120117188,1163400,0.0,0.0
2023-08-03 00:00:00+07:00,253.06374814699024,254.8458872184479,245.93519186115952,247.7173309326172,1450300,0.0,0.0
2023-08-04 00:00:00+07:00,251.28160907553254,251.28160907553254,245.93519186115952,247.7173309326172,695500,0.0,0.0
2023-08-07 00:00:00+07:00,251.28162170858943,251.28162170858943,242.3709259033203,242.3709259033203,1451100,0.0,0.0
2023-08-08 00:00:00+07:00,245.935208468967,247.7173476607711,240.5887908935547,240.5887908935547,1192800,0.0,0.0
2023-08-09 00:00:00+07:00,242.37092729048294,244.1530664617365,235.24237060546875,235.24237060546875,2979800,0.0,0.0
2023-08-10 00:00:00+07:00,235.24235942345538,247.71733302924468,231.67808125037274,233.46022033691406,3867800,0.0,0.0
2023-08-11 00:00:00+07:00,233.46022033691406,240.58877668307937,233.46022033691406,233.46022033691406,1345500,0.0,0.0
2023-08-14 00:00:00+07:00,233.46021723747253,237.02449536323547,222.76738286018372,228.11380004882812,4106800,0.0,0.0
2023-08-15 00:00:00+07:00,228.11382378472223,231.67810228135852,222.7674060397678,224.54954528808594,2006500,0.0,0.0
2023-08-16 00:00:00+07:00,224.54952594426675,235.24236051304135,224.54952594426675,226.3316650390625,2221700,0.0,0.0
2023-08-18 00:00:00+07:00,238.80663110351563,238.80663110351563,222.7673797607422,222.7673797607422,1972100,0.0,0.0
2023-08-21 00:00:00+07:00,222.76739346779,224.5495326155323,210.29241943359375,210.29241943359375,7864400,0.0,0.0
2023-08-22 00:00:00+07:00,210.29241943359375,215.6388368768207,206.7281411381091,210.29241943359375,2479600,0.0,0.0
2023-08-23 00:00:00+07:00,212.07454580630898,213.85668484669813,187.12459924086087,188.90673828125,25246000,0.0,0.0
2023-08-24 00:00:00+07:00,187.12461519967482,190.68889358443053,174.64964085302984,175.54071044921875,18913700,0.0,0.0
2023-08-25 00:00:00+07:00,168.41214970727663,178.21391503415515,168.41214970727663,177.32284545898438,4359800,0.0,0.0
2023-08-28 00:00:00+07:00,177.32284466425577,179.99605337778726,165.73894023895264,171.08535766601562,8029600,0.0,0.0
2023-08-29 00:00:00+07:00,163.9568050986842,175.54070980674342,163.9568050986842,169.30322265625,4014000,0.0,0.0
2023-08-30 00:00:00+07:00,169.30321464325465,169.30321464325465,154.15503228043713,159.50144958496094,27437400,0.0,0.0
2023-08-31 00:00:00+07:00,159.50145372293764,206.7281411381091,156.82824500132415,157.7193145751953,337188800,0.0,0.0
2023-09-01 00:00:00+07:00,160.3925215832295,164.84786940498586,145.2443389892578,145.2443389892578,96311300,0.0,0.0
2023-09-04 00:00:00+07:00,131.8782847026396,155.937160965959,131.8782847026396,150.5907440185547,43832300,0.0,0.0
2023-09-05 00:00:00+07:00,151.4818377827489,156.82825558684593,150.59076814873274,153.26397705078125,23801200,0.0,0.0
2023-09-06 00:00:00+07:00,155.04609147472496,155.937160965959,150.5907440185547,150.5907440185547,10333100,0.0,0.0
2023-09-07 00:00:00+07:00,150.59076561985245,154.15504409606197,147.9175567626953,147.9175567626953,8017900,0.0,0.0
2023-09-08 00:00:00+07:00,149.69969600080006,153.26397447700958,147.9175567626953,147.9175567626953,6396300,0.0,0.0
2023-09-11 00:00:00+07:00,148.80863096002946,155.04611848530016,146.13542202062774,152.37290954589844,14409100,0.0,0.0
2023-09-12 00:00:00+07:00,152.37288300102279,155.04609147472496,150.5907440185547,150.5907440185547,10902800,0.0,0.0
2023-09-13 00:00:00+07:00,151.48181755385713,153.2639565839025,147.0264699787437,148.80860900878906,8218500,0.0,0.0
2023-09-14 00:00:00+07:00,149.6996981534091,151.48183741714016,147.0264892578125,147.0264892578125,5262700,0.0,0.0
2023-09-15 00:00:00+07:00,147.02647811796035,149.6996868110142,145.2443389892578,145.2443389892578,6777700,0.0,0.0
2023-09-18 00:00:00+07:00,145.24433810894305,147.0264772268442,138.1157816373385,139.00685119628906,23299300,0.0,0.0
2023-09-19 00:00:00+07:00,139.89791963158584,147.02647604593417,139.00685007979232,146.13540649414062,11081400,0.0,0.0
2023-09-20 00:00:00+07:00,147.02648961266806,164.84788229299144,143.46221107660338,153.26397705078125,118447900,0.0,0.0
2023-09-21 00:00:00+07:00,145.24434790553815,156.8282529532191,145.24434790553815,147.9175567626953,25055700,0.0,0.0
2023-09-22 00:00:00+07:00,142.57112828696646,150.59075425310834,142.57112828696646,146.13540649414062,10428200,0.0,0.0
2023-09-25 00:00:00+07:00,147.02648714364292,152.37290485795722,145.24434790553815,147.9175567626953,19776000,0.0,0.0
2023-09-26 00:00:00+07:00,148.80861514952124,150.59075425310834,146.13540649414062,146.13540649414062,8314500,0.0,0.0
2023-09-27 00:00:00+07:00,146.13540649414062,148.80861514952124,144.35326739055355,146.13540649414062,4882100,0.0,0.0
2023-09-29 00:00:00+07:00,131.8782955239887,152.37289550406803,131.8782955239887,145.2443389892578,22373900,0.0,0.0
2023-10-02 00:00:00+07:00,146.13542202062774,154.15504883883293,145.24435237416048,152.37290954589844,35020500,0.0,0.0
2023-10-03 00:00:00+07:00,153.26397919236567,158.61039707116913,151.48183989943118,152.37290954589844,25438900,0.0,0.0
2023-10-04 00:00:00+07:00,153.26395452590216,157.71930204119002,149.69967651367188,149.69967651367188,10567200,0.0,0.0
2023-10-05 00:00:00+07:00,145.24433094869832,154.15502609892522,145.24433094869832,148.80860900878906,14919500,0.0,0.0
2023-10-06 00:00:00+07:00,149.6996847013148,150.59075425310834,146.13540649414062,146.13540649414062,9136300,0.0,0.0
2023-10-09 00:00:00+07:00,147.9175567626953,152.37290485795722,146.13541752459054,147.9175567626953,10254600,0.0,0.0
2023-10-10 00:00:00+07:00,148.80862852154357,150.59076778527464,147.0264892578125,147.0264892578125,4667500,0.0,0.0
2023-10-11 00:00:00+07:00,147.02648714364292,150.59076561985245,147.02648714364292,147.9175567626953,5793000,0.0,0.0
2023-10-12 00:00:00+07:00,147.91753949376638,152.37288706887983,147.91753949376638,148.80860900878906,10756700,0.0,0.0
2023-10-13 00:00:00+07:00,148.80861514952124,154.15503246028248,146.13540649414062,146.13540649414062,15389600,0.0,0.0
2023-10-16 00:00:00+07:00,147.02648021556712,147.91754979263118,142.5711323302469,144.353271484375,11926900,0.0,0.0
2023-10-17 00:00:00+07:00,144.353271484375,147.02648021556712,143.46220190731097,144.353271484375,4845600,0.0,0.0
2023-10-18 00:00:00+07:00,144.353275680542,145.2443452835083,141.68006687164305,142.57113647460938,7390000,0.0,0.0
2023-10-19 00:00:00+07:00,143.46220607757567,148.80862369537354,141.68006687164305,142.57113647460938,5343100,0.0,0.0
2023-10-20 00:00:00+07:00,142.57112323113208,143.46219275132665,140.78898419074292,141.6800537109375,3343600,0.0,0.0
2023-10-23 00:00:00+07:00,143.46219688464123,143.46219688464123,138.1157796094372,139.89791870117188,4849200,0.0,0.0
2023-10-24 00:00:00+07:00,139.89791467054835,142.57112323113208,139.89791467054835,141.6800537109375,1587700,0.0,0.0
2023-10-25 00:00:00+07:00,141.68005987314078,147.0264772268442,138.1157816373385,139.00685119628906,11177200,0.0,0.0
2023-10-26 00:00:00+07:00,139.0068618067053,140.78900106063742,133.66044404490896,134.551513671875,15129800,0.0,0.0
2023-10-27 00:00:00+07:00,134.55150044759114,136.3336395263672,131.87829182942707,133.66043090820312,6168200,0.0,0.0
2023-10-30 00:00:00+07:00,126.53188504670797,136.3336507897628,126.53188504670797,135.4425811767578,4026800,0.0,0.0
2023-10-31 00:00:00+07:00,136.333644547001,140.7889924080141,134.55150540259575,138.11578369140625,4310100,0.0,0.0
2023-11-01 00:00:00+07:00,138.11577860514322,139.00684814453123,131.87829182942707,133.66043090820312,4863000,0.0,0.0
2023-11-02 00:00:00+07:00,133.66044404490896,136.33365292580712,133.66044404490896,134.551513671875,1923600,0.0,0.0
2023-11-03 00:00:00+07:00,134.55151156375283,137.2247204027678,133.66044195074784,135.4425811767578,11611000,0.0,0.0
2023-11-06 00:00:00+07:00,135.44258329884107,137.2247225527732,133.66044404490896,134.551513671875,3060600,0.0,0.0
2023-11-07 00:00:00+07:00,133.66043713628028,135.44257629809735,130.9872283935547,130.9872283935547,4828700,0.0,0.0
2023-11-08 00:00:00+07:00,131.87829867276278,133.66043784401631,126.53188115900213,127.4229507446289,6269800,0.0,0.0
2023-11-09 00:00:00+07:00,127.42294360922395,130.9872217521393,123.8586654663086,123.8586654663086,3697500,0.0,0.0
2023-11-10 00:00:00+07:00,115.83904789943321,145.24434467390472,115.83904789943321,136.33364868164062,29621200,0.0,0.0
2023-11-13 00:00:00+07:00,131.87829867276278,139.00685535777697,131.87829867276278,137.22471618652344,7245600,0.0,0.0
2023-11-14 00:00:00+07:00,130.98723400070006,151.48183523890484,130.98723400070006,147.9175567626953,51162200,0.0,0.0
2023-11-15 00:00:00+07:00,150.59076069897006,150.59076069897006,142.57113438955744,143.4622039794922,13336200,0.0,0.0
2023-11-16 00:00:00+07:00,144.35326227152123,148.80860987249412,139.89791467054835,141.6800537109375,11650100,0.0,0.0
2023-11-17 00:00:00+07:00,142.5711273387739,146.13540552224322,139.00684915530454,139.89791870117188,6674200,0.0,0.0
2023-11-20 00:00:00+07:00,139.89792924178275,148.80862537183262,135.4425811767578,135.4425811767578,35741100,0.0,0.0
2023-11-21 00:00:00+07:00,136.33364868164062,139.00685747931985,135.4425790824142,136.33364868164062,8686100,0.0,0.0
2023-11-22 00:00:00+07:00,136.333644547001,142.57113155241936,133.66043583039314,138.11578369140625,17824300,0.0,0.0
2023-11-23 00:00:00+07:00,139.00685962877776,142.5711380807977,135.4425811767578,135.4425811767578,5571700,0.0,0.0
2023-11-24 00:00:00+07:00,136.33364868164062,139.89792707854625,133.6604398839614,136.33364868164062,7038900,0.0,0.0
2023-11-27 00:00:00+07:00,135.44257701526988,137.22471618652344,134.5515074296431,137.22471618652344,3865900,0.0,0.0
2023-11-28 00:00:00+07:00,137.22471828086702,137.22471828086702,134.5515094831878,136.33364868164062,2253500,0.0,0.0
2023-11-29 00:00:00+07:00,136.33364161549,139.00685027461725,129.20508519115063,132.7693634033203,26394800,0.0,0.0
2023-11-30 00:00:00+07:00,132.7693634033203,138.11578072157482,131.87829385027788,132.7693634033203,9696200,0.0,0.0
2023-12-01 00:00:00+07:00,133.66043295636274,135.44257206244757,131.87829385027788,132.7693634033203,4892200,0.0,0.0
2023-12-04 00:00:00+07:00,133.66043090820312,134.55150044759114,131.87829182942707,133.66043090820312,7357200,0.0,0.0
2023-12-05 00:00:00+07:00,133.66043295636274,135.44257206244757,131.87829385027788,132.7693634033203,4676900,0.0,0.0
2023-12-06 00:00:00+07:00,133.66041956721125,136.3336279585555,131.87828063964844,131.87828063964844,6441700,0.0,0.0
2023-12-07 00:00:00+07:00,132.76937233774285,137.2247204027678,132.76937233774285,135.4425811767578,11598700,0.0,0.0
2023-12-08 00:00:00+07:00,135.44256998697915,135.44256998697915,132.7693613688151,133.66043090820312,4495200,0.0,0.0
2023-12-11 00:00:00+07:00,133.6604436238607,135.44258287217883,128.31402587890625,128.31402587890625,12969000,0.0,0.0
2023-12-12 00:00:00+07:00,129.2050920405858,131.87830084142553,125.6408136394662,126.5318832397461,6168500,0.0,0.0
2023-12-13 00:00:00+07:00,126.53188455515895,133.66044143150594,126.53188455515895,129.20509338378906,6407700,0.0,0.0
2023-12-14 00:00:00+07:00,130.09616088867188,131.87830007892765,129.20509129354397,130.09616088867188,3031500,0.0,0.0
2023-12-15 00:00:00+07:00,130.0961543649867,132.76936301632205,122.96759796142578,122.96759796142578,7071700,0.0,0.0
2023-12-18 00:00:00+07:00,123.8586777581109,130.98723475138345,123.8586777581109,128.31402587890625,6862400,0.0,0.0
2023-12-19 00:00:00+07:00,120.29439728835534,130.98723260287582,120.29439728835534,129.20509338378906,2843300,0.0,0.0
2023-12-20 00:00:00+07:00,129.20508796938003,138.11578369140625,128.31401839717742,138.11578369140625,20794500,0.0,0.0
2023-12-21 00:00:00+07:00,142.57112323113208,178.2139040389151,133.66042802918633,141.6800537109375,655911200,0.0,0.0
2023-12-22 00:00:00+07:00,141.68005779290655,151.48182279744725,136.33364051770252,139.89791870117188,103879400,0.0,0.0
2023-12-27 00:00:00+07:00,140.78897961498012,151.48181350978874,140.78897961498012,150.5907440185547,116281200,0.0,0.0
2023-12-28 00:00:00+07:00,151.4818302889048,154.15503905870898,142.57113438955744,143.4622039794922,73723800,0.0,0.0
2023-12-29 00:00:00+07:00,143.46219899104193,144.3532685499925,138.1157816373385,139.00685119628906,26546100,0.0,0.0
2024-01-02 00:00:00+07:00,140.78899317611882,150.5907585238233,140.78899317611882,144.353271484375,65995600,0.0,0.0
2024-01-03 00:00:00+07:00,146.1354148864746,147.91755409240722,141.68006687164305,142.57113647460938,15445600,0.0,0.0
2024-01-04 00:00:00+07:00,144.35327022776883,151.48182678222656,142.5711310891544,151.48182678222656,61468500,0.0,0.0
2024-01-05 00:00:00+07:00,155.93718333416675,156.8282529532191,147.02648714364292,147.9175567626953,125321600,0.0,0.0
2024-01-08 00:00:00+07:00,147.9175455977277,150.59075425310834,145.24433694234708,146.13540649414062,28635300,0.0,0.0
2024-01-09 00:00:00+07:00,147.9175446139779,148.80861415984523,139.00684915530454,139.89791870117188,35283700,0.0,0.0
2024-01-10 00:00:00+07:00,140.7889862060547,141.68005573900442,135.4425690083564,140.7889862060547,15120300,0.0,0.0
2024-01-11 00:00:00+07:00,140.78898918337939,147.9175455977277,140.78898918337939,146.13540649414062,31883000,0.0,0.0
2024-01-12 00:00:00+07:00,147.02648021556712,147.91754979263118,143.46220190731097,144.353271484375,13511600,0.0,0.0
2024-01-15 00:00:00+07:00,145.24433492024738,167.5210734049479,144.35326538085937,160.39251708984375,299475700,0.0,0.0
2024-01-16 00:00:00+07:00,161.2835886864689,167.52107554174668,155.0461018311911,159.50144958496094,140865700,0.0,0.0
2024-01-17 00:00:00+07:00,159.50143770784945,175.54068842707454,159.50143770784945,164.8478546142578,234513800,0.0,0.0
2024-01-18 00:00:00+07:00,164.84785940987723,168.41213745117187,154.1550252859933,155.93716430664062,103418400,0.0,0.0
2024-01-19 00:00:00+07:00,156.82823789739882,158.61037696441474,151.48182069635115,154.155029296875,41680300,0.0,0.0
2024-01-22 00:00:00+07:00,155.93717462876262,157.71931376737706,151.48182678222656,151.48182678222656,33664500,0.0,0.0
2024-01-23 00:00:00+07:00,152.3728933566954,153.26396290848896,144.35326739055355,146.13540649414062,32916300,0.0,0.0
2024-01-24 00:00:00+07:00,147.02647968874138,160.39252329680878,146.13541011487024,157.7193145751953,95353500,0.0,0.0
2024-01-25 00:00:00+07:00,159.50146671763636,160.39253636410362,152.37290954589844,152.37290954589844,41469800,0.0,0.0
2024-01-26 00:00:00+07:00,152.3728933566954,154.15503246028248,145.24433694234708,146.13540649414062,32279900,0.0,0.0
2024-01-29 00:00:00+07:00,147.0264699787437,151.48181755385713,145.24433094869832,148.80860900878906,21218600,0.0,0.0
2024-01-30 00:00:00+07:00,148.8086263817477,149.69969600080006,144.3532782864858,147.9175567626953,16930000,0.0,0.0
2024-01-31 00:00:00+07:00,147.91755888967805,148.80862852154357,144.3532803622159,147.0264892578125,10917800,0.0,0.0
2024-02-01 00:00:00+07:00,147.02648021556712,147.02648021556712,139.8979235990548,144.353271484375,20058900,0.0,0.0
2024-02-02 00:00:00+07:00,144.35326227152123,146.13540131191039,140.78898419074292,141.6800537109375,10853000,0.0,0.0
2024-02-05 00:00:00+07:00,139.89793220288826,150.59076778527464,139.89793220288826,147.0264892578125,25935100,0.0,0.0
2024-02-06 00:00:00+07:00,147.91754979263118,147.91754979263118,144.353271484375,144.353271484375,8336100,0.0,0.0
2024-02-07 00:00:00+07:00,145.2443389892578,149.6996868110142,144.35326942490653,145.2443389892578,21579600,0.0,0.0
2024-02-12 00:00:00+07:00,146.13541962594698,147.91755888967805,145.24434999408143,147.0264892578125,12296200,0.0,0.0
2024-02-13 00:00:00+07:00,147.91753750755674,154.15502402895973,147.02646800449918,149.69967651367188,37841700,0.0,0.0
2024-02-15 00:00:00+07:00,149.6996847013148,151.48182380490186,144.35326739055355,146.13540649414062,19637000,0.0,0.0
2024-02-16 00:00:00+07:00,147.02647811796035,147.91754768231164,144.35326942490653,145.2443389892578,7434900,0.0,0.0
2024-02-19 00:00:00+07:00,145.2443389892578,146.1354085536091,143.46219986055527,145.2443389892578,7624700,0.0,0.0
2024-02-20 00:00:00+07:00,144.353271484375,146.1354106385031,143.46220190731097,144.353271484375,6780800,0.0,0.0
2024-02-21 00:00:00+07:00,144.35326739055355,146.13540649414062,144.35326739055355,146.13540649414062,7189700,0.0,0.0
2024-02-22 00:00:00+07:00,146.13541752459054,148.8086263817477,144.3532782864858,147.9175567626953,9337000,0.0,0.0
2024-02-23 00:00:00+07:00,148.80862852154357,150.59076778527464,145.24434999408143,147.0264892578125,9580000,0.0,0.0
2024-02-26 00:00:00+07:00,147.91754768231164,148.80861724666292,144.35326942490653,145.2443389892578,9050900,0.0,0.0
2024-02-27 00:00:00+07:00,146.1354085536091,147.02647811796035,142.571130296204,145.2443389892578,10264000,0.0,0.0
2024-02-28 00:00:00+07:00,145.24434315936165,146.1354127492964,143.4622039794922,143.4622039794922,5317400,0.0,0.0
2024-02-29 00:00:00+07:00,143.4622039794922,146.1354127492964,141.68006479962273,143.4622039794922,7819800,0.0,0.0
2024-03-01 00:00:00+07:00,143.46220190731097,145.24434106143903,142.5711323302469,144.353271484375,6574500,0.0,0.0
2024-03-04 00:00:00+07:00,145.2443452835083,145.2443452835083,142.57113647460938,142.57113647460938,5110800,0.0,0.0
2024-03-05 00:00:00+07:00,142.57112527195412,144.35326433785355,138.11577760720556,140.7889862060547,15818200,0.0,0.0
2024-03-06 00:00:00+07:00,140.78899726867675,142.57113647460938,139.89792766571045,142.57113647460938,8626600,0.0,0.0
2024-03-07 00:00:00+07:00,142.57113647460938,143.46220607757567,140.78899726867675,142.57113647460938,5153700,0.0,0.0
2024-03-08 00:00:00+07:00,142.57112527195412,146.13540340375297,140.7889862060547,140.7889862060547,10025600,0.0,0.0
2024-03-13 00:00:00+07:00,141.68005779290655,143.46219688464123,139.00684915530454,139.89791870117188,12979500,0.0,0.0
2024-03-14 00:00:00+07:00,141.68005779290655,141.68005779290655,139.00684915530454,139.89791870117188,5592000,0.0,0.0
2024-03-15 00:00:00+07:00,139.897916673105,143.46219480490385,139.897916673105,140.7889862060547,5633300,0.0,0.0
2024-03-18 00:00:00+07:00,140.78899726867675,142.57113647460938,140.78899726867675,142.57113647460938,7204700,0.0,0.0
2024-03-19 00:00:00+07:00,142.57112527195412,143.46219480490385,140.7889862060547,140.7889862060547,5820400,0.0,0.0
2024-03-20 00:00:00+07:00,140.7889862060547,142.57112527195412,139.897916673105,140.7889862060547,3064200,0.0,0.0
2024-03-21 00:00:00+07:00,140.78899520968798,144.35327356942693,140.78899520968798,143.4622039794922,4872200,0.0,0.0
2024-03-22 00:00:00+07:00,143.46220190731097,146.1354106385031,143.46220190731097,144.353271484375,9942700,0.0,0.0
2024-03-25 00:00:00+07:00,151.48183741714016,151.48183741714016,144.3532803622159,147.0264892578125,37155800,0.0,0.0
2024-03-26 00:00:00+07:00,147.91754768231164,147.91754768231164,143.46219986055527,145.2443389892578,13989400,0.0,0.0
2024-03-27 00:00:00+07:00,144.35327022776883,151.48182678222656,144.35327022776883,151.48182678222656,27532400,0.0,0.0
2024-03-28 00:00:00+07:00,151.48181755385713,153.2639565839025,147.91753949376638,148.80860900878906,17080700,0.0,0.0
2024-04-01 00:00:00+07:00,149.69969329833984,150.59076290130614,142.57113647460938,142.57113647460938,14196800,0.0,0.0
2024-04-02 00:00:00+07:00,144.35326942490653,146.1354085536091,142.571130296204,145.2443389892578,4593900,0.0,0.0
2024-04-03 00:00:00+07:00,145.24434790553815,150.59076561985245,145.24434790553815,147.9175567626953,28745200,0.0,0.0
2024-04-04 00:00:00+07:00,148.80862852154357,149.6996981534091,145.24434999408143,147.0264892578125,11883400,0.0,0.0
2024-04-05 00:00:00+07:00,147.9175567626953,147.9175567626953,146.13541752459054,147.9175567626953,10632700,0.0,0.0
2024-04-16 00:00:00+07:00,150.72610241853738,150.72610241853738,141.36423270310027,147.91754150390625,15226400,8.0,0.0
2024-04-17 00:00:00+07:00,147.91754227164407,152.5984771536581,147.91754227164407,148.85372924804688,5501200,0.0,0.0
2024-04-18 00:00:00+07:00,148.85372769301105,149.78991465963375,146.98135375976562,146.98135375976562,3400100,0.0,0.0
2024-04-19 00:00:00+07:00,146.98135218466481,147.91753914125505,143.23660435830394,145.10897827148438,5360200,0.0,0.0
2024-04-22 00:00:00+07:00,143.23660435830394,146.98135218466481,142.3004174017137,145.10897827148438,2066500,0.0,0.0
2024-04-23 00:00:00+07:00,145.10899142215126,146.0451784635845,140.4280562149851,142.30043029785156,4659800,0.0,0.0
2024-04-24 00:00:00+07:00,142.30043029785156,147.91755254645096,141.36424325641832,142.30043029785156,4776700,0.0,0.0
2024-04-25 00:00:00+07:00,142.30041341145832,144.1727872721354,140.42803955078125,140.42803955078125,3109100,0.0,0.0
2024-04-26 00:00:00+07:00,140.4280526297433,141.36423964727493,136.68330455961683,137.61949157714844,5700300,0.0,0.0
2024-04-29 00:00:00+07:00,137.61949084556267,140.4280518832272,134.8109298078981,136.6833038330078,4477800,0.0,0.0
2024-04-30 00:00:00+07:00,136.68329491553368,149.7899122362013,136.68329491553368,144.17279052734375,10910100,0.0,0.0
2024-05-02 00:00:00+07:00,144.17279052734375,146.04516443029627,140.42804272143871,144.17279052734375,6035900,0.0,0.0
2024-05-03 00:00:00+07:00,144.17279209234775,148.85372690054086,138.55567032251602,146.045166015625,6521800,0.0,0.0
2024-05-06 00:00:00+07:00,146.045166015625,147.91753993890225,143.23660513070914,146.045166015625,2851700,0.0,0.0
2024-05-07 00:00:00+07:00,145.10899213404437,146.98136622609655,143.2366180419922,143.2366180419922,2392300,0.0,0.0
2024-05-08 00:00:00+07:00,143.2366180419922,145.10899213404437,140.4280569039139,143.2366180419922,2584400,0.0,0.0
2024-05-13 00:00:00+07:00,143.23660435830394,147.91753914125505,140.42804348853326,145.10897827148438,10845300,0.0,0.0
2024-05-14 00:00:00+07:00,145.10899213404437,146.04517918007045,142.30043099596608,143.2366180419922,3302800,0.0,0.0
2024-05-15 00:00:00+07:00,144.1727872721354,144.1727872721354,140.42803955078125,140.42803955078125,2922700,0.0,0.0
2024-05-16 00:00:00+07:00,140.42804348853326,146.98135218466481,140.42804348853326,145.10897827148438,5506700,0.0,0.0
2024-05-17 00:00:00+07:00,144.17279209234775,148.85372690054086,143.23660513070914,146.045166015625,6935900,0.0,0.0
2024-05-20 00:00:00+07:00,146.98136550501772,148.8537395878842,142.30043029785156,142.30043029785156,6040400,0.0,0.0
2024-05-21 00:00:00+07:00,142.30041816907053,148.85372690054086,141.36423120743189,146.045166015625,10896700,0.0,0.0
2024-05-22 00:00:00+07:00,146.98136550501772,146.98136550501772,142.30043029785156,142.30043029785156,4405800,0.0,0.0
2024-05-27 00:00:00+07:00,142.3004174017137,149.7899130544355,140.42804348853326,145.10897827148438,13674700,0.0,0.0
2024-05-28 00:00:00+07:00,145.10897747882,146.98135138177253,142.30041662439123,144.17279052734375,2516500,0.0,0.0
2024-05-29 00:00:00+07:00,144.17279510498045,158.21559982299803,143.2366081237793,149.7899169921875,28701300,0.0,0.0
2024-05-30 00:00:00+07:00,149.7899138621795,150.72610082381811,142.30041816907053,146.045166015625,5612500,0.0,0.0
2024-05-31 00:00:00+07:00,146.98135218466481,147.91753914125505,144.17279131489414,145.10897827148438,4981600,0.0,0.0
2024-06-03 00:00:00+07:00,145.10897827148438,147.91753914125505,144.17279131489414,145.10897827148438,3485800,0.0,0.0
2024-06-04 00:00:00+07:00,146.04516443029627,146.04516443029627,144.17279052734375,144.17279052734375,2921200,0.0,0.0
2024-06-05 00:00:00+07:00,144.17280366404955,144.17280366404955,141.36424255371094,141.36424255371094,2748000,0.0,0.0
2024-06-06 00:00:00+07:00,143.2366173392848,145.10899142215126,141.36424325641832,142.30043029785156,2437600,0.0,0.0
2024-06-07 00:00:00+07:00,142.30041662439123,147.91753833324879,142.30041662439123,144.17279052734375,6480700,0.0,0.0
2024-06-10 00:00:00+07:00,144.17279131489414,147.91753914125505,144.17279131489414,145.10897827148438,4088500,0.0,0.0
2024-06-11 00:00:00+07:00,145.10899213404437,146.04517918007045,143.2366180419922,143.2366180419922,2407400,0.0,0.0
2024-06-12 00:00:00+07:00,143.2366180419922,147.91755327212266,141.36424394994,143.2366180419922,5028400,0.0,0.0
2024-06-13 00:00:00+07:00,143.2366180419922,144.17280508801826,142.30043099596608,143.2366180419922,804300,0.0,0.0
2024-06-14 00:00:00+07:00,143.23661662727002,143.23661662727002,140.42805551693138,141.36424255371094,1838500,0.0,0.0
2024-06-19 00:00:00+07:00,141.36422482052365,142.30041173986487,138.5556640625,138.5556640625,5482600,0.0,0.0
2024-06-20 00:00:00+07:00,137.6194826187626,145.10897827148438,137.6194826187626,145.10897827148438,2301500,0.0,0.0
2024-06-21 00:00:00+07:00,142.30043029785156,146.98136550501772,142.30043029785156,142.30043029785156,6635800,0.0,0.0
2024-06-24 00:00:00+07:00,144.17280508801826,146.04517918007045,142.30043099596608,143.2366180419922,3957100,0.0,0.0
2024-06-25 00:00:00+07:00,143.2366180419922,145.10899213404437,142.30043099596608,143.2366180419922,1063500,0.0,0.0
2024-06-26 00:00:00+07:00,144.17280438071802,144.17280438071802,142.30043029785156,142.30043029785156,1458300,0.0,0.0
2024-06-27 00:00:00+07:00,143.23661662727002,143.23661662727002,140.42805551693138,141.36424255371094,2188200,0.0,0.0
2024-06-28 00:00:00+07:00,142.30043099596608,146.98136622609655,141.36424394994,143.2366180419922,6892100,0.0,0.0
2024-07-01 00:00:00+07:00,143.23661097084604,156.34322896817835,143.23661097084604,153.53466796875,58492900,0.0,0.0
2024-07-02 00:00:00+07:00,153.5346656941479,156.34322665196768,149.78991775038818,150.72610473632812,12859200,0.0,0.0
2024-07-03 00:00:00+07:00,150.72610473632812,156.34322665196768,150.72610473632812,150.72610473632812,14569200,0.0,0.0
2024-07-04 00:00:00+07:00,150.72610696932165,156.34322896817835,150.72610696932165,153.53466796875,11676200,0.0,0.0
2024-07-05 00:00:00+07:00,153.53466721985237,155.40704121033838,151.66229322936638,152.59848022460938,6081900,0.0,0.0
2024-07-08 00:00:00+07:00,152.59848022460938,155.40704121033838,151.66229322936638,152.59848022460938,6589500,0.0,0.0
2024-07-09 00:00:00+07:00,152.59847947108892,153.53466646170912,150.72610548984858,151.66229248046875,3468800,0.0,0.0
2024-07-10 00:00:00+07:00,151.6622893900811,151.6622893900811,146.04516756081884,147.91754150390625,13502400,0.0,0.0
2024-07-11 00:00:00+07:00,147.91753441946847,161.9603383200509,147.91753441946847,157.27940368652344,66708200,0.0,0.0
2024-07-12 00:00:00+07:00,158.21560448336314,161.02416550969502,154.47085644825395,155.40704345703125,12311000,0.0,0.0
2024-07-15 00:00:00+07:00,156.34321756757927,162.89652608837602,155.4070306360369,158.21559143066406,26544100,0.0,0.0
2024-07-16 00:00:00+07:00,159.15177670781483,161.96033747324688,155.40702902057214,156.3432159423828,14027100,0.0,0.0
2024-07-17 00:00:00+07:00,157.2794028641935,158.21558978600416,155.40702902057214,156.3432159423828,5259200,0.0,0.0
2024-07-18 00:00:00+07:00,156.3432297215317,157.2794167258523,154.47085571289062,154.47085571289062,8110700,0.0,0.0
2024-07-19 00:00:00+07:00,155.40703966602774,156.34322665196768,150.72610473632812,150.72610473632812,18096300,0.0,0.0
2024-07-22 00:00:00+07:00,150.72610397338866,152.598477935791,149.7899169921875,149.7899169921875,7237700,0.0,0.0
2024-07-23 00:00:00+07:00,150.72610241853738,151.6622893900811,146.04516756081884,147.91754150390625,11450400,0.0,0.0
2024-07-24 00:00:00+07:00,147.91753914125505,148.85372609784525,145.10897827148438,145.10897827148438,7680800,0.0,0.0
2024-07-25 00:00:00+07:00,145.1089907008291,146.04517773760864,141.36424255371094,141.36424255371094,9815200,0.0,0.0
2024-07-26 00:00:00+07:00,141.36422967291497,145.10897747882,141.36422967291497,144.17279052734375,3968500,0.0,0.0
2024-07-29 00:00:00+07:00,143.2366173392848,145.10899142215126,141.36424325641832,142.30043029785156,3359700,0.0,0.0
2024-07-30 00:00:00+07:00,142.30041341145832,144.1727872721354,140.42803955078125,140.42803955078125,6519000,0.0,0.0
2024-07-31 00:00:00+07:00,141.36424394994,143.2366180419922,138.55568281186171,143.2366180419922,4123700,0.0,0.0
2024-08-01 00:00:00+07:00,141.36424325641832,144.17280438071802,138.55568213211862,142.30043029785156,5184200,0.0,0.0
2024-08-02 00:00:00+07:00,145.10899142215126,145.10899142215126,140.4280562149851,142.30043029785156,2004300,0.0,0.0
2024-08-05 00:00:00+07:00,142.3004259083369,142.3004259083369,135.74711682045296,136.6833038330078,11129400,0.0,0.0
2024-08-06 00:00:00+07:00,136.68329182942708,141.36422648111977,136.68329182942708,140.42803955078125,4806600,0.0,0.0
2024-08-07 00:00:00+07:00,141.36424255371094,143.23661662727002,140.42805551693138,141.36424255371094,2393600,0.0,0.0
2024-08-08 00:00:00+07:00,142.30041258127096,142.30041258127096,138.55566488176385,139.49185180664062,4145800,0.0,0.0
2024-08-09 00:00:00+07:00,140.42805551693138,141.36424255371094,139.49186848015185,141.36424255371094,1903900,0.0,0.0
2024-08-12 00:00:00+07:00,141.36422648111977,142.30041341145832,140.42803955078125,140.42803955078125,1694900,0.0,0.0
2024-08-13 00:00:00+07:00,141.36424394994,143.2366180419922,140.4280569039139,143.2366180419922,6208100,0.0,0.0
2024-08-14 00:00:00+07:00,143.2366180419922,145.10899213404437,142.30043099596608,143.2366180419922,6308300,0.0,0.0
2024-08-15 00:00:00+07:00,143.2366173392848,144.17280438071802,141.36424325641832,142.30043029785156,1513200,0.0,0.0
2024-08-16 00:00:00+07:00,142.30041816907053,151.66228778545673,142.30041816907053,146.045166015625,44195600,0.0,0.0
2024-08-19 00:00:00+07:00,146.0451667931429,150.72610162625645,146.0451667931429,146.98135375976562,15379800,0.0,0.0
2024-08-20 00:00:00+07:00,146.98135218466481,148.85372609784525,144.17279131489414,145.10897827148438,12585500,0.0,0.0
2024-08-21 00:00:00+07:00,146.04516443029627,147.91753833324879,144.17279052734375,144.17279052734375,5193600,0.0,0.0
2024-08-22 00:00:00+07:00,144.17280508801826,146.04517918007045,143.2366180419922,143.2366180419922,3820100,0.0,0.0
2024-08-23 00:00:00+07:00,144.17280438071802,146.0451784635845,142.30043029785156,142.30043029785156,6314400,0.0,0.0
2024-08-26 00:00:00+07:00,144.17280366404955,145.1089907008291,141.36424255371094,141.36424255371094,4833900,0.0,0.0
2024-08-27 00:00:00+07:00,142.30042959049047,143.23661662727002,139.49186848015185,141.36424255371094,10022200,0.0,0.0
2024-08-28 00:00:00+07:00,141.36422565639418,142.30041258127096,139.49185180664062,139.49185180664062,9905100,0.0,0.0
2024-08-29 00:00:00+07:00,140.42803790118242,140.42803790118242,137.61947714315878,138.5556640625,10834400,0.0,0.0
2024-08-30 00:00:00+07:00,138.55568144337232,143.23661662727002,137.61949440659276,141.36424255371094,10678000,0.0,0.0
2024-09-02 00:00:00+07:00,141.36424255371094,142.30042959049047,140.42805551693138,141.36424255371094,4440300,0.0,0.0
2024-09-03 00:00:00+07:00,141.36422565639418,141.36422565639418,139.49185180664062,139.49185180664062,3046300,0.0,0.0
2024-09-04 00:00:00+07:00,139.49185180664062,141.36422565639418,137.61947795688707,139.49185180664062,3726300,0.0,0.0
2024-09-05 00:00:00+07:00,132.00235640762637,140.4280387315174,132.00235640762637,139.49185180664062,3766700,0.0,0.0
2024-09-06 00:00:00+07:00,140.4280387315174,140.4280387315174,138.55566488176385,139.49185180664062,2034900,0.0,0.0
2024-09-09 00:00:00+07:00,139.49185180664062,140.4280387315174,138.55566488176385,139.49185180664062,3739100,0.0,0.0
2024-09-10 00:00:00+07:00,139.49185180664062,141.36422565639418,139.49185180664062,139.49185180664062,4178700,0.0,0.0
2024-09-11 00:00:00+07:00,140.42803790118242,141.36422482052365,138.5556640625,138.5556640625,3695800,0.0,0.0
2024-09-12 00:00:00+07:00,139.4918526204427,140.42803955078125,138.55566569010415,140.42803955078125,1483600,0.0,0.0
2024-09-13 00:00:00+07:00,140.4280387315174,142.30041258127096,138.55566488176385,139.49185180664062,2432500,0.0,0.0
2024-09-17 00:00:00+07:00,139.49185098184122,140.42803790118242,137.61947714315878,138.5556640625,9583400,0.0,0.0
2024-09-18 00:00:00+07:00,139.49185098184122,140.42803790118242,137.61947714315878,138.5556640625,5389400,0.0,0.0
2024-09-19 00:00:00+07:00,138.5556640625,139.49185098184122,137.61947714315878,138.5556640625,4914600,0.0,0.0
2024-09-20 00:00:00+07:00,138.55567785811752,139.49186487067234,136.6833038330078,136.6833038330078,5259500,0.0,0.0
2024-09-23 00:00:00+07:00,137.61947714315878,139.49185098184122,136.68329022381758,138.5556640625,4496900,0.0,0.0
2024-09-24 00:00:00+07:00,138.55567859468007,141.36423964727493,137.61949157714844,137.61949157714844,8451500,0.0,0.0
2024-09-25 00:00:00+07:00,138.55566569010415,142.30041341145832,137.61947875976563,140.42803955078125,13641900,0.0,0.0
2024-09-26 00:00:00+07:00,140.4280387315174,141.36422565639418,138.55566488176385,139.49185180664062,3389400,0.0,0.0
2024-09-27 00:00:00+07:00,139.49185098184122,140.42803790118242,138.5556640625,138.5556640625,1409700,0.0,0.0
2024-09-30 00:00:00+07:00,139.49185180664062,141.36422565639418,138.55566488176385,139.49185180664062,6615200,0.0,0.0
2024-10-01 00:00:00+07:00,139.49185098184122,140.42803790118242,137.61947714315878,138.5556640625,3891000,0.0,0.0
2024-10-02 00:00:00+07:00,138.55568144337232,143.23661662727002,137.61949440659276,141.36424255371094,18689100,0.0,0.0
2024-10-03 00:00:00+07:00,141.36422565639418,142.30041258127096,138.55566488176385,139.49185180664062,10733000,0.0,0.0
2024-10-04 00:00:00+07:00,139.4918526204427,142.30041341145832,138.55566569010415,140.42803955078125,6374900,0.0,0.0
2024-10-07 00:00:00+07:00,141.36424255371094,143.23661662727002,139.49186848015185,141.36424255371094,15789200,0.0,0.0
2024-10-08 00:00:00+07:00,142.30041258127096,142.30041258127096,139.49185180664062,139.49185180664062,2488800,0.0,0.0
2024-10-09 00:00:00+07:00,140.4280387315174,142.30041258127096,138.55566488176385,139.49185180664062,11563900,0.0,0.0
2024-10-10 00:00:00+07:00,139.49185180664062,140.4280387315174,137.61947795688707,139.49185180664062,2620300,0.0,0.0
2024-10-11 00:00:00+07:00,139.49185180664062,140.4280387315174,137.61947795688707,139.49185180664062,3116800,0.0,0.0
2024-10-14 00:00:00+07:00,139.49185098184122,140.42803790118242,137.61947714315878,138.5556640625,4455500,0.0,0.0
2024-10-15 00:00:00+07:00,137.61949157714844,139.49186561221168,137.61949157714844,137.61949157714844,4555100,0.0,0.0
2024-10-16 00:00:00+07:00,138.5556640625,139.49185098184122,137.61947714315878,138.5556640625,2053600,0.0,0.0
2024-10-17 00:00:00+07:00,139.49185098184122,139.49185098184122,137.61947714315878,138.5556640625,4461600,0.0,0.0
2024-10-18 00:00:00+07:00,138.5556640625,139.49185098184122,137.61947714315878,138.5556640625,3594700,0.0,0.0
2024-10-21 00:00:00+07:00,139.49185098184122,139.49185098184122,137.61947714315878,138.5556640625,4258000,0.0,0.0
2024-10-22 00:00:00+07:00,138.55567859468007,139.49186561221168,137.61949157714844,137.61949157714844,3850400,0.0,0.0
2024-10-23 00:00:00+07:00,137.61947714315878,139.49185098184122,137.61947714315878,138.5556640625,5417900,0.0,0.0
2024-10-24 00:00:00+07:00,139.49186561221168,140.4280526297433,136.68330455961683,137.61949157714844,6931800,0.0,0.0
2024-10-25 00:00:00+07:00,137.61949010388605,138.55567711139548,135.7471160888672,135.7471160888672,7054400,0.0,0.0
2024-10-28 00:00:00+07:00,136.68330159220662,136.68330159220662,133.87474060058594,133.87474060058594,6359800,0.0,0.0
2024-10-29 00:00:00+07:00,133.87474207384832,140.42805112641432,133.87474207384832,135.7471160888672,9120700,0.0,0.0
2024-10-30 00:00:00+07:00,135.7471160888672,138.55567711139548,132.9385550663389,135.7471160888672,6968200,0.0,0.0
2024-10-31 00:00:00+07:00,135.7471160888672,137.61949010388605,132.9385550663389,135.7471160888672,5276900,0.0,0.0
2024-11-01 00:00:00+07:00,135.74711459499974,135.74711459499974,132.93855360337903,133.87474060058594,3701600,0.0,0.0
2024-11-04 00:00:00+07:00,134.8109268403389,134.8109268403389,132.00236586449853,132.9385528564453,3628200,0.0,0.0
2024-11-05 00:00:00+07:00,132.9385513305664,133.87473831176757,129.1938034057617,131.06617736816406,7511400,0.0,0.0
2024-11-06 00:00:00+07:00,132.0023690952974,132.0023690952974,125.44905999127556,127.3214340209961,6304400,0.0,0.0
2024-11-07 00:00:00+07:00,127.3214340209961,128.25762103585635,125.44905999127556,127.3214340209961,6211300,0.0,0.0
2024-11-08 00:00:00+07:00,127.32141546154699,135.74709736709053,125.44904170475952,132.00234985351562,10368900,0.0,0.0
2024-11-11 00:00:00+07:00,133.874735922709,140.42804467417028,126.38524020675324,128.2576141357422,7712600,0.0,0.0
2024-11-12 00:00:00+07:00,130.12999038696287,132.00236434936522,127.32142944335936,131.06617736816406,4590000,0.0,0.0
2024-11-13 00:00:00+07:00,131.06617659973583,132.00236357544824,128.25761567259863,130.12998962402344,2461500,0.0,0.0
2024-11-14 00:00:00+07:00,130.12998806473112,132.9385489582145,127.3214271712477,128.2576141357422,3960500,0.0,0.0
2024-11-15 00:00:00+07:00,128.25762029577186,131.0661813241464,124.5128722579391,126.38524627685547,3863300,0.0,0.0
2024-11-18 00:00:00+07:00,126.38524553669033,129.19380654861678,124.51287152873937,125.44905853271484,1924700,0.0,0.0
2024-11-19 00:00:00+07:00,121.7043053842809,129.19380110023664,121.7043053842809,128.2576141357422,2776000,0.0,0.0
2024-11-20 00:00:00+07:00,131.06617736816406,134.81092529296873,126.3852424621582,131.06617736816406,5473900,0.0,0.0
2024-11-21 00:00:00+07:00,131.06617582017097,132.93854976045913,128.25761490973875,129.1938018798828,2306200,0.0,0.0
2024-11-22 00:00:00+07:00,129.19380264831105,132.00236357544824,129.19380264831105,130.12998962402344,662300,0.0,0.0
2024-11-25 00:00:00+07:00,130.12999038696287,133.87473831176757,130.12999038696287,131.06617736816406,5501400,0.0,0.0
2024-11-26 00:00:00+07:00,131.06617736816406,133.87473831176757,130.12999038696287,131.06617736816406,1817800,0.0,0.0
2024-11-28 00:00:00+07:00,133.87473831176757,133.87473831176757,130.12999038696287,131.06617736816406,821000,0.0,0.0
2024-11-29 00:00:00+07:00,131.06617659973583,132.00236357544824,129.19380264831105,130.12998962402344,950400,0.0,0.0
2024-12-02 00:00:00+07:00,131.06617502922558,132.00236199372006,128.2576141357422,128.2576141357422,1374400,0.0,0.0
2024-12-03 00:00:00+07:00,128.25761490973875,131.06617582017097,127.32142793959466,129.1938018798828,1191500,0.0,0.0
2024-12-04 00:00:00+07:00,129.19380264831105,131.06617659973583,129.19380264831105,130.12998962402344,658800,0.0,0.0
2024-12-05 00:00:00+07:00,129.1938018798828,130.1299888500269,128.25761490973875,129.1938018798828,379300,0.0,0.0
2024-12-06 00:00:00+07:00,130.12998806473112,130.12998806473112,128.2576141357422,128.2576141357422,568500,0.0,0.0
2024-12-09 00:00:00+07:00,128.25761642456055,132.00236434936522,127.32142944335936,131.06617736816406,2022800,0.0,0.0
2024-12-10 00:00:00+07:00,130.12998962402344,131.06617659973583,128.25761567259863,130.12998962402344,1070400,0.0,0.0
2024-12-11 00:00:00+07:00,130.1299888500269,131.06617582017097,128.25761490973875,129.1938018798828,2538300,0.0,0.0
2024-12-12 00:00:00+07:00,129.19380110023664,131.06617502922558,128.2576141357422,128.2576141357422,1896000,0.0,0.0
2024-12-13 00:00:00+07:00,128.2576141357422,130.12998806473112,127.3214271712477,128.2576141357422,1310300,0.0,0.0
2024-12-16 00:00:00+07:00,128.25762029577186,129.19380730523002,125.44905926739729,126.38524627685547,2895800,0.0,0.0
2024-12-17 00:00:00+07:00,126.38524627685547,129.19380730523002,124.5128722579391,126.38524627685547,2092000,0.0,0.0
2024-12-18 00:00:00+07:00,126.38523453932542,126.38523453932542,121.70429992675781,121.70429992675781,3319800,0.0,0.0
2024-12-19 00:00:00+07:00,121.70429419118462,136.68328424548426,117.95954667760971,132.00234985351562,14461900,0.0,0.0
2024-12-20 00:00:00+07:00,132.9385513305664,133.87473831176757,126.3852424621582,131.06617736816406,3758700,0.0,0.0
2024-12-23 00:00:00+07:00,131.06618208043716,131.06618208043716,124.5128729764153,127.3214340209961,3071800,0.0,0.0
2024-12-24 00:00:00+07:00,127.32142869688624,132.93855055116063,124.51286776974905,130.12998962402344,5183000,0.0,0.0
2024-12-27 00:00:00+07:00,130.12997609672817,135.74709736709053,127.32141546154699,132.00234985351562,4780600,0.0,0.0
2024-12-30 00:00:00+07:00,128.25761490973875,132.00236279031506,128.25761490973875,129.1938018798828,1540400,0.0,0.0
2025-01-02 00:00:00+07:00,129.19380264831105,131.06617659973583,127.32142869688624,130.12998962402344,1011700,0.0,0.0
2025-01-03 00:00:00+07:00,130.12998962402344,131.06617659973583,128.25761567259863,130.12998962402344,529600,0.0,0.0
2025-01-06 00:00:00+07:00,130.1299888500269,131.06617582017097,127.32142793959466,129.1938018798828,737900,0.0,0.0
2025-01-07 00:00:00+07:00,129.19380110023664,129.19380110023664,127.3214271712477,128.2576141357422,1057000,0.0,0.0
2025-01-08 00:00:00+07:00,128.25762029577186,129.19380730523002,126.38524627685547,126.38524627685547,616600,0.0,0.0
2025-01-09 00:00:00+07:00,126.38524700613583,128.25762103585635,125.44905999127556,127.3214340209961,439700,0.0,0.0
2025-01-10 00:00:00+07:00,127.32143254066581,127.32143254066581,125.44905853271484,125.44905853271484,763200,0.0,0.0
2025-01-13 00:00:00+07:00,126.38524553669033,127.32143254066581,123.57668452476388,125.44905853271484,2758500,0.0,0.0
2025-01-14 00:00:00+07:00,125.44905474546144,132.00236357544824,125.44905474546144,130.12998962402344,2950000,0.0,0.0
2025-01-15 00:00:00+07:00,131.06617502922558,132.00236199372006,128.2576141357422,128.2576141357422,1041800,0.0,0.0
2025-01-16 00:00:00+07:00,128.25762103585635,131.06618208043716,127.3214340209961,127.3214340209961,1003800,0.0,0.0
2025-01-17 00:00:00+07:00,127.3214340209961,128.25762103585635,126.38524700613583,127.3214340209961,544200,0.0,0.0
2025-01-20 00:00:00+07:00,127.3214271712477,131.06617502922558,125.44905324225877,128.2576141357422,1323400,0.0,0.0
2025-01-21 00:00:00+07:00,128.2576141357422,128.2576141357422,126.38524020675324,128.2576141357422,1034300,0.0,0.0
2025-01-22 00:00:00+07:00,128.25762029577186,129.19380730523002,125.44905926739729,126.38524627685547,1275300,0.0,0.0
2025-01-23 00:00:00+07:00,126.38524627685547,127.32143328631366,124.5128722579391,126.38524627685547,1215100,0.0,0.0
2025-01-24 00:00:00+07:00,126.38524627685547,126.38524627685547,125.44905926739729,126.38524627685547,988200,0.0,0.0
2025-01-30 00:00:00+07:00,125.44905926739729,131.0661813241464,123.5766852484809,126.38524627685547,4165700,0.0,0.0
2025-01-31 00:00:00+07:00,126.38524627685547,127.32143328631366,125.44905926739729,126.38524627685547,483100,0.0,0.0
2025-02-03 00:00:00+07:00,126.38524627685547,127.32143328631366,124.5128722579391,126.38524627685547,1353000,0.0,0.0
2025-02-04 00:00:00+07:00,126.38524391281773,132.9385528564453,126.38524391281773,132.9385528564453,5967300,0.0,0.0
2025-02-05 00:00:00+07:00,133.87472361030308,133.87472361030308,130.12997609672817,132.00234985351562,3305700,0.0,0.0
2025-02-06 00:00:00+07:00,132.0023690952974,132.0023690952974,127.3214340209961,127.3214340209961,3172000,0.0,0.0
2025-02-07 00:00:00+07:00,127.3214271712477,145.1089794966426,126.38524020675324,128.2576141357422,38807000,0.0,0.0
2025-02-10 00:00:00+07:00,128.2576180082379,131.06617898652047,117.02337409510757,123.5766830444336,13669600,0.0,0.0
2025-02-11 00:00:00+07:00,123.57668316950563,129.19380513175588,107.66150427646323,114.21481323242188,14649800,0.0,0.0
2025-02-12 00:00:00+07:00,114.21480950783557,121.70430521326742,113.27862254465659,118.89574432373047,5132800,0.0,0.0
2025-02-13 00:00:00+07:00,118.8957427368164,119.8319296875,117.02336883544922,117.02336883544922,1722800,0.0,0.0
2025-02-14 00:00:00+07:00,117.95956036516728,125.44905626136838,117.95956036516728,122.64049530029297,2910700,0.0,0.0
2025-02-17 00:00:00+07:00,122.64050430642035,127.32143958529136,120.76813019487194,124.51287841796875,2725200,0.0,0.0
2025-02-18 00:00:00+07:00,124.51286927434325,127.32143023541865,122.64049530029297,122.64049530029297,2073800,0.0,0.0
2025-02-19 00:00:00+07:00,122.64049530029297,128.2576172224438,121.70430831326783,122.64049530029297,1858300,0.0,0.0
2025-02-20 00:00:00+07:00,123.5766830444336,125.44905702995531,122.64049605167274,123.5766830444336,1149200,0.0,0.0
2025-02-21 00:00:00+07:00,123.5766830444336,125.44905702995531,121.70430905891187,123.5766830444336,1577700,0.0,0.0
2025-02-24 00:00:00+07:00,124.51287152873937,128.2576195446413,122.6404975207884,125.44905853271484,6689700,0.0,0.0
2025-02-25 00:00:00+07:00,124.51287841796875,127.32143958529136,122.64050430642035,124.51287841796875,712300,0.0,0.0
2025-02-26 00:00:00+07:00,124.51286927434325,125.44905626136838,121.70430831326783,122.64049530029297,2359100,0.0,0.0
2025-02-27 00:00:00+07:00,124.51287152873937,132.00236756054323,123.57668452476388,125.44905853271484,7405200,0.0,0.0
2025-02-28 00:00:00+07:00,125.44905468844628,125.44905468844628,120.76811981201172,120.76811981201172,1615700,0.0,0.0
2025-03-03 00:00:00+07:00,121.70431051681291,125.44905853271484,121.70431051681291,125.44905853271484,1528600,0.0,0.0
2025-03-04 00:00:00+07:00,125.44905626136838,130.12999119649407,122.64049530029297,122.64049530029297,3205500,0.0,0.0
2025-03-05 00:00:00+07:00,123.5766830444336,125.44905702995531,122.64049605167274,123.5766830444336,537100,0.0,0.0
2025-03-06 00:00:00+07:00,123.5766830444336,125.44905702995531,122.64049605167274,123.5766830444336,801300,0.0,0.0
2025-03-07 00:00:00+07:00,123.57667377178485,124.51286069429838,119.83192608173077,121.70429992675781,2390600,0.0,0.0
2025-03-10 00:00:00+07:00,121.70430678729863,122.64049376258554,119.8319328367248,120.76811981201172,1624300,0.0,0.0
2025-03-11 00:00:00+07:00,120.76811825008843,122.64049217644639,117.02337039737252,118.89574432373047,1175100,0.0,0.0
2025-03-12 00:00:00+07:00,118.89574586143789,121.70430678729863,118.89574586143789,120.76811981201172,599000,0.0,0.0
2025-03-13 00:00:00+07:00,120.76811903715134,123.57667994499207,118.89574509859085,119.8319320678711,1338200,0.0,0.0
2025-03-14 00:00:00+07:00,119.8319320678711,120.76811903715134,118.89574509859085,119.8319320678711,372100,0.0,0.0
2025-03-17 00:00:00+07:00,119.83193128690945,125.44905306598334,117.95955736055149,118.89574432373047,4959800,0.0,0.0
2025-03-18 00:00:00+07:00,119.8319296875,120.76811663818359,115.15099493408202,117.02336883544922,2884400,0.0,0.0
2025-03-19 00:00:00+07:00,117.02336883544922,119.8319296875,116.08718188476561,117.02336883544922,1247400,0.0,0.0
2025-03-20 00:00:00+07:00,117.02337549693549,131.06618055656776,116.08718849296001,125.44905853271484,4039300,0.0,0.0
2025-03-21 00:00:00+07:00,125.44905468844628,125.44905468844628,119.8319328367248,120.76811981201172,632600,0.0,0.0
2025-03-24 00:00:00+07:00,120.76812526157924,120.76812526157924,117.02337719145275,117.95956420898438,1276700,0.0,0.0
2025-03-25 00:00:00+07:00,117.95955736055149,123.57667913962537,117.95955736055149,118.89574432373047,1243000,0.0,0.0
2025-03-26 00:00:00+07:00,118.89574735219242,127.32143023541865,118.89574735219242,122.64049530029297,3290800,0.0,0.0
2025-03-27 00:00:00+07:00,122.64049217644639,124.51286610280435,117.95955736055149,118.89574432373047,4789500,0.0,0.0
2025-04-08 00:00:00+07:00,117.95955497987808,118.89574192416283,113.27862025845435,116.0871810913086,3475300,0.0,0.0
2025-04-09 00:00:00+07:00,115.15099493408202,122.64049053955077,115.15099493408202,117.02336883544922,3679000,0.0,0.0
2025-04-10 00:00:00+07:00,119.8319320678711,126.3852408528328,118.89574509859085,119.8319320678711,5055800,0.0,0.0
2025-04-11 00:00:00+07:00,120.79832288953993,122.73109605577257,115.96638997395833,121.76470947265625,2622000,4.0,0.0
2025-04-14 00:00:00+07:00,120.79832288953993,123.69748263888889,120.79832288953993,121.76470947265625,1421700,0.0,0.0
2025-04-15 00:00:00+07:00,125.63025067943012,125.63025067943012,122.73109104836635,124.66386413574219,2290800,0.0,0.0
2025-04-16 00:00:00+07:00,126.59663722311804,128.5294103104939,124.66386413574219,124.66386413574219,3212300,0.0,0.0
2025-04-17 00:00:00+07:00,125.63025911947838,129.49580555392387,123.69748590225564,128.5294189453125,1749800,0.0,0.0
2025-04-21 00:00:00+07:00,128.5294189453125,131.42857877114662,126.59664572808975,128.5294189453125,1221900,0.0,0.0
2025-04-22 00:00:00+07:00,128.5294155544705,130.46218872070312,126.59664238823784,130.46218872070312,1850900,0.0,0.0
2025-04-23 00:00:00+07:00,131.42857029127038,137.22688956882644,128.52941065249237,133.36134338378906,4880200,0.0,0.0
2025-04-24 00:00:00+07:00,135.29411153590425,139.15965757978722,134.3277250249335,136.260498046875,5440700,0.0,0.0
2025-04-25 00:00:00+07:00,136.26050134013883,137.22688787446606,132.39495520282992,134.32772827148438,2699000,0.0,0.0
2025-04-28 00:00:00+07:00,132.39495683752972,134.3277299300484,131.42857029127038,133.36134338378906,7667100,0.0,0.0
2025-04-29 00:00:00+07:00,133.36134173715715,136.26050134013883,133.36134173715715,134.32772827148438,678800,0.0,0.0
2025-04-30 00:00:00+07:00,136.26050134013883,138.1932744087933,134.32772827148438,134.32772827148438,3254300,0.0,0.0
2025-05-02 00:00:00+07:00,134.3277299300484,136.2605030225671,132.39495683752972,133.36134338378906,1999000,0.0,0.0
2025-05-05 00:00:00+07:00,133.3613450544594,139.15966440465328,131.4285719377281,132.39495849609375,13178200,0.0,0.0
2025-05-06 00:00:00+07:00,133.36134011404855,138.1932727268764,131.4285670689174,135.2941131591797,7271100,0.0,0.0
2025-05-07 00:00:00+07:00,135.2941148058116,136.26050134013883,133.36134173715715,134.32772827148438,2891100,0.0,0.0
2025-05-08 00:00:00+07:00,136.26050134013883,136.26050134013883,133.36134173715715,134.32772827148438,2051500,0.0,0.0
2025-05-09 00:00:00+07:00,135.2941148058116,136.26050134013883,132.39495520282992,134.32772827148438,1588800,0.0,0.0
2025-05-14 00:00:00+07:00,134.3277250249335,143.02520362367022,134.3277250249335,136.260498046875,8582900,0.0,0.0
2025-05-15 00:00:00+07:00,137.22688455784575,139.15965757978722,135.29411153590425,136.260498046875,1856200,0.0,0.0
2025-05-16 00:00:00+07:00,136.26050134013883,137.22688787446606,133.36134173715715,134.32772827148438,1101300,0.0,0.0
2025-05-19 00:00:00+07:00,134.3277299300484,135.29411647630775,129.4957971987517,133.36134338378906,10923500,0.0,0.0
2025-05-20 00:00:00+07:00,133.3613467496984,134.32773332034841,129.49580046709846,131.42857360839844,5329300,0.0,0.0
2025-05-21 00:00:00+07:00,132.39496188693576,132.39496188693576,130.46218872070312,130.46218872070312,2295100,0.0,0.0
2025-05-22 00:00:00+07:00,130.46218703774846,131.42857360839844,129.49580046709846,131.42857360839844,587400,0.0,0.0
2025-05-23 00:00:00+07:00,131.4285719377281,132.39495849609375,130.46218537936247,132.39495849609375,877600,0.0,0.0
2025-05-26 00:00:00+07:00,132.39496362031394,132.39496362031394,129.4958038330078,129.4958038330078,1922200,0.0,0.0
2025-05-27 00:00:00+07:00,129.4958038330078,131.42857702454523,129.4958038330078,129.4958038330078,520400,0.0,0.0
2025-05-28 00:00:00+07:00,129.49580555392387,131.42857877114662,128.5294189453125,128.5294189453125,1468600,0.0,0.0
2025-06-02 00:00:00+07:00,128.5294138964485,132.39496017904844,128.5294138964485,131.42857360839844,2221800,0.0,0.0
2025-06-03 00:00:00+07:00,131.42857360839844,132.39496017904844,129.49580046709846,131.42857360839844,800200,0.0,0.0
2025-06-04 00:00:00+07:00,131.42857360839844,131.42857360839844,130.46218703774846,131.42857360839844,389800,0.0,0.0
2025-06-05 00:00:00+07:00,131.42857442375356,131.42857442375356,120.79832208065585,126.59664154052734,8788500,0.0,0.0
2025-06-10 00:00:00+07:00,127.56302897135416,132.39496188693576,126.59664238823784,130.46218872070312,5795800,0.0,0.0
2025-06-11 00:00:00+07:00,130.46219042877652,130.46219042877652,124.66387085416423,129.4958038330078,4890300,0.0,0.0
2025-06-12 00:00:00+07:00,129.49580555392387,129.49580555392387,119.83193946781014,128.5294189453125,12555400,0.0,0.0
2025-06-13 00:00:00+07:00,128.5294189453125,136.26051181420348,126.59664572808975,128.5294189453125,13177300,0.0,0.0
2025-06-16 00:00:00+07:00,130.46219032127541,139.1596696760271,129.495803726303,138.1932830810547,30089400,0.0,0.0
2025-06-17 00:00:00+07:00,139.1596609431205,141.09243401177497,130.4621821341755,134.32772827148438,26743300,0.0,0.0
2025-06-18 00:00:00+07:00,137.22689303229836,140.12605274424834,130.46218703774846,131.42857360839844,16290300,0.0,0.0
2025-06-19 00:00:00+07:00,132.39496362031394,135.2941234076201,129.4958038330078,129.4958038330078,9408400,0.0,0.0
2025-06-20 00:00:00+07:00,129.4958021375868,134.3277350531684,128.5294155544705,130.46218872070312,3808900,0.0,0.0
2025-06-23 00:00:00+07:00,132.39496351122023,139.1596696760271,132.39496351122023,138.1932830810547,16994800,0.0,0.0
2025-06-24 00:00:00+07:00,137.22689659915753,138.19328319492624,128.5294172372391,129.4958038330078,18429300,0.0,0.0
2025-06-25 00:00:00+07:00,129.4958012704631,130.46218784710834,125.6302549638821,126.59664154052734,6263600,0.0,0.0
2025-06-26 00:00:00+07:00,125.6302490234375,130.4621816781851,124.66386249248798,125.6302490234375,4111300,0.0,0.0
2025-06-30 00:00:00+07:00,126.59663986437248,129.49579955592299,125.63025330052231,127.56302642822266,1483000,0.0,0.0
2025-07-01 00:00:00+07:00,128.52941299207282,129.49579955592299,124.66386673667213,127.56302642822266,2154700,0.0,0.0
2025-07-02 00:00:00+07:00,127.56302208533654,128.52940861628605,125.6302490234375,125.6302490234375,2068400,0.0,0.0
2025-07-03 00:00:00+07:00,125.63025330052231,128.52941299207282,125.63025330052231,127.56302642822266,1237100,0.0,0.0
2025-07-04 00:00:00+07:00,127.56302376680597,127.56302376680597,123.69747759205427,124.66386413574219,2474900,0.0,0.0
2025-07-07 00:00:00+07:00,124.66386580467224,125.63025236129761,121.76470613479614,123.69747924804688,4641100,0.0,0.0
2025-07-08 00:00:00+07:00,122.73109436035156,124.66386749988465,121.764707790585,122.73109436035156,1288700,0.0,0.0
2025-07-09 00:00:00+07:00,122.73108943058894,125.6302490234375,122.73108943058894,125.6302490234375,1441200,0.0,0.0
2025-07-10 00:00:00+07:00,125.63025911947838,128.5294189453125,118.86555285919877,128.5294189453125,5695400,0.0,0.0
2025-07-11 00:00:00+07:00,128.52941299207282,128.52941299207282,125.63025330052231,127.56302642822266,1532700,0.0,0.0
2025-07-14 00:00:00+07:00,127.56302208533654,128.52940861628605,124.66386249248798,125.6302490234375,1117000,0.0,0.0
2025-07-15 00:00:00+07:00,125.6302490234375,127.56302208533654,124.66386249248798,125.6302490234375,1722500,0.0,0.0
2025-07-16 00:00:00+07:00,127.56302811717258,127.56302811717258,125.6302549638821,126.59664154052734,681300,0.0,0.0
2025-07-17 00:00:00+07:00,126.59663722311804,127.56302376680597,124.66386413574219,124.66386413574219,1112100,0.0,0.0
2025-07-18 00:00:00+07:00,125.6302490234375,127.56302208533654,124.66386249248798,125.6302490234375,1777600,0.0,0.0
2025-07-21 00:00:00+07:00,125.63025067943012,126.59663722311804,124.66386413574219,124.66386413574219,1610200,0.0,0.0
2025-07-22 00:00:00+07:00,124.66386580467224,125.63025236129761,123.69747924804688,123.69747924804688,3087100,0.0,0.0
2025-07-23 00:00:00+07:00,124.66386673667213,128.52941299207282,122.7310936089718,127.56302642822266,5854000,0.0,0.0
2025-07-24 00:00:00+07:00,127.56302376680597,128.5294103104939,123.69747759205427,124.66386413574219,3890200,0.0,0.0
2025-07-25 00:00:00+07:00,126.59664154052734,126.59664154052734,124.66386838723685,126.59664154052734,929800,0.0,0.0
2025-07-28 00:00:00+07:00,126.59663722311804,127.56302376680597,124.66386413574219,124.66386413574219,5558100,0.0,0.0
2025-07-29 00:00:00+07:00,126.59663555438702,131.42856820913462,124.66386249248798,125.6302490234375,8252000,0.0,0.0
2025-07-30 00:00:00+07:00,125.6302490234375,127.56302208533654,124.66386249248798,125.6302490234375,860400,0.0,0.0
2025-07-31 00:00:00+07:00,125.63025236129761,126.59663891792297,120.79831957817078,123.69747924804688,10836400,0.0,0.0
2025-08-01 00:00:00+07:00,124.66386580467224,125.63025236129761,123.69747924804688,123.69747924804688,2269500,0.0,0.0
2025-08-04 00:00:00+07:00,124.66386749988465,124.66386749988465,120.79832122081847,122.73109436035156,6426500,0.0,0.0
2025-08-05 00:00:00+07:00,123.6974809301181,123.6974809301181,121.764707790585,122.73109436035156,2928700,0.0,0.0
2025-08-06 00:00:00+07:00,122.73109436035156,123.6974809301181,121.764707790585,122.73109436035156,1135400,0.0,0.0
2025-08-07 00:00:00+07:00,122.73109436035156,123.6974809301181,121.764707790585,122.73109436035156,1248500,0.0,0.0
2025-08-08 00:00:00+07:00,123.6974809301181,123.6974809301181,121.764707790585,122.73109436035156,1657300,0.0,0.0
2025-08-11 00:00:00+07:00,123.6974809301181,123.6974809301181,121.764707790585,122.73109436035156,1432300,0.0,0.0
2025-08-12 00:00:00+07:00,123.6974809301181,123.6974809301181,120.79832122081847,122.73109436035156,6332200,0.0,0.0
2025-08-13 00:00:00+07:00,122.73109436035156,124.66386749988465,121.764707790585,122.73109436035156,2878300,0.0,0.0
2025-08-14 00:00:00+07:00,123.69747596153846,128.52940861628605,123.69747596153846,125.6302490234375,11977800,0.0,0.0
2025-08-15 00:00:00+07:00,125.6302549638821,129.4958012704631,125.6302549638821,126.59664154052734,8794800,0.0,0.0
2025-08-19 00:00:00+07:00,126.59663445608957,135.2941131591797,126.59663445608957,135.2941131591797,23388500,0.0,0.0
2025-08-20 00:00:00+07:00,136.26049968174527,138.1932727268764,133.36134011404855,135.2941131591797,13147600,0.0,0.0
2025-08-21 00:00:00+07:00,134.32773161282503,135.2941181711907,131.4285719377281,132.39495849609375,3281500,0.0,0.0
2025-08-22 00:00:00+07:00,132.39495849609375,135.2941181711907,131.4285719377281,132.39495849609375,6011400,0.0,0.0
2025-08-25 00:00:00+07:00,132.39495683752972,134.3277299300484,131.42857029127038,133.36134338378906,2480000,0.0,0.0
2025-08-26 00:00:00+07:00,134.32773161282503,135.2941181711907,131.4285719377281,132.39495849609375,4176400,0.0,0.0
2025-08-27 00:00:00+07:00,132.39496017904844,133.3613467496984,130.46218703774846,131.42857360839844,2642200,0.0,0.0
2025-08-28 00:00:00+07:00,131.42857360839844,132.39496017904844,129.49580046709846,131.42857360839844,3910900,0.0,0.0
2025-08-29 00:00:00+07:00,133.3613450544594,141.09243752138457,130.46218537936247,132.39495849609375,24431300,0.0,0.0
2025-09-01 00:00:00+07:00,130.46218784710834,130.46218784710834,121.7647086573011,126.59664154052734,9513700,0.0,0.0
2025-09-02 00:00:00+07:00,126.59664404570167,131.42857702454523,126.59664404570167,129.4958038330078,3898800,0.0,0.0
2025-09-03 00:00:00+07:00,130.46219042877652,136.26051000338882,129.4958038330078,129.4958038330078,11671200,0.0,0.0
2025-09-04 00:00:00+07:00,130.46218374501103,135.29411647630775,130.46218374501103,133.36134338378906,2843800,0.0,0.0
2025-09-08 00:00:00+07:00,135.2941181711907,135.2941181711907,131.4285719377281,132.39495849609375,4707000,0.0,0.0
2025-09-09 00:00:00+07:00,132.39496188693576,134.3277350531684,129.4958021375868,130.46218872070312,3431600,0.0,0.0
2025-09-10 00:00:00+07:00,130.46218703774846,132.39496017904844,129.49580046709846,131.42857360839844,3144500,0.0,0.0
2025-09-11 00:00:00+07:00,133.36134338378906,133.36134338378906,130.46218374501103,133.36134338378906,1906400,0.0,0.0
2025-09-12 00:00:00+07:00,133.3613450544594,134.32773161282503,131.4285719377281,132.39495849609375,4883000,0.0,0.0
2025-09-15 00:00:00+07:00,133.36134173715715,137.22688787446606,132.39495520282992,134.32772827148438,9991000,0.0,0.0
2025-09-16 00:00:00+07:00,135.2941181711907,136.26050472955635,131.4285719377281,132.39495849609375,6886700,0.0,0.0
2025-09-17 00:00:00+07:00,132.39496188693576,133.3613484700521,124.6638692220052,130.46218872070312,6295100,0.0,0.0
2025-09-18 00:00:00+07:00,131.42857360839844,132.39496017904844,130.46218703774846,131.42857360839844,3049000,0.0,0.0
2025-09-19 00:00:00+07:00,131.42857530381943,132.39496188693576,129.4958021375868,130.46218872070312,3431200,0.0,0.0
2025-09-22 00:00:00+07:00,130.46219042877652,131.42857702454523,127.56303064147038,129.4958038330078,2463400,0.0,0.0
2025-09-23 00:00:00+07:00,130.46218872070312,131.42857530381943,129.4958021375868,130.46218872070312,1503900,0.0,0.0
2025-09-24 00:00:00+07:00,131.42857877114662,131.42857877114662,128.5294189453125,128.5294189453125,4517000,0.0,0.0
2025-09-25 00:00:00+07:00,129.49580555392387,130.46219216253525,127.56303233670113,128.5294189453125,1615000,0.0,0.0
2025-09-26 00:00:00+07:00,127.56302570426551,132.39495849609375,127.56302570426551,132.39495849609375,3379200,0.0,0.0
2025-09-29 00:00:00+07:00,132.39496188693576,132.39496188693576,127.56302897135416,130.46218872070312,6129500,0.0,0.0
2025-09-30 00:00:00+07:00,128.52941469381784,129.4958012704631,124.66386838723685,126.59664154052734,9784500,0.0,0.0
2025-10-01 00:00:00+07:00,126.59664154052734,128.52941469381784,125.6302549638821,126.59664154052734,2991300,0.0,0.0
2025-10-02 00:00:00+07:00,125.63025330052231,128.52941299207282,124.66386673667213,127.56302642822266,2515000,0.0,0.0
2025-10-03 00:00:00+07:00,125.6302490234375,127.56302208533654,124.66386249248798,125.6302490234375,3672500,0.0,0.0
2025-10-06 00:00:00+07:00,125.6302490234375,126.59663555438702,124.66386249248798,125.6302490234375,2212000,0.0,0.0
2025-10-07 00:00:00+07:00,125.6302490234375,126.59663555438702,123.69747596153846,125.6302490234375,3471800,0.0,0.0
2025-10-08 00:00:00+07:00,125.6302540696512,126.59664063941774,122.73109436035156,122.73109436035156,2757000,0.0,0.0
2025-10-09 00:00:00+07:00,124.66386673667213,132.3949592474735,123.69748017282197,127.56302642822266,9818000,0.0,0.0
2025-10-10 00:00:00+07:00,126.59664154052734,128.52941469381784,124.66386838723685,126.59664154052734,2428900,0.0,0.0
2025-10-13 00:00:00+07:00,125.6302549638821,129.4958012704631,123.6974818105916,126.59664154052734,7867900,0.0,0.0
2025-10-14 00:00:00+07:00,127.56302208533654,131.42856820913462,123.69747596153846,125.6302490234375,5278900,0.0,0.0
2025-10-15 00:00:00+07:00,127.56302376680597,127.56302376680597,122.73109104836635,124.66386413574219,2311300,0.0,0.0
2025-10-16 00:00:00+07:00,124.66386249248798,126.59663555438702,123.69747596153846,125.6302490234375,975800,0.0,0.0
2025-10-17 00:00:00+07:00,124.66386580467224,125.63025236129761,122.73109269142151,123.69747924804688,2111700,0.0,0.0
2025-10-20 00:00:00+07:00,123.69747924804688,125.63025236129761,122.73109269142151,123.69747924804688,3463900,0.0,0.0
2025-10-21 00:00:00+07:00,123.69747759205427,125.63025067943012,122.73109104836635,124.66386413574219,5204600,0.0,0.0
2025-10-22 00:00:00+07:00,124.66386413574219,128.5294103104939,123.69747759205427,124.66386413574219,6460500,0.0,0.0
2025-10-23 00:00:00+07:00,125.6302549638821,127.56302811717258,124.66386838723685,126.59664154052734,3109200,0.0,0.0
2025-10-24 00:00:00+07:00,126.59664154052734,127.56302811717258,124.66386838723685,126.59664154052734,2214300,0.0,0.0
2025-10-27 00:00:00+07:00,126.59663722311804,127.56302376680597,123.69747759205427,124.66386413574219,4057400,0.0,0.0
2025-10-28 00:00:00+07:00,123.69747596153846,126.59663555438702,123.69747596153846,125.6302490234375,2433400,0.0,0.0
2025-10-29 00:00:00+07:00,125.6302549638821,126.59664154052734,124.66386838723685,126.59664154052734,2397000,0.0,0.0
2025-10-30 00:00:00+07:00,126.59663555438702,126.59663555438702,124.66386249248798,125.6302490234375,2263500,0.0,0.0
2025-10-31 00:00:00+07:00,125.6302490234375,126.59663555438702,124.66386249248798,125.6302490234375,560200,0.0,0.0
2025-11-03 00:00:00+07:00,124.66386413574219,126.59663722311804,123.69747759205427,124.66386413574219,2225600,0.0,0.0
2025-11-04 00:00:00+07:00,124.66386838723685,126.59664154052734,123.6974818105916,126.59664154052734,4488000,0.0,0.0
2025-11-05 00:00:00+07:00,126.59663555438702,126.59663555438702,124.66386249248798,125.6302490234375,1238700,0.0,0.0
2025-11-06 00:00:00+07:00,124.66386249248798,125.6302490234375,122.73108943058894,125.6302490234375,2184700,0.0,0.0
2025-11-07 00:00:00+07:00,125.63025236129761,125.63025236129761,123.69747924804688,123.69747924804688,1578700,0.0,0.0
2025-11-10 00:00:00+07:00,124.66386413574219,125.63025067943012,124.66386413574219,124.66386413574219,5523700,0.0,0.0
2025-11-11 00:00:00+07:00,125.6302490234375,126.59663555438702,124.66386249248798,125.6302490234375,2857400,0.0,0.0
2025-11-12 00:00:00+07:00,125.6302490234375,126.59663555438702,123.69747596153846,125.6302490234375,7061300,0.0,0.0
2025-11-13 00:00:00+07:00,125.63025067943012,125.63025067943012,123.69747759205427,124.66386413574219,1864300,0.0,0.0
2025-11-14 00:00:00+07:00,124.66386413574219,125.63025067943012,123.69747759205427,124.66386413574219,1897100,0.0,0.0
2025-11-17 00:00:00+07:00,125.6302490234375,125.6302490234375,123.69747596153846,125.6302490234375,1152500,0.0,0.0
2025-11-18 00:00:00+07:00,125.63025580512152,131.42857530381943,123.69748263888889,130.46218872070312,7053700,0.0,0.0
2025-11-19 00:00:00+07:00,131.42857360839844,136.2605064616484,128.5294138964485,131.42857360839844,42013900,0.0,0.0
2025-11-20 00:00:00+07:00,131.42857702454523,133.36135021608266,128.5294172372391,129.4958038330078,12571100,0.0,0.0
2025-11-21 00:00:00+07:00,127.56302811717258,129.4958012704631,126.59664154052734,126.59664154052734,5497600,0.0,0.0
2025-11-24 00:00:00+07:00,126.59663555438702,127.56302208533654,124.66386249248798,125.6302490234375,8656300,0.0,0.0
2025-11-25 00:00:00+07:00,125.63025067943012,127.56302376680597,123.69747759205427,124.66386413574219,16397900,0.0,0.0
2025-11-26 00:00:00+07:00,124.66386580467224,126.59663891792297,123.69747924804688,123.69747924804688,4369100,0.0,0.0
2025-11-27 00:00:00+07:00,124.66386413574219,125.63025067943012,123.69747759205427,124.66386413574219,1525800,0.0,0.0
2025-11-28 00:00:00+07:00,125.63025067943012,125.63025067943012,123.69747759205427,124.66386413574219,1892200,0.0,0.0
2025-12-01 00:00:00+07:00,124.66386413574219,125.63025067943012,123.69747759205427,124.66386413574219,1735900,0.0,0.0
2025-12-02 00:00:00+07:00,125.63025330052231,130.46218611977318,124.66386673667213,127.56302642822266,8102500,0.0,0.0
2025-12-03 00:00:00+07:00,128.5294172372391,144.95798936530724,126.59664404570167,129.4958038330078,81521900,0.0,0.0
2025-12-04 00:00:00+07:00,129.4958012704631,130.46218784710834,126.59664154052734,126.59664154052734,12087600,0.0,0.0
2025-12-05 00:00:00+07:00,127.56303064147038,138.19328319492624,127.56303064147038,129.4958038330078,62426500,0.0,0.0
2025-12-08 00:00:00+07:00,132.39495683752972,135.29411647630775,131.42857029127038,133.36134338378906,17965800,0.0,0.0
2025-12-09 00:00:00+07:00,133.3613467496984,136.2605064616484,130.46218703774846,131.42857360839844,19201700,0.0,0.0
2025-12-10 00:00:00+07:00,131.42857702454523,133.36135021608266,128.5294172372391,129.4958038330078,4666500,0.0,0.0
2025-12-11 00:00:00+07:00,129.49579955592299,130.46218611977318,126.59663986437248,127.56302642822266,7443900,0.0,0.0
2025-12-12 00:00:00+07:00,127.56302811717258,128.52941469381784,126.59664154052734,126.59664154052734,3292400,0.0,0.0
2025-12-15 00:00:00+07:00,125.63025330052231,128.52941299207282,125.63025330052231,127.56302642822266,2755500,0.0,0.0
2025-12-16 00:00:00+07:00,128.5294172372391,134.3277368118514,126.59664404570167,129.4958038330078,24170700,0.0,0.0
2025-12-17 00:00:00+07:00,129.4958038330078,132.39496362031394,129.4958038330078,129.4958038330078,7150700,0.0,0.0
2025-12-18 00:00:00+07:00,131.4285719377281,146.89075687157847,129.4957988209968,132.39495849609375,210018400,0.0,0.0
2025-12-19 00:00:00+07:00,132.3949592474735,133.36134581132367,125.63025330052231,127.56302642822266,42199000,0.0,0.0
2025-12-22 00:00:00+07:00,127.56302811717258,129.4958012704631,126.59664154052734,126.59664154052734,15821300,0.0,0.0
2025-12-23 00:00:00+07:00,126.59663555438702,127.56302208533654,125.6302490234375,125.6302490234375,7947300,0.0,0.0
2025-12-24 00:00:00+07:00,125.6302549638821,130.46218784710834,124.66386838723685,126.59664154052734,18713500,0.0,0.0
2025-12-29 00:00:00+07:00,127.56302732579849,136.2605064616484,127.56302732579849,131.42857360839844,34079300,0.0,0.0
2025-12-30 00:00:00+07:00,131.42857702454523,133.36135021608266,129.4958038330078,129.4958038330078,12395200,0.0,0.0
2026-01-02 00:00:00+07:00,131.4285724919017,162.3529424899962,130.4621859294612,158.48739624023438,366793300,0.0,0.0
2026-01-05 00:00:00+07:00,159.45377574247473,197.14285000887784,158.48738922282337,180.7142791748047,494598400,0.0,0.0
2026-01-06 00:00:00+07:00,182.6470586842504,182.6470586842504,164.28571416043687,168.15126037597656,136408900,0.0,0.0
2026-01-07 00:00:00+07:00,168.1512583537274,170.08403143825302,159.4537794733622,160.420166015625,82194500,0.0,0.0
2026-01-08 00:00:00+07:00,160.4201643709651,165.25209703274115,150.756299047413,161.3865509033203,122793000,0.0,0.0
2026-01-09 00:00:00+07:00,162.3529424899962,176.848740926603,157.52100967779393,158.48739624023438,181324800,0.0,0.0
2026-01-12 00:00:00+07:00,157.52101135253906,165.25210393425877,153.6554650616792,157.52101135253906,91167300,0.0,0.0
2026-01-13 00:00:00+07:00,158.48739624023438,164.2857156148771,157.52100967779393,158.48739624023438,30664700,0.0,0.0
2026-01-14 00:00:00+07:00,162.35294596354166,165.25210571289062,157.52101304796005,165.25210571289062,68501900,0.0,0.0
2026-01-15 00:00:00+07:00,166.2184802173863,166.2184802173863,160.4201611400356,163.31932067871094,40649400,0.0,0.0
2026-01-19 00:00:00+07:00,163.31933078882884,163.31933078882884,156.55462477982408,157.52101135253906,26075400,0.0,0.0
2026-01-20 00:00:00+07:00,157.52100477389948,163.31932396803074,156.55461824154426,161.3865509033203,41665000,0.0,0.0
2026-01-21 00:00:00+07:00,161.3865629196167,161.3865629196167,154.62185668945312,154.62185668945312,33203800,0.0,0.0
2026-01-22 00:00:00+07:00,155.58824329376222,159.45378971099854,152.68908348083497,154.62185668945312,30713300,0.0,0.0
2026-01-23 00:00:00+07:00,156.55462292086693,156.55462292086693,139.15966481854838,149.7899169921875,42730200,0.0,0.0
2026-01-26 00:00:00+07:00,148.82352335611978,151.72268290201822,144.95797729492188,144.95797729492188,22232400,0.0,0.0
2026-01-27 00:00:00+07:00,144.957990835834,150.7563104692674,139.15967120240066,145.92437744140625,37084400,0.0,0.0
2026-01-28 00:00:00+07:00,143.02521063811588,143.99159719648154,131.4285719377281,132.39495849609375,43379400,0.0,0.0
2026-01-29 00:00:00+07:00,135.2941198909984,138.19327960294837,113.06722876604866,131.42857360839844,77747400,0.0,0.0
2026-01-30 00:00:00+07:00,132.39496188693576,136.26050821940103,126.59664238823784,130.46218872070312,17984300,0.0,0.0
2026-02-02 00:00:00+07:00,130.46218514442444,131.4285717010498,121.76470613479614,123.69747924804688,19086500,0.0,0.0
2026-02-03 00:00:00+07:00,123.69747792119566,134.3277299300484,123.69747792119566,133.36134338378906,17434400,0.0,0.0
2026-02-04 00:00:00+07:00,135.2941181711907,137.226891287922,129.4957988209968,132.39495849609375,15562700,0.0,0.0
2026-02-05 00:00:00+07:00,134.3277350531684,134.3277350531684,129.4958021375868,130.46218872070312,8078600,0.0,0.0
2026-02-06 00:00:00+07:00,129.49579514723558,130.4621816781851,124.66386249248798,125.6302490234375,9590100,0.0,0.0
2026-02-09 00:00:00+07:00,126.59663555438702,127.56302208533654,123.69747596153846,125.6302490234375,12703900,0.0,0.0
2026-02-10 00:00:00+07:00,125.63025258753422,132.39495849609375,125.63025258753422,132.39495849609375,13730100,0.0,0.0
2026-02-11 00:00:00+07:00,132.39495520282992,135.2941148058116,130.4621821341755,134.32772827148438,22921700,0.0,0.0
2026-02-12 00:00:00+07:00,135.2941131591797,142.05881881713867,132.394953591483,135.2941131591797,42930100,0.0,0.0
2026-02-13 00:00:00+07:00,136.26050134013883,139.1596609431205,133.36134173715715,134.32772827148438,13802100,0.0,0.0
2026-02-18 00:00:00+07:00,134.3277350531684,142.05882771809897,134.3277350531684,139.15966796875,27648000,0.0,0.0
2026-02-19 00:00:00+07:00,142.05882263183594,148.8235284714472,139.15966298628828,142.05882263183594,55715100,0.0,0.0
2026-02-20 00:00:00+07:00,141.09243060172872,142.05881711269947,134.3277250249335,136.260498046875,17518400,0.0,0.0
2026-02-23 00:00:00+07:00,138.1932780644665,144.95798398370613,136.26050494468376,141.09243774414062,30033900,0.0,0.0
2026-02-24 00:00:00+07:00,143.99159186226981,143.99159186226981,135.2941131591797,135.2941131591797,16417500,0.0,0.0
2026-02-25 00:00:00+07:00,135.2941131591797,137.22688620431083,133.36134011404855,135.2941131591797,6527100,0.0,0.0
2026-02-26 00:00:00+07:00,135.29411647630775,138.19327611508578,131.42857029127038,133.36134338378906,11282900,0.0,0.0
2026-02-27 00:00:00+07:00,133.36134338378906,135.29411647630775,130.46218374501103,133.36134338378906,6901100,0.0,0.0
2026-03-02 00:00:00+07:00,128.5294075012207,138.1932727268764,127.56302097865513,135.2941131591797,35343800,0.0,0.0
2026-03-03 00:00:00+07:00,135.29412329613746,143.02521605591673,133.36135010619265,138.1932830810547,51913900,0.0,0.0
2026-03-04 00:00:00+07:00,138.19328503142623,138.19328503142623,126.59664572808975,128.5294189453125,45823200,0.0,0.0
2026-03-05 00:00:00+07:00,129.49579955592299,133.36134581132367,126.59663986437248,127.56302642822266,8310800,0.0,0.0
2026-03-06 00:00:00+07:00,127.56302811717258,127.56302811717258,124.66386838723685,126.59664154052734,10229400,0.0,0.0
2026-03-09 00:00:00+07:00,126.5966361694336,126.5966361694336,120.7983169555664,120.7983169555664,17271000,0.0,0.0
2026-03-10 00:00:00+07:00,120.7983163686899,125.6302490234375,120.7983163686899,125.6302490234375,9449400,0.0,0.0
2026-03-11 00:00:00+07:00,126.59663891792297,127.56302547454834,123.69747924804688,123.69747924804688,9469500,0.0,0.0
2026-03-12 00:00:00+07:00,123.69748263888889,124.6638692220052,121.76470947265625,121.76470947265625,7439200,0.0,0.0
2026-03-13 00:00:00+07:00,121.76470516573998,122.73109171467443,118.86554551893666,119.8319320678711,10509400,0.0,0.0
2026-03-16 00:00:00+07:00,119.83193544481621,119.83193544481621,116.9327757163126,117.89916229248047,7067400,0.0,0.0
2026-03-17 00:00:00+07:00,118.86554388427734,126.5966361694336,117.89915734863281,120.7983169555664,13158300,0.0,0.0
2026-03-25 00:00:00+07:00,120.7983169555664,122.73109002685547,117.89915734863281,120.7983169555664,8588000,0.0,0.0
2026-03-26 00:00:00+07:00,120.79832122081847,124.66386749988465,118.86554808128537,122.73109436035156,9038000,0.0,0.0
2026-03-27 00:00:00+07:00,121.76470516573998,125.63025136147776,118.86554551893666,119.8319320678711,6255900,0.0,0.0
2026-03-30 00:00:00+07:00,119.83193041992187,126.5966361694336,118.86554388427734,120.7983169555664,8277500,0.0,0.0
2026-03-31 00:00:00+07:00,120.7983169555664,122.73109002685547,119.83193041992187,120.7983169555664,2235100,0.0,0.0
2026-04-01 00:00:00+07:00,120.79832288953993,123.69748263888889,120.79832288953993,121.76470947265625,3960700,0.0,0.0
2026-04-02 00:00:00+07:00,122.73109171467443,123.69747826360887,119.8319320678711,119.8319320678711,2876700,0.0,0.0
2026-04-06 00:00:00+07:00,119.83193041992187,123.6974765625,119.83193041992187,120.7983169555664,7383300,0.0,0.0
2026-04-07 00:00:00+07:00,120.79831861680555,122.73109171467443,118.86554551893666,119.8319320678711,5008200,0.0,0.0
2026-04-08 00:00:00+07:00,120.79832288953993,123.69748263888889,120.79832288953993,121.76470947265625,6388500,0.0,0.0
2026-04-09 00:00:00+07:00,122.73109605577257,122.73109605577257,120.79832288953993,121.76470947265625,3870800,0.0,0.0
2026-04-10 00:00:00+07:00,121.76470947265625,126.59664238823784,118.86554972330728,121.76470947265625,16811000,0.0,0.0
2026-04-13 00:00:00+07:00,121.76470349121094,122.73109002685547,120.7983169555664,120.7983169555664,4789400,0.0,0.0
2026-04-14 00:00:00+07:00,120.79832122081847,124.66386749988465,120.79832122081847,122.73109436035156,19314400,0.0,0.0
2026-04-15 00:00:00+07:00,124.66386749988465,125.6302540696512,122.73109436035156,122.73109436035156,7301700,0.0,0.0
2026-04-16 00:00:00+07:00,123.69747792119566,136.2605030225671,122.73109137493631,133.36134338378906,40856500,0.0,0.0
2026-04-17 00:00:00+07:00,134.32772780198317,134.32772780198317,125.6302490234375,125.6302490234375,21310700,0.0,0.0
2026-04-20 00:00:00+07:00,126.59664238823784,126.59664238823784,120.79832288953993,121.76470947265625,14459100,0.0,0.0
2026-04-21 00:00:00+07:00,122.73109436035156,126.59664063941774,120.79832122081847,122.73109436035156,10340500,0.0,0.0
2026-04-22 00:00:00+07:00,123.69748017282197,129.49579955592299,122.7310936089718,127.56302642822266,10584700,0.0,0.0
2026-04-23 00:00:00+07:00,127.56302208533654,128.52940861628605,123.69747596153846,125.6302490234375,4865200,0.0,0.0
2026-04-24 00:00:00+07:00,125.6302540696512,126.59664063941774,120.79832122081847,122.73109436035156,10264600,0.0,0.0
2026-04-27 00:00:00+07:00,122.73109605577257,122.73109605577257,120.79832288953993,121.76470947265625,3540100,0.0,0.0
2026-04-28 00:00:00+07:00,121.76470613479614,126.59663891792297,120.79831957817078,123.69747924804688,5520400,0.0,0.0
2026-04-29 00:00:00+07:00,123.6974809301181,124.66386749988465,121.764707790585,122.73109436035156,6309100,0.0,0.0
2026-04-30 00:00:00+07:00,122.73109605577257,122.73109605577257,120.79832288953993,121.76470947265625,4498700,0.0,0.0
2026-05-04 00:00:00+07:00,121.76470349121094,122.73109002685547,119.83193041992187,120.7983169555664,10490000,0.0,0.0
2026-05-05 00:00:00+07:00,119.83193041992187,121.76470349121094,119.83193041992187,120.7983169555664,4329800,0.0,0.0
2026-05-06 00:00:00+07:00,120.79831861680555,121.76470516573998,119.8319320678711,119.8319320678711,3728700,0.0,0.0
2026-05-07 00:00:00+07:00,119.83193041992187,121.76470349121094,119.83193041992187,120.7983169555664,4862400,0.0,0.0
2026-05-08 00:00:00+07:00,120.79832030505669,121.76470686749714,118.86554718017578,118.86554718017578,3971500,0.0,0.0
2026-05-11 00:00:00+07:00,119.8319320678711,120.79831861680555,118.86554551893666,119.8319320678711,5223200,0.0,0.0
2026-05-12 00:00:00+07:00,119.83193374261623,119.83193374261623,117.89916061773533,118.86554718017578,2818700,0.0,0.0
2026-05-13 00:00:00+07:00,119.8319320678711,119.8319320678711,118.86554551893666,119.8319320678711,1835500,0.0,0.0
2026-05-14 00:00:00+07:00,119.8319320678711,119.8319320678711,119.8319320678711,119.8319320678711,0,0.0,0.0
2026-05-15 00:00:00+07:00,119.8319320678711,119.8319320678711,119.8319320678711,119.8319320678711,0,0.0,0.0
2026-05-18 00:00:00+07:00,119.83192935659866,119.83192935659866,115.96638324832128,116.93276977539062,5176100,0.0,0.0
2026-05-19 00:00:00+07:00,116.9327714284261,118.86554450988768,115.96638488769531,115.96638488769531,10258300,0.0,0.0
2026-05-20 00:00:00+07:00,115.96638655462185,117.89915966386555,115.0,115.0,6054600,0.0,0.0
2026-05-21 00:00:00+07:00,115.00000168105304,115.96638824980138,114.03361511230469,114.03361511230469,3548700,0.0,0.0
2026-05-22 00:00:00+07:00,114.03361511230469,115.00000168105304,111.13445540605966,114.03361511230469,4115300,0.0,0.0
2026-05-25 00:00:00+07:00,114.03361511230469,115.00000168105304,113.06722854355634,114.03361511230469,1787300,0.0,0.0
2026-05-26 00:00:00+07:00,114.03361511230469,115.96638824980138,113.06722854355634,114.03361511230469,1578300,0.0,0.0
2026-05-27 00:00:00+07:00,114.03361511230469,114.03361511230469,114.03361511230469,114.03361511230469,0,0.0,0.0
2026-05-28 00:00:00+07:00,114.03361511230469,114.03361511230469,114.03361511230469,114.03361511230469,0,0.0,0.0
2026-05-29 00:00:00+07:00,115.00000168105304,115.00000168105304,113.06722854355634,114.03361511230469,2372600,0.0,0.0
2026-06-02 00:00:00+07:00,114.03361180623372,116.9327714284261,114.03361180623372,115.96638488769531,2355900,0.0,0.0
2026-06-03 00:00:00+07:00,116.93277655707465,116.93277655707465,111.13445705837674,113.06723022460938,4075900,0.0,0.0
2026-06-04 00:00:00+07:00,113.0672268907563,115.0,105.33613445378151,115.0,7860800,0.0,0.0
2026-06-05 00:00:00+07:00,114.99999900486159,115.96638555112092,111.13445281982422,111.13445281982422,2464900,0.0,0.0
2026-06-08 00:00:00+07:00,109.20168137132076,114.0336141753615,106.30252168889632,110.1680679321289,3914500,0.0,0.0
2026-06-09 00:00:00+07:00,110.16806564331054,118.86554450988768,108.23529256184895,115.96638488769531,5443000,0.0,0.0
2026-06-10 00:00:00+07:00,115.96638655462185,116.9327731092437,113.0672268907563,115.0,4895000,0.0,0.0
2026-06-11 00:00:00+07:00,117.0,117.0,114.0,116.0,3691400,4.0,0.0
2026-06-12 00:00:00+07:00,116.0,118.0,115.0,117.0,3753700,0.0,0.0
2026-06-15 00:00:00+07:00,117.0,119.0,117.0,118.0,4882700,0.0,0.0
2026-06-17 00:00:00+07:00,118.0,118.0,114.0,116.0,1999300,0.0,0.0
2026-06-18 00:00:00+07:00,116.0,116.0,114.0,116.0,1455400,0.0,0.0
2026-06-19 00:00:00+07:00,116.0,116.0,105.0,114.0,4089300,0.0,0.0
2026-06-22 00:00:00+07:00,113.0,114.0,112.0,113.0,1186000,0.0,0.0
2026-06-23 00:00:00+07:00,113.0,114.0,112.0,114.0,804800,0.0,0.0
2026-06-24 00:00:00+07:00,114.0,115.0,112.0,112.0,2899400,0.0,0.0
2026-06-25 00:00:00+07:00,113.0,115.0,112.0,113.0,889000,0.0,0.0
2026-06-26 00:00:00+07:00,113.0,115.0,112.0,115.0,2603400,0.0,0.0
2026-06-29 00:00:00+07:00,115.0,115.0,112.0,113.0,872300,0.0,0.0
2026-06-30 00:00:00+07:00,113.0,113.0,110.0,112.0,3157700,0.0,0.0
2026-07-01 00:00:00+07:00,112.0,113.0,108.0,111.0,2208400,0.0,0.0
2026-07-02 00:00:00+07:00,111.0,112.0,110.0,112.0,872700,0.0,0.0
2026-07-03 00:00:00+07:00,112.0,121.0,111.0,114.0,4825900,0.0,0.0
2026-07-06 00:00:00+07:00,114.0,115.0,112.0,113.0,1619100,0.0,0.0
2026-07-07 00:00:00+07:00,114.0,115.0,112.0,114.0,1084700,0.0,0.0
2026-07-08 00:00:00+07:00,114.0,115.0,112.0,113.0,2114800,0.0,0.0
2026-07-09 00:00:00+07:00,114.0,121.0,113.0,118.0,11035900,0.0,0.0
2026-07-10 00:00:00+07:00,118.0,120.0,118.0,119.0,3703500,0.0,0.0
2026-07-13 00:00:00+07:00,119.0,120.0,117.0,119.0,3643200,0.0,0.0
2026-07-14 00:00:00+07:00,119.0,120.0,117.0,118.0,3196200,0.0,0.0
2026-07-15 00:00:00+07:00,118.0,123.0,117.0,119.0,5014300,0.0,0.0
2026-07-16 00:00:00+07:00,119.0,120.0,117.0,118.0,1698100,0.0,0.0
2026-07-17 00:00:00+07:00,118.0,120.0,118.0,118.0,1485800,0.0,0.0
2026-07-20 00:00:00+07:00,118.0,120.0,118.0,119.0,1027600,0.0,0.0
2026-07-21 00:00:00+07:00,119.0,124.0,119.0,122.0,3288500,0.0,0.0
2026-07-22 00:00:00+07:00,122.0,123.0,120.0,120.0,1247600,0.0,0.0
2026-07-23 00:00:00+07:00,121.0,125.0,120.0,121.0,4906400,0.0,0.0
2026-07-24 00:00:00+07:00,119.0,120.0,116.0,117.0,4486000,0.0,0.0
2026-07-27 00:00:00+07:00,118.0,121.0,117.0,120.0,1541000,0.0,0.0
2026-07-28 00:00:00+07:00,124.0,126.0,120.0,122.0,10723600,0.0,0.0
2026-07-29 00:00:00+07:00,123.0,126.0,120.0,122.0,6478600,0.0,0.0
2026-07-30 00:00:00+07:00,122.0,123.0,121.0,122.0,867000,0.0,0.0
2026-07-31 00:00:00+07:00,122.0,123.0,121.0,121.0,1645400,0.0,0.0
2026-08-03 00:00:00+07:00,121.0,122.0,120.0,121.0,1975100,0.0,0.0
2026-08-04 00:00:00+07:00,121.0,122.0,121.0,122.0,1283000,0.0,0.0
2026-08-05 00:00:00+07:00,122.0,126.0,120.0,123.0,6248300,0.0,0.0
2026-08-06 00:00:00+07:00,123.0,123.0,121.0,121.0,2670000,0.0,0.0
2026-08-07 00:00:00+07:00,121.0,125.0,121.0,124.0,5912800,0.0,0.0
2026-08-10 00:00:00+07:00,125.0,132.0,124.0,131.0,25381100,0.0,0.0
2026-08-11 00:00:00+07:00,131.0,131.0,125.0,130.0,11960600,0.0,0.0
2026-08-12 00:00:00+07:00,130.0,132.0,128.0,129.0,3656900,0.0,0.0
2026-08-13 00:00:00+07:00,129.0,131.0,127.0,129.0,2142600,0.0,0.0
2026-08-14 00:00:00+07:00,129.0,130.0,127.0,127.0,903400,0.0,0.0
2026-08-18 00:00:00+07:00,127.0,137.0,127.0,136.0,14394700,0.0,0.0
2026-08-19 00:00:00+07:00,136.0,138.0,132.0,135.0,5134600,0.0,0.0
2026-08-20 00:00:00+07:00,131.0,137.0,131.0,136.0,4625000,0.0,0.0
2026-08-21 00:00:00+07:00,135.0,139.0,135.0,138.0,7348000,0.0,0.0
2026-08-24 00:00:00+07:00,138.0,143.0,138.0,142.0,16849100,0.0,0.0
2026-08-26 00:00:00+07:00,141.0,142.0,134.0,135.0,7916100,0.0,0.0
2026-08-27 00:00:00+07:00,135.0,140.0,130.0,139.0,7843600,0.0,0.0
2026-08-28 00:00:00+07:00,140.0,144.0,137.0,140.0,6282200,0.0,0.0
2026-08-31 00:00:00+07:00,140.0,141.0,137.0,140.0,4131800,0.0,0.0
2026-09-01 00:00:00+07:00,140.0,141.0,138.0,140.0,2642000,0.0,0.0
2026-09-02 00:00:00+07:00,141.0,141.0,138.0,139.0,1756900,0.0,0.0
2026-09-03 00:00:00+07:00,140.0,146.0,139.0,143.0,16409500,0.0,0.0
2026-09-04 00:00:00+07:00,145.0,152.0,143.0,144.0,29975300,0.0,0.0
2026-09-07 00:00:00+07:00,144.0,150.0,143.0,147.0,12754200,0.0,0.0
2026-09-08 00:00:00+07:00,147.0,151.0,146.0,147.0,7494400,0.0,0.0
2026-09-09 00:00:00+07:00,148.0,154.0,147.0,149.0,19174600,0.0,0.0
2026-09-10 00:00:00+07:00,153.0,153.0,148.0,148.0,7529800,0.0,0.0
2026-09-11 00:00:00+07:00,148.0,148.0,143.0,146.0,6330700,0.0,0.0
2026-09-14 00:00:00+07:00,146.0,146.0,140.0,145.0,8451700,0.0,0.0
2026-09-15 00:00:00+07:00,145.0,151.0,145.0,145.0,5551600,0.0,0.0
2026-09-16 00:00:00+07:00,144.0,147.0,144.0,144.0,1597600,0.0,0.0
2026-09-17 00:00:00+07:00,144.0,148.0,143.0,146.0,3244900,0.0,0.0
2026-09-18 00:00:00+07:00,147.0,148.0,144.0,145.0,3585900,0.0,0.0
