Date,Open,High,Low,Close,Volume,Dividends,Stock Splits
2021-09-20 00:00:00+07:00,903.4084238688151,933.0283721923828,873.7884755452474,888.5984497070312,2924900,0.0,0.0
2021-09-21 00:00:00+07:00,888.5984665890958,888.5984665890958,847.871036870429,870.0859985351562,1740900,0.0,0.0
2021-09-22 00:00:00+07:00,877.4909690856933,888.5984497070312,855.2760078430176,888.5984497070312,1058000,0.0,0.0
2021-09-23 00:00:00+07:00,884.8959561665853,888.5984497070312,870.0859820048014,888.5984497070312,743900,0.0,0.0
2021-09-24 00:00:00+07:00,892.3009432474772,892.3009432474772,866.3834884643554,888.5984497070312,2339600,0.0,0.0
2021-09-27 00:00:00+07:00,888.5984497070312,888.5984497070312,881.1934626261393,888.5984497070312,737200,0.0,0.0
2021-09-28 00:00:00+07:00,884.895924560547,925.6233520507812,873.7884443359376,925.6233520507812,1167000,0.0,0.0
2021-09-29 00:00:00+07:00,918.218365234375,929.3258454589844,896.0034047851562,925.6233520507812,1240700,0.0,0.0
2021-09-30 00:00:00+07:00,925.6233493326165,925.6233493326165,907.1108823459641,914.515869140625,382300,0.0,0.0
2021-10-01 00:00:00+07:00,910.8133784179688,925.6233520507812,884.895924560547,925.6233520507812,2112400,0.0,0.0
2021-10-04 00:00:00+07:00,925.6234322824786,947.838394657258,910.8134573659589,918.2184448242188,2430500,0.0,0.0
2021-10-05 00:00:00+07:00,918.2183440794428,933.0283173710467,892.3008908191359,921.9208374023438,1384200,0.0,0.0
2021-10-06 00:00:00+07:00,921.9208586425782,940.4333256835938,914.515871826172,925.6233520507812,1732100,0.0,0.0
2021-10-07 00:00:00+07:00,925.6234373100073,951.5408935546874,921.9209435607672,951.5408935546875,3256800,0.0,0.0
2021-10-08 00:00:00+07:00,955.2433283879208,981.1607830341046,947.8383413461539,962.6483154296875,6032500,0.0,0.0
2021-10-11 00:00:00+07:00,970.053201141942,1014.4831187514966,962.648214873683,966.3507080078125,7196800,0.0,0.0
2021-10-12 00:00:00+07:00,966.3508321588689,1014.4832490863222,962.6483385490649,977.4583129882812,5512700,0.0,0.0
2021-10-13 00:00:00+07:00,977.4583129882812,1007.078261866714,951.5408577196525,977.4583129882812,4135500,0.0,0.0
2021-10-14 00:00:00+07:00,981.1608276367186,995.9708023934993,966.350852879938,981.1608276367188,4049300,0.0,0.0
2021-10-15 00:00:00+07:00,981.1607480852792,988.5657348632814,973.7557613072771,988.5657348632812,1882300,0.0,0.0
2021-10-18 00:00:00+07:00,992.2683345170454,1018.185791015625,984.8633469460227,1018.185791015625,7935300,0.0,0.0
2021-10-19 00:00:00+07:00,1021.8882446289062,1055.2106873885446,1018.1857509889464,1021.8882446289062,2646500,0.0,0.0
2021-10-21 00:00:00+07:00,1021.8880767822266,1073.722979227702,1007.0781046549479,1066.3179931640625,5754400,0.0,0.0
2021-10-22 00:00:00+07:00,1066.3181919642857,1073.723179408482,1029.2932547433036,1036.6982421875,3054600,0.0,0.0
2021-10-25 00:00:00+07:00,1036.698259943182,1051.5082350852274,1014.4832972301136,1018.185791015625,3106900,0.0,0.0
2021-10-26 00:00:00+07:00,1018.185791015625,1036.698259943182,1014.4832972301136,1018.185791015625,2129000,0.0,0.0
2021-10-27 00:00:00+07:00,1018.1857529506888,1032.9957275390625,1018.1857529506888,1032.9957275390625,2786500,0.0,0.0
2021-10-28 00:00:00+07:00,1040.400534338985,1066.3179853723404,1032.9955483294548,1044.10302734375,4238700,0.0,0.0
2021-10-29 00:00:00+07:00,1044.1030834301098,1110.7479610958615,1044.1030834301098,1095.93798828125,9194700,0.0,0.0
2021-11-01 00:00:00+07:00,1107.045630050032,1107.045630050032,1081.128173828125,1081.128173828125,2093200,0.0,0.0
2021-11-02 00:00:00+07:00,1084.8307469327685,1084.8307469327685,1051.50830078125,1051.50830078125,2453200,0.0,0.0
2021-11-03 00:00:00+07:00,1051.5080133532801,1095.937929410461,1044.10302734375,1044.10302734375,5391100,0.0,0.0
2021-11-04 00:00:00+07:00,1044.103091591283,1081.128023917215,1044.103091591283,1055.2105712890625,2073200,0.0,0.0
2021-11-05 00:00:00+07:00,1070.020650929418,1081.1281317349137,1055.2106765220906,1073.72314453125,1086200,0.0,0.0
2021-11-08 00:00:00+07:00,1073.72314453125,1103.3430933459051,1070.020650929418,1073.72314453125,3067000,0.0,0.0
2021-11-09 00:00:00+07:00,1073.722979227702,1095.9379374186199,1066.3179931640625,1066.3179931640625,2901300,0.0,0.0
2021-11-10 00:00:00+07:00,1066.3181988441781,1092.2356550660852,1066.3181988441781,1081.128173828125,1945100,0.0,0.0
2021-11-11 00:00:00+07:00,1081.1280989583333,1125.5580208333333,1081.1280989583333,1110.748046875,6158000,0.0,0.0
2021-11-12 00:00:00+07:00,1110.7479888613861,1125.5579620462045,1095.9380156765676,1121.85546875,4926500,0.0,0.0
2021-11-15 00:00:00+07:00,1121.855577602508,1218.1204126443074,1121.855577602508,1162.5830078125,9984000,0.0,0.0
2021-11-16 00:00:00+07:00,1162.5829557291668,1162.5829557291668,1107.0455533854167,1110.748046875,9022500,0.0,0.0
2021-11-17 00:00:00+07:00,1103.342999267578,1221.8227844238281,1103.342999267578,1184.7978515625,9382000,0.0,0.0
2021-11-18 00:00:00+07:00,1199.6078247070313,1214.4177978515625,1173.6903717041016,1184.7978515625,2457000,0.0,0.0
2021-11-19 00:00:00+07:00,1184.797821969697,1255.1451926491477,1184.797821969697,1221.82275390625,11836400,0.0,0.0
2021-11-22 00:00:00+07:00,1232.9302705167993,1251.4427370410756,1195.905337468247,1207.0128173828125,2680600,0.0,0.0
2021-11-23 00:00:00+07:00,1207.0128926211185,1207.0128926211185,1158.8804766576995,1177.3929443359375,7284800,0.0,0.0
2021-11-24 00:00:00+07:00,1177.3930246860166,1192.2029998392998,1158.8805557444125,1169.988037109375,7154000,0.0,0.0
2021-11-25 00:00:00+07:00,1177.3930246860166,1188.500506050979,1166.285543321054,1169.988037109375,2077300,0.0,0.0
2021-11-26 00:00:00+07:00,1169.9879049598624,1218.1203187715023,1158.880424849484,1210.71533203125,8833000,0.0,0.0
2021-11-29 00:00:00+07:00,1210.7153045654297,1214.4177978515625,1144.0704254150392,1184.7978515625,11695200,0.0,0.0
2021-11-30 00:00:00+07:00,1195.905517578125,1232.9304562028346,1188.500529853183,1195.905517578125,3745700,0.0,0.0
2021-12-01 00:00:00+07:00,1195.9054507115845,1203.310438022492,1151.4755268461386,1162.5830078125,4516700,0.0,0.0
2021-12-02 00:00:00+07:00,1162.582986752446,1173.690467517597,1125.5580508686103,1158.8804931640625,3769500,0.0,0.0
2021-12-03 00:00:00+07:00,1155.1778492647059,1177.3928079044117,1132.962890625,1132.962890625,4160600,0.0,0.0
2021-12-06 00:00:00+07:00,1132.96292700357,1155.1778863565812,1103.3429811995552,1118.1529541015625,3309000,0.0,0.0
2021-12-07 00:00:00+07:00,1118.153043306791,1192.2029137244592,1110.7480562650242,1155.177978515625,10517600,0.0,0.0
2021-12-08 00:00:00+07:00,1158.8804720365085,1169.9879525991587,1147.7729914738582,1155.177978515625,4344700,0.0,0.0
2021-12-09 00:00:00+07:00,1158.8804973733836,1221.8228886045258,1158.8804973733836,1181.095458984375,8390500,0.0,0.0
2021-12-10 00:00:00+07:00,1184.7979567307693,1229.2278801081732,1181.0954631159857,1203.3104248046875,4329500,0.0,0.0
2021-12-13 00:00:00+07:00,1214.4178137400795,1214.4178137400795,1162.5829070560517,1166.285400390625,5540500,0.0,0.0
2021-12-14 00:00:00+07:00,1166.2855401808217,1177.393021515877,1125.5581086189516,1147.7730712890625,7346600,0.0,0.0
2021-12-15 00:00:00+07:00,1147.7730743794502,1258.8478880290743,1147.7730743794502,1169.988037109375,10813800,0.0,0.0
2021-12-16 00:00:00+07:00,1169.9878784179687,1229.2277709960938,1169.9878784179687,1184.7978515625,12440000,0.0,0.0
2021-12-17 00:00:00+07:00,1192.2029354595147,1195.9054290478985,1155.177999575679,1158.8804931640625,2332800,0.0,0.0
2021-12-20 00:00:00+07:00,1166.285475939027,1188.5004373854847,1129.2605401949309,1136.66552734375,3700700,0.0,0.0
2021-12-21 00:00:00+07:00,1136.6654135214317,1147.7728931323902,1088.5330018739444,1095.93798828125,3570500,0.0,0.0
2021-12-22 00:00:00+07:00,1088.5331301481826,1103.3431047080219,1021.8882446289062,1021.8882446289062,8825700,0.0,0.0
2021-12-23 00:00:00+07:00,1025.590693287304,1051.5081476303044,992.2682519891606,1003.375732421875,4787100,0.0,0.0
2021-12-24 00:00:00+07:00,1007.0783288976648,1018.1858104663892,973.7558841914921,1010.7808227539062,2949700,0.0,0.0
2021-12-27 00:00:00+07:00,1010.7808227539062,1021.8883043226306,988.5658596164578,1010.7808227539062,3259500,0.0,0.0
2021-12-28 00:00:00+07:00,1010.7806181066176,1044.1030560661764,1007.078125,1007.078125,2554300,0.0,0.0
2021-12-29 00:00:00+07:00,1007.0783725792254,1051.50830078125,988.5659024950485,1051.50830078125,3605700,0.0,0.0
2021-12-30 00:00:00+07:00,1051.5081937485847,1051.5081937485847,1007.078270069067,1021.8882446289062,2633400,0.0,0.0
2022-01-03 00:00:00+07:00,1021.8881679548488,1051.5081148520908,1021.8881679548488,1040.400634765625,1973000,0.0,0.0
2022-01-04 00:00:00+07:00,1040.400541941325,1070.020486195882,1025.5905698140461,1066.3179931640625,2792800,0.0,0.0
2022-01-05 00:00:00+07:00,1066.3179853723404,1092.235436405696,1044.10302734375,1044.10302734375,2456700,0.0,0.0
2022-01-06 00:00:00+07:00,1044.1032475142047,1044.1032475142047,999.6733220880682,1018.185791015625,2938900,0.0,0.0
2022-01-07 00:00:00+07:00,1036.6982797475962,1036.6982797475962,1003.3758350414234,1010.7808227539062,903600,0.0,0.0
2022-01-10 00:00:00+07:00,1010.78077715028,1014.4832708394752,977.4583339475236,981.1608276367188,2390000,0.0,0.0
2022-01-11 00:00:00+07:00,981.1606805443307,981.1606805443307,962.648214873683,966.3507080078125,1959800,0.0,0.0
2022-01-12 00:00:00+07:00,966.3507080078125,984.8631736784603,966.3507080078125,966.3507080078125,511900,0.0,0.0
2022-01-13 00:00:00+07:00,970.0532911237316,1018.185706332161,970.0532911237316,1003.375732421875,1459400,0.0,0.0
2022-01-14 00:00:00+07:00,1003.3756867602356,1010.7806733783923,977.4582335966871,984.8632202148438,750700,0.0,0.0
2022-01-17 00:00:00+07:00,984.8632414742802,995.9707216412834,970.0532679182761,988.5657348632812,659900,0.0,0.0
2022-01-18 00:00:00+07:00,988.5657938176935,1036.6982107451468,977.4583129882812,977.4583129882812,2161500,0.0,0.0
2022-01-19 00:00:00+07:00,984.8632081860172,1014.4831542968749,984.8632081860172,1014.483154296875,970400,0.0,0.0
2022-01-20 00:00:00+07:00,1014.4831662478148,1095.9380190122379,1014.4831662478148,1058.9130859375,5575000,0.0,0.0
2022-01-21 00:00:00+07:00,1077.425758899098,1088.5332409496039,1036.6983247139085,1051.50830078125,1366600,0.0,0.0
2022-01-24 00:00:00+07:00,1051.5081463249362,1095.9380680006377,1010.7807181222098,1088.5330810546875,2759700,0.0,0.0
2022-01-25 00:00:00+07:00,1092.2355128378763,1092.2355128378763,1014.4831542968749,1014.483154296875,4447200,0.0,0.0
2022-01-26 00:00:00+07:00,1014.483238604429,1044.1031871768212,999.6732643182329,1029.293212890625,1988700,0.0,0.0
2022-01-27 00:00:00+07:00,1029.293069226647,1032.9955622814193,1018.1855900623308,1025.590576171875,478100,0.0,0.0
2022-01-28 00:00:00+07:00,1025.5907610212053,1051.5082170758928,1018.1857735770088,1036.6982421875,1042400,0.0,0.0
2022-01-31 00:00:00+07:00,1044.103112707605,1058.9130859375,1032.9956327851837,1058.9130859375,1242000,0.0,0.0
2022-02-02 00:00:00+07:00,1058.913107204105,1110.7480145497605,1055.2106138222725,1062.6156005859375,1544200,0.0,0.0
2022-02-03 00:00:00+07:00,1066.3181919642857,1081.1281668526785,1032.9957484654017,1036.6982421875,1264200,0.0,0.0
2022-02-04 00:00:00+07:00,1032.9956900121465,1073.7231186506183,1032.9956900121465,1047.8056640625,846800,0.0,0.0
2022-02-07 00:00:00+07:00,1047.8056214899354,1095.9380351979537,1036.6981414034697,1040.400634765625,5198700,0.0,0.0
2022-02-08 00:00:00+07:00,1044.1031281277803,1055.2106082142461,1018.1856745926935,1040.400634765625,2363300,0.0,0.0
2022-02-09 00:00:00+07:00,1040.400634765625,1055.2106082142461,1032.9956480413146,1040.400634765625,2230800,0.0,0.0
2022-02-10 00:00:00+07:00,1040.4007128287053,1051.5081937485847,1018.1857509889464,1021.8882446289062,1671200,0.0,0.0
2022-02-11 00:00:00+07:00,1021.8881408245893,1029.2931273523038,1007.0781677691605,1014.483154296875,1753800,0.0,0.0
2022-02-14 00:00:00+07:00,1014.4832128545895,1025.590693287304,999.6732389443035,1003.375732421875,600600,0.0,0.0
2022-02-15 00:00:00+07:00,1007.078125,1029.2930836397059,999.6731387867646,1007.078125,1973500,0.0,0.0
2022-02-16 00:00:00+07:00,1007.0782924107142,1055.210710797991,1007.0782924107142,1036.6982421875,3312900,0.0,0.0
2022-02-17 00:00:00+07:00,1040.4008187307438,1088.5332409496039,1040.4008187307438,1051.50830078125,3415000,0.0,0.0
2022-02-18 00:00:00+07:00,1058.9131380208332,1132.9630078125,1051.5081510416667,1110.748046875,14578100,0.0,0.0
2022-02-21 00:00:00+07:00,1118.1529629107604,1121.8554561654316,1058.913070836018,1077.425537109375,6895900,0.0,0.0
2022-02-22 00:00:00+07:00,1077.425758899098,1095.9382289832747,1021.888348646567,1051.50830078125,2345000,0.0,0.0
2022-02-23 00:00:00+07:00,1058.9131810285044,1066.318168308424,1021.8882446289062,1021.8882446289062,1987000,0.0,0.0
2022-02-24 00:00:00+07:00,1021.8882562768367,1025.5907499589991,962.6483573622376,970.0533447265625,4982300,0.0,0.0
2022-02-25 00:00:00+07:00,970.0532498838289,1003.3756897653345,962.6482632434944,995.970703125,1724100,0.0,0.0
2022-03-01 00:00:00+07:00,1007.0783096590909,1040.4007537286932,995.9708283025568,1018.185791015625,2002000,0.0,0.0
2022-03-02 00:00:00+07:00,1029.2932278103299,1029.2932278103299,995.9707851833767,999.6732788085938,1348600,0.0,0.0
2022-03-04 00:00:00+07:00,999.6731934511572,999.6731934511572,977.4582335966871,984.8632202148438,1329100,0.0,0.0
2022-03-07 00:00:00+07:00,984.8633372978477,984.8633372978477,944.1359060562074,951.5408935546875,3290800,0.0,0.0
2022-03-08 00:00:00+07:00,951.5408935546874,977.4583497993676,933.0284248084873,951.5408935546875,1910200,0.0,0.0
2022-03-09 00:00:00+07:00,951.5408918726163,951.5408918726163,925.6234356737513,940.4334106445312,2728500,0.0,0.0
2022-03-10 00:00:00+07:00,940.4333335847008,970.0532810991796,940.4333335847008,958.94580078125,1828000,0.0,0.0
2022-03-11 00:00:00+07:00,973.7557745384894,977.4582679777993,958.94580078125,958.94580078125,1059600,0.0,0.0
2022-03-14 00:00:00+07:00,962.6482915878296,988.5657455921173,944.1358244419098,947.8383178710938,2014200,0.0,0.0
2022-03-15 00:00:00+07:00,962.6482040163071,984.8631625705295,921.9207800002325,933.0282592773438,3495900,0.0,0.0
2022-03-16 00:00:00+07:00,929.3259277343751,944.1359026783492,914.515952790401,929.325927734375,739100,0.0,0.0
2022-03-17 00:00:00+07:00,918.2182869078622,944.1357385544551,918.2182869078622,933.0282592773438,673100,0.0,0.0
2022-03-18 00:00:00+07:00,944.1357385544551,944.1357385544551,921.9207800002325,933.0282592773438,631100,0.0,0.0
2022-03-21 00:00:00+07:00,936.730877087163,970.0533193550857,929.3258899165135,944.1358642578125,1285700,0.0,0.0
2022-03-22 00:00:00+07:00,951.5408139026304,966.3507876598698,944.1358270240107,958.94580078125,1064800,0.0,0.0
2022-03-23 00:00:00+07:00,958.9457641137417,977.458230602424,958.9457641137417,973.7557373046875,1160100,0.0,0.0
2022-03-24 00:00:00+07:00,973.7557959923378,977.4582895132212,947.8383413461539,962.6483154296875,911000,0.0,0.0
2022-03-25 00:00:00+07:00,966.3508685516475,981.1608435486077,951.5408935546874,951.5408935546875,1179200,0.0,0.0
2022-03-28 00:00:00+07:00,951.5408139026304,962.6482942205599,944.1358270240107,958.94580078125,787200,0.0,0.0
2022-03-29 00:00:00+07:00,958.9458740234375,1036.6982421875,955.2433803013392,1036.6982421875,6917200,0.0,0.0
2022-03-30 00:00:00+07:00,1044.1032296316964,1055.210710797991,1018.1857735770088,1036.6982421875,7323700,0.0,0.0
2022-03-31 00:00:00+07:00,1036.6982421875,1058.9132045200893,1029.2932547433036,1036.6982421875,3426300,0.0,0.0
2022-04-01 00:00:00+07:00,1044.1031871768212,1062.615655034566,1018.185732175978,1029.293212890625,3747100,0.0,0.0
2022-04-04 00:00:00+07:00,1029.2932547433036,1044.1032296316964,1007.0782924107142,1036.6982421875,5646600,0.0,0.0
2022-04-05 00:00:00+07:00,1036.6982421875,1047.8057233537945,1021.888267299107,1036.6982421875,2429200,0.0,0.0
2022-04-06 00:00:00+07:00,1036.698215060764,1040.4007086859808,995.9707851833767,999.6732788085938,6023900,0.0,0.0
2022-04-07 00:00:00+07:00,999.6732979390158,1018.185766419368,992.268310546875,992.268310546875,1761200,0.0,0.0
2022-04-08 00:00:00+07:00,992.268310546875,1014.4832727232975,970.0533483704525,992.268310546875,3047500,0.0,0.0
2022-04-11 00:00:00+07:00,1003.3757916350863,1007.0782853311567,981.1608294586637,992.268310546875,1428000,0.0,0.0
2022-04-12 00:00:00+07:00,992.2682282522824,995.9707216412834,973.7557613072771,988.5657348632812,3023500,0.0,0.0
2022-04-13 00:00:00+07:00,988.5657482957288,992.2682417350387,955.2433073419402,958.94580078125,4377900,0.0,0.0
2022-04-14 00:00:00+07:00,958.9458793580063,962.6483731007013,933.0284231591412,940.4334106445312,5410300,0.0,0.0
2022-04-18 00:00:00+07:00,936.7309152063622,951.5408901503362,918.2184465263945,929.325927734375,3082100,0.0,0.0
2022-04-19 00:00:00+07:00,929.3258481233016,958.9457954738451,921.9208612856658,936.7308349609375,4944600,0.0,0.0
2022-04-20 00:00:00+07:00,936.7307856345664,940.4332788584184,896.0033601721939,907.11083984375,3444100,0.0,0.0
2022-04-21 00:00:00+07:00,899.7059727187984,918.2184412932593,888.5984915741219,896.0034790039062,6044200,0.0,0.0
2022-04-22 00:00:00+07:00,907.1108931202,907.1108931202,858.9784783832098,873.7884521484375,4891900,0.0,0.0
2022-04-25 00:00:00+07:00,866.3834228515625,892.3008756719084,844.1684632912661,866.3834228515625,3535200,0.0,0.0
2022-04-26 00:00:00+07:00,866.3835342224851,940.4334089423556,862.6810404864916,929.325927734375,8103500,0.0,0.0
2022-04-27 00:00:00+07:00,933.0283441543579,966.3507850170135,907.1108901500702,947.8383178710938,5639500,0.0,0.0
2022-04-28 00:00:00+07:00,947.8382352941176,1032.9955767463234,947.8382352941176,1007.078125,8661500,0.0,0.0
2022-05-09 00:00:00+07:00,1007.0782127380371,1014.483199596405,936.7308375835419,947.8383178710938,6989000,0.0,0.0
2022-05-10 00:00:00+07:00,940.4334106445312,958.9458793580063,892.3009919894962,940.4334106445312,3144100,0.0,0.0
2022-05-11 00:00:00+07:00,951.540908441311,955.2434022484756,907.1109827553354,910.8134765625,3275000,0.0,0.0
2022-05-12 00:00:00+07:00,914.515835232205,925.6233150123531,851.5734498113649,866.3834228515625,10359600,0.0,0.0
2022-05-13 00:00:00+07:00,866.3835049243684,884.8959729783079,851.5735304812168,870.0859985351562,4638000,0.0,0.0
2022-05-17 00:00:00+07:00,870.0859985351564,892.3009601998837,866.3835049243684,870.0859985351562,3571800,0.0,0.0
2022-05-18 00:00:00+07:00,873.7885149712342,899.7059709237709,873.7885149712342,884.89599609375,1824200,0.0,0.0
2022-05-19 00:00:00+07:00,918.2183284922543,918.2183284922543,866.3834228515625,866.3834228515625,3899500,0.0,0.0
2022-05-20 00:00:00+07:00,866.3835275562238,884.89599609375,858.9785401412133,884.89599609375,4211600,0.0,0.0
2022-05-23 00:00:00+07:00,884.895953858452,884.895953858452,870.085979735298,877.490966796875,2232600,0.0,0.0
2022-05-24 00:00:00+07:00,877.4910104294453,910.8134538634749,873.7885167145531,896.0034790039062,4530300,0.0,0.0
2022-05-25 00:00:00+07:00,899.7058715820312,910.8133514781057,888.5983916859568,899.7058715820312,3450600,0.0,0.0
2022-05-27 00:00:00+07:00,903.4085241403546,1084.8307277587046,903.4085241403546,1070.020751953125,24455000,0.0,0.0
2022-05-30 00:00:00+07:00,1081.1279694632199,1336.5999896445971,1066.317997278792,1318.0875244140625,46287900,0.0,0.0
2022-05-31 00:00:00+07:00,1329.195234919169,1443.9725393272308,1229.2279052734375,1229.2279052734375,37346800,0.0,0.0
2022-06-02 00:00:00+07:00,1229.2277113970588,1303.2775735294117,1184.797794117647,1258.84765625,21241200,0.0,0.0
2022-06-03 00:00:00+07:00,1266.2528494901435,1355.1126985771712,1258.8478620662247,1273.6578369140625,11521100,0.0,0.0
2022-06-06 00:00:00+07:00,1273.6578886900154,1284.7653702774285,1188.500529853183,1195.905517578125,12479700,0.0,0.0
2022-06-07 00:00:00+07:00,1195.9054416068732,1247.740352388595,1188.5004543523414,1225.525390625,6050900,0.0,0.0
2022-06-08 00:00:00+07:00,1236.6329315929877,1281.0628572789633,1203.310487328506,1214.41796875,10801600,0.0,0.0
2022-06-09 00:00:00+07:00,1214.4178413722825,1240.3352953040082,1184.7978940217392,1192.202880859375,6527900,0.0,0.0
2022-06-10 00:00:00+07:00,1192.2029137244592,1192.2029137244592,1136.665510911208,1155.177978515625,7117200,0.0,0.0
2022-06-13 00:00:00+07:00,1136.6655357623922,1203.3104205953664,1092.2356125404094,1181.095458984375,7959600,0.0,0.0
2022-06-14 00:00:00+07:00,1181.0953553876113,1269.955194037463,1166.2853822793027,1247.740234375,15757500,0.0,0.0
2022-06-15 00:00:00+07:00,1258.8476925804503,1295.8726247151694,1184.797828311012,1244.0377197265625,10198200,0.0,0.0
2022-06-16 00:00:00+07:00,1240.335223223712,1381.0299649625213,1240.335223223712,1369.9224853515625,25461700,0.0,0.0
2022-06-17 00:00:00+07:00,1362.5175163882902,1392.1374623967315,1277.3601716140222,1288.4676513671875,21906800,0.0,0.0
2022-06-20 00:00:00+07:00,1295.8726593279907,1306.9801392650877,1236.6327663301397,1292.170166015625,6380900,0.0,0.0
2022-06-21 00:00:00+07:00,1292.1701599654928,1321.7901063257334,1266.2527069002824,1269.9552001953125,3956000,0.0,0.0
2022-06-22 00:00:00+07:00,1288.4676700896282,1288.4676700896282,1203.3103240779574,1207.0128173828125,5513100,0.0,0.0
2022-06-23 00:00:00+07:00,1184.7980359907122,1236.6329500653057,1158.8805789534154,1195.905517578125,5154200,0.0,0.0
2022-06-24 00:00:00+07:00,1214.4179543464234,1299.575310901203,1192.2029917669156,1255.1453857421875,8636000,0.0,0.0
2022-06-27 00:00:00+07:00,1258.8476492944267,1310.6825525006677,1258.8476492944267,1299.5750732421875,7201700,0.0,0.0
2022-06-28 00:00:00+07:00,1299.5752499229031,1340.3026794076663,1262.5503140276637,1266.2528076171875,7340000,0.0,0.0
2022-06-29 00:00:00+07:00,1266.2528670319414,1277.3603483216953,1244.0379044524336,1255.1453857421875,2055900,0.0,0.0
2022-06-30 00:00:00+07:00,1255.1451993669782,1281.0626518612817,1225.525253659203,1244.0377197265625,4333300,0.0,0.0
2022-07-01 00:00:00+07:00,1247.7403392852686,1266.2528072271866,1158.8804931640625,1158.8804931640625,7675600,0.0,0.0
2022-07-04 00:00:00+07:00,1193.5313900806864,1197.3814913390113,1124.2295674308402,1174.2808837890625,6307700,60.0,0.0
2022-07-05 00:00:00+07:00,1174.2808660691785,1220.4820804719002,1158.8804612682713,1193.5313720703125,2391600,0.0,0.0
2022-07-06 00:00:00+07:00,1197.3813868493937,1197.3813868493937,1143.4799739365594,1151.18017578125,1947700,0.0,0.0
2022-07-07 00:00:00+07:00,1151.1802692226943,1185.8311803364209,1143.4800667529773,1181.9810791015625,1782500,0.0,0.0
2022-07-08 00:00:00+07:00,1193.5312758692053,1208.931679428808,1162.73046875,1162.73046875,1994000,0.0,0.0
2022-07-11 00:00:00+07:00,1162.7305800140882,1181.981086305712,1162.7305800140882,1174.2808837890625,916200,0.0,0.0
2022-07-12 00:00:00+07:00,1174.2809020996094,1205.0817126464844,1155.0303955078125,1155.0303955078125,1815800,0.0,0.0
2022-07-13 00:00:00+07:00,1155.0303955078125,1174.2809020996094,1147.330192871094,1155.0303955078125,2856100,0.0,0.0
2022-07-14 00:00:00+07:00,1155.0303774974386,1193.5313900806864,1147.330174980789,1174.2808837890625,2905400,0.0,0.0
2022-07-15 00:00:00+07:00,1178.1309850473874,1205.081693855661,1170.4307825307378,1174.2808837890625,2605800,0.0,0.0
2022-07-18 00:00:00+07:00,1174.2809020996094,1197.3815100097656,1155.0303955078125,1155.0303955078125,1850200,0.0,0.0
2022-07-19 00:00:00+07:00,1162.7304559844772,1185.8310610702615,1155.0302542892157,1178.130859375,943800,0.0,0.0
2022-07-20 00:00:00+07:00,1178.1309333801269,1247.4327529907225,1178.1309333801269,1232.0323486328125,6464500,0.0,0.0
2022-07-21 00:00:00+07:00,1243.5826553775225,1266.6832619789625,1216.6319476758424,1228.1822509765625,3166900,0.0,0.0
2022-07-22 00:00:00+07:00,1232.0323384287926,1251.2828437167425,1216.6319341984326,1243.5826416015625,2247700,0.0,0.0
2022-07-25 00:00:00+07:00,1243.5827561598558,1262.8332632211539,1239.7326547475961,1251.282958984375,1257000,0.0,0.0
2022-07-26 00:00:00+07:00,1247.4328283361485,1301.3342468445007,1243.5827270141235,1282.083740234375,4706800,0.0,0.0
2022-07-27 00:00:00+07:00,1293.6340479103917,1309.0344532426582,1274.3835412450585,1278.233642578125,2561600,0.0,0.0
2022-07-28 00:00:00+07:00,1274.3834228515625,1312.884432605386,1274.3834228515625,1274.3834228515625,1982600,0.0,0.0
2022-07-29 00:00:00+07:00,1278.2336034302114,1347.5354253029338,1274.3835022150602,1320.584716796875,7869800,0.0,0.0
2022-08-01 00:00:00+07:00,1324.4347747802733,1335.985078048706,1228.1822475433348,1232.0323486328125,8680600,0.0,0.0
2022-08-02 00:00:00+07:00,1224.3321567860312,1228.1822579079999,1155.0303365905954,1220.4820556640625,7179300,0.0,0.0
2022-08-03 00:00:00+07:00,1220.4820841076305,1239.7325901661104,1162.7305659321905,1189.6812744140625,3704900,0.0,0.0
2022-08-04 00:00:00+07:00,1189.6812466883134,1220.4820556640625,1174.2808422004387,1220.4820556640625,1333600,0.0,0.0
2022-08-05 00:00:00+07:00,1232.0324337121212,1278.2336499763258,1224.3322310014205,1270.533447265625,4038900,0.0,0.0
2022-08-08 00:00:00+07:00,1274.3834228515625,1293.6339277284742,1251.2828169992683,1274.3834228515625,3294500,0.0,0.0
2022-08-09 00:00:00+07:00,1274.3835375903247,1316.7346521326012,1266.6833349462743,1282.083740234375,4447800,0.0,0.0
2022-08-10 00:00:00+07:00,1289.783935546875,1332.1350498484142,1270.5334290461753,1289.783935546875,4946000,0.0,0.0
2022-08-11 00:00:00+07:00,1305.1843519095914,1305.1843519095914,1274.3835412450585,1278.233642578125,1662200,0.0,0.0
2022-08-12 00:00:00+07:00,1278.2336688701923,1297.4841759314904,1251.282958984375,1251.282958984375,1814600,0.0,0.0
2022-08-15 00:00:00+07:00,1278.2335373064793,1285.933739338446,1251.2828301945958,1258.9830322265625,1781800,0.0,0.0
2022-08-16 00:00:00+07:00,1258.9831771137558,1289.7839887862635,1220.4821625231211,1235.882568359375,3405800,0.0,0.0
2022-08-18 00:00:00+07:00,1235.8824531770424,1255.1329586782424,1220.4820487760824,1228.1822509765625,2596800,0.0,0.0
2022-08-19 00:00:00+07:00,1228.1822792372136,1232.032380426045,1197.3814697265625,1197.3814697265625,3403900,0.0,0.0
2022-08-22 00:00:00+07:00,1197.3813971442146,1197.3813971442146,1135.7797818570523,1139.6298828125,10868700,0.0,0.0
2022-08-23 00:00:00+07:00,1139.6300161316126,1162.7306245667128,1124.2296105082125,1128.0797119140625,4933900,0.0,0.0
2022-08-24 00:00:00+07:00,1128.0796279366136,1147.3301335328015,1074.1782122672873,1085.728515625,12420900,0.0,0.0
2022-08-25 00:00:00+07:00,1085.728515625,1101.1289201019504,1058.777807790337,1085.728515625,4756300,0.0,0.0
2022-08-26 00:00:00+07:00,1085.7285332524818,1097.2788367977212,1047.227521435018,1066.47802734375,6055700,0.0,0.0
2022-08-29 00:00:00+07:00,1039.5274419369905,1078.0284583050272,1024.1270353897758,1062.6280517578125,3953000,0.0,0.0
2022-08-30 00:00:00+07:00,1062.6279440487133,1078.0283490349266,1043.3774378159467,1047.2275390625,3725800,0.0,0.0
2022-08-31 00:00:00+07:00,1047.227521435018,1070.3281285254964,1039.5273190715252,1066.47802734375,1391300,0.0,0.0
2022-09-01 00:00:00+07:00,1078.028330888989,1078.028330888989,1051.0776226167645,1066.47802734375,1836000,0.0,0.0
2022-09-02 00:00:00+07:00,1078.0284155868903,1112.6793289450402,1070.3282126184124,1104.9791259765625,5700800,0.0,0.0
2022-09-05 00:00:00+07:00,1104.9791494349142,1104.9791494349142,1058.7779306432105,1081.8785400390625,2772200,0.0,0.0
2022-09-06 00:00:00+07:00,1081.8783051195762,1085.728405849539,1058.7777007397988,1070.3280029296875,3272800,0.0,0.0
2022-09-07 00:00:00+07:00,1074.1783253844355,1093.4288330078125,1054.9278177610586,1093.4288330078125,2413700,0.0,0.0
2022-09-08 00:00:00+07:00,1093.428684182363,1124.2294921875,1074.1781791791525,1124.2294921875,5866000,0.0,0.0
2022-09-09 00:00:00+07:00,1131.9298247238685,1139.6300276131465,1101.1290131667565,1116.5294189453125,5148800,0.0,0.0
2022-09-12 00:00:00+07:00,1116.5293002541089,1139.629906466263,1097.278795077314,1112.67919921875,2670300,0.0,0.0
2022-09-13 00:00:00+07:00,1112.67919921875,1120.379401289468,1097.278795077314,1112.67919921875,2624300,0.0,0.0
2022-09-14 00:00:00+07:00,1112.6791891855737,1131.9296941887842,1097.278785183005,1124.2294921875,1600500,0.0,0.0
2022-09-15 00:00:00+07:00,1124.229633397757,1139.6300393347126,1104.9791259765625,1104.9791259765625,1813400,0.0,0.0
2022-09-16 00:00:00+07:00,1104.9791259765625,1124.229633397757,1097.2789230080846,1104.9791259765625,1885600,0.0,0.0
2022-09-19 00:00:00+07:00,1104.9791375818386,1112.6793406311895,1078.028426909111,1093.4288330078125,1739300,0.0,0.0
2022-09-20 00:00:00+07:00,1093.4288215238457,1143.4801408189514,1089.5787200396069,1104.9791259765625,3037900,0.0,0.0
2022-09-21 00:00:00+07:00,1104.9791574785786,1108.8292590725807,1070.3282431325604,1074.1783447265625,2035900,0.0,0.0
2022-09-22 00:00:00+07:00,1074.1783447265625,1089.5787511025705,1066.4781415385585,1074.1783447265625,737200,0.0,0.0
2022-09-23 00:00:00+07:00,1074.1781036596503,1089.5785065795021,1062.6278014697616,1070.3280029296875,1751400,0.0,0.0
2022-09-26 00:00:00+07:00,1070.3281285254964,1085.7285332524818,1047.227521435018,1066.47802734375,1928800,0.0,0.0
2022-09-27 00:00:00+07:00,1066.4780168805803,1089.5786237444197,1062.627915736607,1078.0283203125,1400200,0.0,0.0
2022-09-28 00:00:00+07:00,1081.87845028148,1085.7285515280332,1043.3774378159467,1047.2275390625,2373700,0.0,0.0
2022-09-29 00:00:00+07:00,1043.3773099801838,1070.328015404026,1039.527209205349,1054.9276123046875,2093800,0.0,0.0
2022-09-30 00:00:00+07:00,1054.9276217640106,1062.6278233827259,1024.126815289149,1043.3773193359375,1990700,0.0,0.0
2022-10-03 00:00:00+07:00,1047.2275462962964,1054.9277488425926,1035.677242476852,1039.52734375,633600,0.0,0.0
2022-10-04 00:00:00+07:00,1047.227521435018,1066.47802734375,1035.6772178897788,1066.47802734375,1284900,0.0,0.0
2022-10-05 00:00:00+07:00,1066.4781533946161,1081.8785599418309,1043.3775435737941,1062.6280517578125,2056400,0.0,0.0
2022-10-06 00:00:00+07:00,1062.6278014697616,1097.2787080394278,1051.077499279873,1070.3280029296875,2905300,0.0,0.0
2022-10-07 00:00:00+07:00,1085.7285226004465,1085.7285226004465,1070.3281180245535,1078.0283203125,1433400,0.0,0.0
2022-10-10 00:00:00+07:00,1081.8785400390625,1085.7286416050379,1066.4781337751613,1081.8785400390625,1103200,0.0,0.0
2022-10-11 00:00:00+07:00,1085.7286615786345,1097.2789664890454,1051.0777468474014,1062.6280517578125,1271200,0.0,0.0
2022-10-12 00:00:00+07:00,1066.4781533946161,1066.4781533946161,1043.3775435737941,1062.6280517578125,1588100,0.0,0.0
2022-10-13 00:00:00+07:00,1062.6278014697616,1097.2787080394278,1058.7777007397988,1070.3280029296875,2236000,0.0,0.0
2022-10-14 00:00:00+07:00,1070.3282353411366,1089.578743171013,1070.3282353411366,1081.8785400390625,1659100,0.0,0.0
2022-10-17 00:00:00+07:00,1085.7284185033645,1085.7284185033645,1047.2274107550184,1054.9276123046875,2092500,0.0,0.0
2022-10-18 00:00:00+07:00,1054.927848484205,1066.4781533946161,1051.0777468474014,1062.6280517578125,932800,0.0,0.0
2022-10-19 00:00:00+07:00,1070.3280122514204,1078.028213778409,1058.7777099609375,1058.7777099609375,776800,0.0,0.0
2022-10-20 00:00:00+07:00,1058.7779383505545,1078.0284463205646,1054.9278367565523,1074.1783447265625,343500,0.0,0.0
2022-10-21 00:00:00+07:00,1078.0284583050272,1085.7286615786345,1058.7779501210089,1062.6280517578125,1332200,0.0,0.0
2022-10-24 00:00:00+07:00,1070.328015404026,1074.1781161788606,1051.077511529853,1054.9276123046875,1182900,0.0,0.0
2022-10-25 00:00:00+07:00,1054.9277488425926,1066.478052662037,1039.52734375,1039.52734375,2141100,0.0,0.0
2022-10-26 00:00:00+07:00,1039.5272185265796,1054.9276217640106,1039.5272185265796,1043.3773193359375,1376200,0.0,0.0
2022-10-27 00:00:00+07:00,1054.9276091974432,1074.1781130149147,1047.2274076704546,1058.7777099609375,834200,0.0,0.0
2022-10-28 00:00:00+07:00,1058.7778693077548,1155.0304028811872,1047.227565278943,1147.3302001953125,8279900,0.0,0.0
2022-10-31 00:00:00+07:00,1170.4307718648538,1255.1329987761262,1155.0303669718953,1185.8311767578125,16922100,0.0,0.0
2022-11-01 00:00:00+07:00,1189.6811716816212,1216.631877836221,1155.0302637685643,1166.58056640625,5004900,0.0,0.0
2022-11-02 00:00:00+07:00,1174.2808766318453,1232.032395154723,1166.5806741621284,1181.9810791015625,5343000,0.0,0.0
2022-11-03 00:00:00+07:00,1181.9810580415085,1220.4820697040984,1181.9810580415085,1205.0816650390625,21659800,0.0,0.0
2022-11-04 00:00:00+07:00,1205.0817277438734,1266.683349609375,1185.8312209109042,1266.683349609375,8652500,0.0,0.0
2022-11-07 00:00:00+07:00,1278.2336844090732,1297.4841917043907,1232.0324669003116,1235.882568359375,6699100,0.0,0.0
2022-11-08 00:00:00+07:00,1235.882517344916,1312.8845433477145,1232.032416044776,1289.783935546875,9883100,0.0,0.0
2022-11-09 00:00:00+07:00,1289.7840301335207,1324.4349443759138,1282.0838269685444,1316.7347412109375,14105400,0.0,0.0
2022-11-10 00:00:00+07:00,1309.0344532426582,1316.7346559087914,1243.5827305805253,1278.233642578125,3605900,0.0,0.0
2022-11-11 00:00:00+07:00,1293.6340479103917,1316.7346559087914,1274.3835412450585,1278.233642578125,3639900,0.0,0.0
2022-11-14 00:00:00+07:00,1278.2335238269447,1305.1842306546214,1266.6832209007978,1274.3834228515625,3301000,0.0,0.0
2022-11-15 00:00:00+07:00,1270.5335176908052,1301.3343302408855,1197.381587884365,1201.231689453125,7790100,0.0,0.0
2022-11-16 00:00:00+07:00,1201.231474319307,1212.7817769569926,1155.0302637685643,1166.58056640625,4584200,0.0,0.0
2022-11-17 00:00:00+07:00,1166.580775334285,1208.931892590645,1155.0304706280049,1201.231689453125,1970600,0.0,0.0
2022-11-18 00:00:00+07:00,1205.0816792608466,1208.9317804725426,1170.4307683555826,1189.6812744140625,4339200,0.0,0.0
2022-11-21 00:00:00+07:00,1232.0323660714284,1251.2828717912946,1193.5313546316963,1212.7818603515625,3125000,0.0,0.0
2022-11-22 00:00:00+07:00,1212.7818853204901,1232.0323914366884,1170.4307718648538,1185.8311767578125,2316300,0.0,0.0
2022-11-23 00:00:00+07:00,1193.5314523096768,1239.7326698184386,1193.5314523096768,1235.882568359375,2552100,0.0,0.0
2022-11-24 00:00:00+07:00,1235.88244972229,1235.88244972229,1212.7818431854248,1232.0323486328125,1516900,0.0,0.0
2022-11-25 00:00:00+07:00,1232.0323840725807,1247.4327888734879,1185.831169669859,1193.5313720703125,2554100,0.0,0.0
2022-11-28 00:00:00+07:00,1193.5313720703125,1224.332181672127,1185.831169669859,1193.5313720703125,2369300,0.0,0.0
2022-11-29 00:00:00+07:00,1193.5313720703125,1224.332181672127,1178.1309672694053,1193.5313720703125,2850200,0.0,0.0
2022-11-30 00:00:00+07:00,1205.081654609004,1224.3321602736848,1189.6812500772598,1216.6319580078125,1799500,0.0,0.0
2022-12-01 00:00:00+07:00,1232.0324373100304,1285.9338564423442,1224.3322345768427,1266.683349609375,8040800,0.0,0.0
2022-12-02 00:00:00+07:00,1266.6832444932725,1285.9337497287327,1216.6319308810764,1247.4327392578125,4122300,0.0,0.0
2022-12-05 00:00:00+07:00,1247.4329082782451,1247.4329082782451,1201.231689453125,1201.231689453125,2420600,0.0,0.0
2022-12-06 00:00:00+07:00,1201.231585275855,1201.231585275855,1155.0303704575529,1181.9810791015625,4098400,0.0,0.0
2022-12-07 00:00:00+07:00,1181.981086305712,1181.981086305712,1155.0303774974386,1174.2808837890625,2249800,0.0,0.0
2022-12-08 00:00:00+07:00,1174.2808695672786,1193.5313756257585,1166.5806671438866,1189.6812744140625,1937900,0.0,0.0
2022-12-09 00:00:00+07:00,1193.531486315605,1220.482197296925,1166.580775334285,1201.231689453125,4770200,0.0,0.0
2022-12-12 00:00:00+07:00,1201.231553476068,1220.4820591407486,1170.430744412579,1216.6319580078125,1275700,0.0,0.0
2022-12-13 00:00:00+07:00,1216.632095728165,1228.182400434445,1197.381587884365,1201.231689453125,860000,0.0,0.0
2022-12-14 00:00:00+07:00,1193.531382806138,1208.931787745572,1174.2808766318453,1181.9810791015625,721100,0.0,0.0
2022-12-15 00:00:00+07:00,1178.1309850473874,1193.5313900806864,1162.7305800140882,1174.2808837890625,1987700,0.0,0.0
2022-12-16 00:00:00+07:00,1170.4306576797387,1181.9809602226308,1155.0302542892157,1178.130859375,1051400,0.0,0.0
2022-12-19 00:00:00+07:00,1178.1309637824056,1201.2315709153938,1174.2808625935743,1197.3814697265625,1377600,0.0,0.0
2022-12-20 00:00:00+07:00,1197.3814768374546,1201.2315780491506,1178.1309707789746,1189.6812744140625,981500,0.0,0.0
2022-12-21 00:00:00+07:00,1189.68121992593,1197.381421996648,1108.829098183391,1112.67919921875,3850600,0.0,0.0
2022-12-22 00:00:00+07:00,1108.8291975635593,1135.7799072265625,1078.028386520127,1135.7799072265625,2177400,0.0,0.0
2022-12-23 00:00:00+07:00,1120.3795436805403,1120.3795436805403,1085.7286299584616,1093.4288330078125,6280100,0.0,0.0
2022-12-26 00:00:00+07:00,1097.2787984212239,1128.07960679796,1081.878394232856,1108.8291015625,2658900,0.0,0.0
2022-12-27 00:00:00+07:00,1108.8291015625,1116.529303656684,1097.2787984212239,1108.8291015625,958700,0.0,0.0
2022-12-28 00:00:00+07:00,1108.8291294642856,1116.529331752232,1078.0283203125,1078.0283203125,4197500,0.0,0.0
2022-12-29 00:00:00+07:00,1081.8785400390625,1089.578743171013,1066.4781337751613,1081.8785400390625,4145800,0.0,0.0
2022-12-30 00:00:00+07:00,1081.8784145057625,1101.1289201019504,1078.0283133865248,1085.728515625,2902400,0.0,0.0
2023-01-02 00:00:00+07:00,1089.578593006596,1124.229502324827,1089.578593006596,1112.67919921875,1827800,0.0,0.0
2023-01-03 00:00:00+07:00,1112.6792129248904,1128.0796172560308,1093.428707510965,1097.27880859375,3579100,0.0,0.0
2023-01-04 00:00:00+07:00,1097.2787208278685,1108.8290231523724,1024.1268061060105,1054.9276123046875,11143600,0.0,0.0
2023-01-05 00:00:00+07:00,1047.2275573501875,1058.7778612915497,1024.1269494674625,1027.97705078125,4283300,0.0,0.0
2023-01-06 00:00:00+07:00,1024.1269143445397,1066.47802734375,1024.1269143445397,1066.47802734375,2549900,0.0,0.0
2023-01-09 00:00:00+07:00,1070.3282431325604,1081.8785479145665,1062.6280399445563,1074.1783447265625,2124500,0.0,0.0
2023-01-10 00:00:00+07:00,1074.1781036596503,1078.0282043896134,1047.22739854991,1070.3280029296875,955800,0.0,0.0
2023-01-11 00:00:00+07:00,1070.3282431325604,1081.8785479145665,1051.0777351625504,1074.1783447265625,3862300,0.0,0.0
2023-01-12 00:00:00+07:00,1074.1781036596503,1097.2787080394278,1066.4779021997247,1070.3280029296875,870000,0.0,0.0
2023-01-13 00:00:00+07:00,1070.3281111480496,1093.4287178634752,1070.3281111480496,1085.728515625,1544600,0.0,0.0
2023-01-16 00:00:00+07:00,1089.5786167442377,1097.278818982713,1081.8784145057625,1085.728515625,704600,0.0,0.0
2023-01-17 00:00:00+07:00,1085.7286416050379,1097.2789463029637,1078.0284384730871,1081.8785400390625,1069800,0.0,0.0
2023-01-18 00:00:00+07:00,1081.878394232856,1112.679202609592,1081.878394232856,1108.8291015625,9347600,0.0,0.0
2023-01-19 00:00:00+07:00,1108.8291015625,1170.4307183159722,1097.2787984212239,1108.8291015625,25277400,0.0,0.0
2023-01-20 00:00:00+07:00,1108.8291083916085,1120.379411604021,1093.4287041083917,1101.12890625,8860000,0.0,0.0
2023-01-24 00:00:00+07:00,1101.1288894705756,1131.9296975676548,1101.1288894705756,1120.37939453125,4264200,0.0,0.0
2023-01-25 00:00:00+07:00,1120.3795203899515,1131.9298247238685,1112.6793175006735,1116.5294189453125,5709000,0.0,0.0
2023-01-26 00:00:00+07:00,1116.5293447611034,1201.2315709153938,1116.5293447611034,1197.3814697265625,6659500,0.0,0.0
2023-01-27 00:00:00+07:00,1208.9317287868923,1247.4327392578125,1197.3814256456162,1247.4327392578125,8470500,0.0,0.0
2023-01-30 00:00:00+07:00,1262.8331434461804,1262.8331434461804,1228.1822340223523,1247.4327392578125,3347900,0.0,0.0
2023-01-31 00:00:00+07:00,1247.4327426591526,1255.1329447743324,1228.1822373712025,1243.5826416015625,1749100,0.0,0.0
2023-02-01 00:00:00+07:00,1243.5827964826815,1335.9852333730355,1243.5827964826815,1332.1351318359375,15238200,0.0,0.0
2023-02-02 00:00:00+07:00,1339.8351912064986,1386.036404696378,1339.8351912064986,1355.235595703125,11707000,0.0,0.0
2023-02-03 00:00:00+07:00,1339.835241193602,1339.835241193602,1297.4841272478272,1301.334228515625,5188800,0.0,0.0
2023-02-06 00:00:00+07:00,1309.0344677869632,1393.7366980555314,1293.6340622835871,1389.8865966796875,5774100,0.0,0.0
2023-02-07 00:00:00+07:00,1389.8865892814867,1424.5375014796402,1359.0857784386837,1397.5867919921875,4429400,0.0,0.0
2023-02-08 00:00:00+07:00,1397.5866632330908,1478.4387842465753,1393.7365622324487,1405.286865234375,6537200,0.0,0.0
2023-02-09 00:00:00+07:00,1405.2868454925454,1470.7385615839792,1378.336138866661,1428.387451171875,5966400,0.0,0.0
2023-02-10 00:00:00+07:00,1432.237715657552,1443.7880198160806,1378.336296251085,1386.0364990234375,5366100,0.0,0.0
2023-02-13 00:00:00+07:00,1386.0363250083112,1455.3381412587266,1378.3361232027094,1447.637939453125,4601200,0.0,0.0
2023-02-14 00:00:00+07:00,1447.637969388624,1497.6892821600393,1397.5866566172087,1412.987060546875,5527700,0.0,0.0
2023-02-15 00:00:00+07:00,1416.8373373317988,1424.5375402520804,1347.5355110492653,1359.0858154296875,9265500,0.0,0.0
2023-02-16 00:00:00+07:00,1359.085826939174,1374.4862329101563,1328.2850149972098,1347.5355224609375,2383500,0.0,0.0
2023-02-17 00:00:00+07:00,1347.535526308426,1366.7860338271178,1324.4349172859957,1343.6854248046875,4537700,0.0,0.0
2023-02-20 00:00:00+07:00,1347.5352846342942,1389.8863935799434,1332.1348813813308,1339.8350830078125,4069800,0.0,0.0
2023-02-21 00:00:00+07:00,1347.5354743726325,1397.5867919921875,1297.4841567530777,1397.5867919921875,5964600,0.0,0.0
2023-02-22 00:00:00+07:00,1397.5867009567,1409.1370042703918,1359.085689911061,1362.935791015625,2271000,0.0,0.0
2023-02-23 00:00:00+07:00,1362.9358980828822,1393.7367093389926,1343.6853910478133,1378.3363037109375,2724100,0.0,0.0
2023-02-24 00:00:00+07:00,1382.1864051179512,1389.886607931979,1355.2356952688547,1378.3363037109375,1374600,0.0,0.0
2023-02-27 00:00:00+07:00,1378.3360814803686,1386.0362830528845,1339.8350736177883,1351.3853759765625,1414600,0.0,0.0
2023-02-28 00:00:00+07:00,1351.385612509406,1378.3363227303914,1339.8353081289838,1359.0858154296875,2860200,0.0,0.0
2023-03-01 00:00:00+07:00,1359.085842595624,1359.085842595624,1328.2850302988393,1332.1351318359375,2207500,0.0,0.0
2023-03-02 00:00:00+07:00,1332.1348720452725,1359.0855775490786,1320.5845696864983,1351.3853759765625,3827200,0.0,0.0
2023-03-03 00:00:00+07:00,1347.5355379843297,1351.385639521428,1320.5848272246433,1332.1351318359375,5167300,0.0,0.0
2023-03-06 00:00:00+07:00,1332.135086826772,1378.3363037109375,1332.135086826772,1378.3363037109375,2222000,0.0,0.0
2023-03-07 00:00:00+07:00,1378.3361884985077,1389.8864917540818,1366.7858852429338,1370.635986328125,3408400,0.0,0.0
2023-03-08 00:00:00+07:00,1370.6360610920563,1428.3875805200923,1370.6360610920563,1420.6873779296875,7373700,0.0,0.0
2023-03-09 00:00:00+07:00,1424.5373634941247,1428.3874644765413,1401.4367575996255,1412.987060546875,2941900,0.0,0.0
2023-03-10 00:00:00+07:00,1416.8373063105955,1416.8373063105955,1378.3362925521553,1389.8865966796875,1570200,0.0,0.0
2023-03-13 00:00:00+07:00,1386.036404696378,1389.8865058205345,1343.6852923306553,1355.235595703125,2671100,0.0,0.0
2023-03-14 00:00:00+07:00,1351.3855796744397,1351.3855796744397,1262.833248242781,1266.683349609375,6411200,0.0,0.0
2023-03-15 00:00:00+07:00,1258.9829996261824,1309.0343115379267,1258.9829996261824,1297.4840087890625,3586300,0.0,0.0
2023-03-16 00:00:00+07:00,1293.6340479103917,1301.334250576525,1258.9831359127918,1278.233642578125,2430900,0.0,0.0
2023-03-17 00:00:00+07:00,1278.2334791100543,1343.6851934018343,1278.2334791100543,1328.2847900390625,2709300,0.0,0.0
2023-03-20 00:00:00+07:00,1328.28494480678,1332.135046096075,1285.933830624535,1293.634033203125,1302300,0.0,0.0
2023-03-21 00:00:00+07:00,1297.484233298497,1324.4349443759138,1285.9339285510325,1316.7347412109375,1210400,0.0,0.0
2023-03-24 00:00:00+07:00,1316.7346335868158,1335.9851399258043,1301.334228515625,1301.334228515625,2767600,0.0,0.0
2023-03-27 00:00:00+07:00,1293.6339711334745,1362.935791015625,1293.6339711334745,1362.935791015625,3070600,0.0,0.0
2023-03-28 00:00:00+07:00,1362.9357740141886,1386.0363803534121,1332.1349655618906,1382.186279296875,3031700,0.0,0.0
2023-03-29 00:00:00+07:00,1382.1862592305222,1424.5373702375855,1374.486057229238,1405.286865234375,2329000,0.0,0.0
2023-03-30 00:00:00+07:00,1409.1370007152289,1420.68730399978,1362.9357875770247,1366.785888671875,1884900,0.0,0.0
2023-03-31 00:00:00+07:00,1386.0365413458094,1405.2870488645012,1335.9852217972107,1343.6854248046875,9560500,0.0,0.0
2023-04-03 00:00:00+07:00,1347.5354588674215,1362.9358641116205,1278.2336352685254,1285.933837890625,6477400,0.0,0.0
2023-04-04 00:00:00+07:00,1285.933742780627,1285.933742780627,1251.282833544023,1255.1329345703125,6251100,0.0,0.0
2023-04-05 00:00:00+07:00,1255.1330098290007,1320.5847312004516,1251.2829085718565,1305.184326171875,5921200,0.0,0.0
2023-04-06 00:00:00+07:00,1305.1843594637785,1305.1843594637785,1266.6833459102745,1270.533447265625,5069100,0.0,0.0
2023-04-10 00:00:00+07:00,1270.533359527588,1278.233561706543,1228.1822475433348,1232.0323486328125,4754500,0.0,0.0
2023-04-11 00:00:00+07:00,1235.8824361165364,1258.9830423990886,1232.0323350694443,1247.4327392578125,1624200,0.0,0.0
2023-04-12 00:00:00+07:00,1247.4328464415016,1278.2336574647486,1239.73264368569,1262.833251953125,3069300,0.0,0.0
2023-04-13 00:00:00+07:00,1262.833251953125,1278.2336574647486,1247.4328464415016,1262.833251953125,5959200,0.0,0.0
2023-04-14 00:00:00+07:00,1262.833251953125,1274.3835560868426,1255.1330491973133,1262.833251953125,2809800,0.0,0.0
2023-04-17 00:00:00+07:00,1270.5334547089367,1270.5334547089367,1239.73264368569,1262.833251953125,2397300,0.0,0.0
2023-04-18 00:00:00+07:00,1270.5334362682995,1301.3342468445007,1262.8332336242493,1282.083740234375,2398000,0.0,0.0
2023-04-26 00:00:00+07:00,1305.1843119362702,1328.2849192271776,1274.3835022150602,1320.584716796875,8051900,0.0,0.0
2023-04-27 00:00:00+07:00,1328.2848710773371,1393.7365893623073,1320.584668926164,1374.486083984375,12739500,0.0,0.0
2023-04-28 00:00:00+07:00,1378.3363227303914,1389.8866271108136,1347.5355110492653,1359.0858154296875,4054200,0.0,0.0
2023-05-02 00:00:00+07:00,1359.0857537346917,1439.9378807274072,1351.385551163957,1424.5374755859375,7946100,0.0,0.0
2023-05-03 00:00:00+07:00,1424.5375014796402,1463.038515033144,1370.6360825047348,1397.5867919921875,8965900,0.0,0.0
2023-05-04 00:00:00+07:00,1397.5866904378938,1405.2868925890668,1374.486083984375,1374.486083984375,3219600,0.0,0.0
2023-05-05 00:00:00+07:00,1378.3361782403376,1409.1369866926357,1355.235571901114,1382.186279296875,2894200,0.0,0.0
2023-05-08 00:00:00+07:00,1386.0363702089087,1436.087683577564,1386.0363702089087,1393.736572265625,2516400,0.0,0.0
2023-05-09 00:00:00+07:00,1397.5867665883657,1439.9378807274072,1393.7366653029983,1424.5374755859375,6573800,0.0,0.0
2023-05-10 00:00:00+07:00,1436.0876664413743,1447.637969388624,1401.4367575996255,1412.987060546875,2404000,0.0,0.0
2023-05-11 00:00:00+07:00,1412.9870672356592,1424.5373702375855,1389.8864612318064,1405.286865234375,1769000,0.0,0.0
2023-05-12 00:00:00+07:00,1405.2869836359075,1436.0877942361467,1405.2869836359075,1409.1370849609375,2462500,0.0,0.0
2023-05-15 00:00:00+07:00,1412.9871053749557,1416.8372064795196,1359.085689911061,1362.935791015625,5311400,0.0,0.0
2023-05-16 00:00:00+07:00,1362.9359284319196,1382.1864358956473,1347.5355224609375,1347.5355224609375,2973000,0.0,0.0
2023-05-17 00:00:00+07:00,1343.685420968192,1366.7860299246652,1324.4349135044642,1347.5355224609375,2047100,0.0,0.0
2023-05-19 00:00:00+07:00,1347.5354924548271,1382.1864051179512,1347.5354924548271,1378.3363037109375,2193100,0.0,0.0
2023-05-22 00:00:00+07:00,1378.3361782403376,1393.7365824664867,1366.785875070726,1382.186279296875,1405300,0.0,0.0
2023-05-23 00:00:00+07:00,1382.1862930512764,1389.8864952409772,1362.9357875770247,1366.785888671875,2030800,0.0,0.0
2023-05-24 00:00:00+07:00,1366.785899075595,1374.486101323908,1355.235595703125,1355.235595703125,722700,0.0,0.0
2023-05-25 00:00:00+07:00,1355.2356735061812,1405.2869909936255,1351.3855721609932,1401.4368896484375,2933600,0.0,0.0
2023-05-26 00:00:00+07:00,1401.4369045681424,1412.987208726671,1378.336296251085,1386.0364990234375,2035800,0.0,0.0
2023-05-29 00:00:00+07:00,1389.8866004096137,1401.4369045681424,1386.0364990234375,1386.0364990234375,1521700,0.0,0.0
2023-05-30 00:00:00+07:00,1389.8866004096137,1393.73670179579,1362.9358907063802,1386.0364990234375,1164000,0.0,0.0
2023-05-31 00:00:00+07:00,1393.73670179579,1393.73670179579,1370.6360934787326,1386.0364990234375,1654500,0.0,0.0
2023-06-05 00:00:00+07:00,1386.0364183869126,1513.0897567390462,1386.0364183869126,1474.5887451171875,11497900,0.0,0.0
2023-06-06 00:00:00+07:00,1482.2889652958622,1516.9398761729083,1447.6380544188162,1455.3382568359375,7128600,0.0,0.0
2023-06-07 00:00:00+07:00,1463.0383978949653,1524.6400146484375,1451.4880947536892,1524.6400146484375,6560800,0.0,0.0
2023-06-08 00:00:00+07:00,1524.6400798316142,1632.442913759102,1524.6400798316142,1586.24169921875,14486400,0.0,0.0
2023-06-09 00:00:00+07:00,1540.0404642643541,1670.9439037268241,1540.0404642643541,1609.34228515625,5323400,0.0,0.0
2023-06-12 00:00:00+07:00,1617.0425656340842,1686.344389875545,1609.3423629405886,1655.5435791015625,8880800,0.0,0.0
2023-06-13 00:00:00+07:00,1655.5435940021641,1694.0446078161679,1624.742782950961,1640.1431884765625,6955300,0.0,0.0
2023-06-14 00:00:00+07:00,1655.5434638763143,1678.644070349007,1578.5414423006716,1647.84326171875,5596200,0.0,0.0
2023-06-15 00:00:00+07:00,1647.8433335248162,1655.5435360179229,1555.440903607537,1570.84130859375,4529900,0.0,0.0
2023-06-16 00:00:00+07:00,1547.7407011144303,1609.3423210592832,1540.0404986213236,1570.84130859375,6755600,0.0,0.0
2023-06-19 00:00:00+07:00,1578.5414897531703,1640.1431088654892,1578.5414897531703,1593.94189453125,5700100,0.0,0.0
2023-06-20 00:00:00+07:00,1609.3423064889262,1624.74271133571,1578.5414967953582,1586.24169921875,2481200,0.0,0.0
2023-06-21 00:00:00+07:00,1586.241644458236,1670.9438681914428,1586.241644458236,1647.84326171875,7714000,0.0,0.0
2023-06-22 00:00:00+07:00,1647.8432825459122,1678.644091565462,1609.342271271475,1624.74267578125,4515200,0.0,0.0
2023-06-23 00:00:00+07:00,1624.74271133571,1647.843318605886,1586.24169921875,1586.24169921875,2737200,0.0,0.0
2023-06-26 00:00:00+07:00,1593.9418805136065,1640.1430944415372,1586.2416781922848,1609.34228515625,2081300,0.0,0.0
2023-06-27 00:00:00+07:00,1617.0425656340842,1740.2458087300145,1617.0425656340842,1655.5435791015625,14803800,0.0,0.0
2023-07-03 00:00:00+07:00,1663.2437455610795,1701.7447581898082,1655.5435430353339,1694.0445556640625,4219700,0.0,0.0
2023-07-04 00:00:00+07:00,1694.0445067283865,1794.1471366714277,1670.943899818454,1747.9459228515625,11506900,0.0,0.0
2023-07-05 00:00:00+07:00,1747.9458138020834,1755.646015625,1694.0444010416668,1732.54541015625,8456300,0.0,0.0
2023-07-06 00:00:00+07:00,1765.9554346988077,1877.3219936437774,1734.1364178573876,1813.6839599609375,6694600,72.0,0.0
2023-07-07 00:00:00+07:00,1813.6839803059897,1813.6839803059897,1710.2721744113499,1718.2269287109375,5652500,0.0,0.0
2023-07-10 00:00:00+07:00,1718.2269287109375,1750.0459459092883,1678.4531572129993,1718.2269287109375,5353600,0.0,0.0
2023-07-11 00:00:00+07:00,1726.1816682942708,1789.8197021484375,1710.2721598307292,1789.8197021484375,4890300,0.0,0.0
2023-07-12 00:00:00+07:00,1789.8198672703334,1805.7293772016253,1765.9556023733955,1781.8651123046875,3021300,0.0,0.0
2023-07-13 00:00:00+07:00,1781.8650390625,1781.8650390625,1702.3174926757813,1750.0460205078125,5439300,0.0,0.0
2023-07-14 00:00:00+07:00,1750.0460994944854,1773.910364487592,1718.2270795036764,1758.0008544921875,3114500,0.0,0.0
2023-07-17 00:00:00+07:00,1758.0007380214308,1797.7745103748568,1726.1817201386898,1734.136474609375,4174200,0.0,0.0
2023-07-18 00:00:00+07:00,1734.1365112304686,1765.9555297851562,1726.1817565917968,1750.0460205078125,1792800,0.0,0.0
2023-07-20 00:00:00+07:00,1758.000690082172,1789.819707097234,1734.1364273208758,1765.9554443359375,1746900,0.0,0.0
2023-07-21 00:00:00+07:00,1758.0008875528972,1909.1412353515625,1750.0461324055989,1909.1412353515625,7805200,0.0,0.0
2023-07-24 00:00:00+07:00,1925.0504260411078,1925.0504260411078,1829.593380121714,1853.4576416015625,6210100,0.0,0.0
2023-07-25 00:00:00+07:00,1861.412603997565,1885.2768681513799,1829.5935851258116,1837.54833984375,2139800,0.0,0.0
2023-07-26 00:00:00+07:00,1885.2768244250067,1885.2768244250067,1829.5935426909348,1845.5030517578125,2392200,0.0,0.0
2023-07-27 00:00:00+07:00,1845.5030517578125,1893.2315789584457,1821.638788157496,1845.5030517578125,3507600,0.0,0.0
2023-07-28 00:00:00+07:00,1845.5030636407632,1853.4578182254218,1781.8650269634954,1797.7745361328125,3516100,0.0,0.0
2023-07-31 00:00:00+07:00,1797.7744563802082,1837.5482275390625,1789.8197021484375,1789.8197021484375,3604800,0.0,0.0
2023-08-01 00:00:00+07:00,1837.5483280304938,1893.2316106980845,1678.4532346945202,1726.1817626953125,14119600,0.0,0.0
2023-08-02 00:00:00+07:00,1726.1816730671103,1781.8649528434685,1710.2721645595793,1765.9554443359375,4347000,0.0,0.0
2023-08-03 00:00:00+07:00,1765.9556023733955,1813.6841321672712,1765.9556023733955,1781.8651123046875,3309200,0.0,0.0
2023-08-04 00:00:00+07:00,1781.8648607336957,1853.4576453167458,1781.8648607336957,1829.5933837890625,3707400,0.0,0.0
2023-08-07 00:00:00+07:00,1829.5936564993349,1885.2769416971407,1805.729391414561,1869.367431640625,5329100,0.0,0.0
2023-08-08 00:00:00+07:00,1877.321979249077,1901.1862416971585,1861.412470950356,1885.2767333984375,3278800,0.0,0.0
2023-08-09 00:00:00+07:00,1885.2768244250067,1933.0053516256398,1805.7292790906183,1845.5030517578125,8706600,0.0,0.0
2023-08-10 00:00:00+07:00,1845.5028877749462,1869.3671492547946,1781.8648571620172,1853.4576416015625,7223600,0.0,0.0
2023-08-11 00:00:00+07:00,1853.4576416015625,1877.321903081411,1829.593380121714,1853.4576416015625,1724100,0.0,0.0
2023-08-14 00:00:00+07:00,1853.4577168009955,1885.2767333984375,1805.7291919048325,1885.2767333984375,3876400,0.0,0.0
2023-08-15 00:00:00+07:00,1877.3221866688828,1893.2316967253987,1837.5484115275929,1869.367431640625,3274100,0.0,0.0
2023-08-16 00:00:00+07:00,1869.3673587155033,1869.3673587155033,1805.7293209719967,1837.54833984375,4428800,0.0,0.0
2023-08-18 00:00:00+07:00,1837.5482656336042,1837.5482656336042,1797.7744936501927,1805.729248046875,2669600,0.0,0.0
2023-08-21 00:00:00+07:00,1805.7292967655198,1813.6840513768218,1750.0460144864069,1773.9102783203125,4852300,0.0,0.0
2023-08-22 00:00:00+07:00,1773.9101936848958,1805.7292106119792,1750.0459309895832,1789.8197021484375,3271500,0.0,0.0
2023-08-23 00:00:00+07:00,1797.7744515402276,1821.6387141712926,1797.7744515402276,1813.6839599609375,2719800,0.0,0.0
2023-08-24 00:00:00+07:00,1821.6387998867879,1837.5483090561047,1773.9102723788371,1797.7745361328125,3843600,0.0,0.0
2023-08-25 00:00:00+07:00,1813.6840453021293,1821.6387998867879,1789.819781548154,1797.7745361328125,1899700,0.0,0.0
2023-08-28 00:00:00+07:00,1813.6840640300977,1813.6840640300977,1686.407989361319,1726.1817626953125,9331800,0.0,0.0
2023-08-29 00:00:00+07:00,1726.1817565917968,1758.0007751464843,1710.2722473144531,1750.0460205078125,3605800,0.0,0.0
2023-08-30 00:00:00+07:00,1773.9102906961045,1773.9102906961045,1718.2270080285136,1726.1817626953125,4741200,0.0,0.0
2023-08-31 00:00:00+07:00,1742.0912290800602,1758.0007380214308,1718.2269656680046,1734.136474609375,2270800,0.0,0.0
2023-09-01 00:00:00+07:00,1734.1365112304686,1789.8197937011719,1726.1817565917968,1750.0460205078125,4722400,0.0,0.0
2023-09-04 00:00:00+07:00,1750.0461141896803,1773.910379383176,1710.2723388671875,1710.2723388671875,3190400,0.0,0.0
2023-09-05 00:00:00+07:00,1710.2722111973194,1734.136474609375,1694.362702255949,1734.136474609375,1681200,0.0,0.0
2023-09-06 00:00:00+07:00,1734.1365674515844,1734.1365674515844,1686.408038072183,1694.36279296875,3735500,0.0,0.0
2023-09-07 00:00:00+07:00,1694.3626080322265,1694.3626080322265,1582.996051635742,1590.9508056640625,13315100,0.0,0.0
2023-09-08 00:00:00+07:00,1590.9509023030598,1590.9509023030598,1527.3128662109375,1527.3128662109375,6729600,0.0,0.0
2023-09-11 00:00:00+07:00,1531.290280056983,1575.0414309157538,1511.4033933029962,1543.222412109375,6077400,0.0,0.0
2023-09-12 00:00:00+07:00,1547.1997467823517,1575.041387469952,1543.222369541266,1551.1771240234375,3388900,0.0,0.0
2023-09-13 00:00:00+07:00,1559.1319649651878,1567.0867198884796,1527.3129452720207,1535.2677001953125,2975100,0.0,0.0
2023-09-14 00:00:00+07:00,1535.2675731425384,1563.1092130699935,1511.4033103475765,1559.1318359375,2550600,0.0,0.0
2023-09-15 00:00:00+07:00,1571.0640835402598,1622.7699900871544,1547.1998189801545,1582.9962158203125,4441800,0.0,0.0
2023-09-18 00:00:00+07:00,1582.9961477915447,1590.9509023030598,1519.3581116994221,1527.3128662109375,5479600,0.0,0.0
2023-09-19 00:00:00+07:00,1527.3128213367609,1563.1092155868412,1519.3580670589652,1547.19970703125,1530900,0.0,0.0
2023-09-20 00:00:00+07:00,1551.177163672874,1567.086673043878,1551.177163672874,1555.154541015625,1320200,0.0,0.0
2023-09-21 00:00:00+07:00,1555.1544613090455,1563.1092155868412,1539.2449527534543,1547.19970703125,960100,0.0,0.0
2023-09-22 00:00:00+07:00,1539.2449923001802,1555.1545012645233,1527.3128605769232,1551.1771240234375,1333200,0.0,0.0
2023-09-25 00:00:00+07:00,1551.177126862282,1551.177126862282,1531.2902406204578,1539.2449951171875,1407500,0.0,0.0
2023-09-26 00:00:00+07:00,1539.2449951171875,1559.1318813590117,1527.312863372093,1539.2449951171875,1612000,0.0,0.0
2023-09-27 00:00:00+07:00,1551.1770720529084,1614.8151057781558,1515.3806780824566,1606.8603515625,6026800,0.0,0.0
2023-09-29 00:00:00+07:00,1606.8603783017113,1710.2721848260787,1606.8603783017113,1670.4984130859375,8047000,0.0,0.0
2023-10-02 00:00:00+07:00,1670.4984987699067,1718.22702730619,1630.724724989671,1654.5889892578125,3203100,0.0,0.0
2023-10-03 00:00:00+07:00,1654.5889892578125,1694.3627630380483,1630.724724989671,1654.5889892578125,3666000,0.0,0.0
2023-10-04 00:00:00+07:00,1654.5889525182038,1662.5437070976182,1582.9961613034739,1638.679443359375,4787000,0.0,0.0
2023-10-05 00:00:00+07:00,1638.6794862328506,1646.6342410203888,1614.8152218702362,1630.7247314453125,1732600,0.0,0.0
2023-10-06 00:00:00+07:00,1654.588909646739,1662.5436640200408,1590.950874660326,1646.6341552734375,3309400,0.0,0.0
2023-10-09 00:00:00+07:00,1646.634186366819,1702.3174680313973,1630.7246773197965,1686.407958984375,3561000,0.0,0.0
2023-10-10 00:00:00+07:00,1686.4078791469194,1702.3173874407585,1646.6341084123223,1678.453125,2345300,0.0,0.0
2023-10-11 00:00:00+07:00,1686.4079708358615,1686.4079708358615,1630.7246887799604,1638.679443359375,2623100,0.0,0.0
2023-10-12 00:00:00+07:00,1646.6341500418525,1686.407921781994,1646.6341500418525,1670.4984130859375,2044400,0.0,0.0
2023-10-13 00:00:00+07:00,1670.4984130859375,1686.407921781994,1654.5889043898808,1670.4984130859375,1548600,0.0,0.0
2023-10-16 00:00:00+07:00,1686.4080082820012,1686.4080082820012,1638.679479745718,1654.5889892578125,1282500,0.0,0.0
2023-10-17 00:00:00+07:00,1654.5888625592418,1694.3626332938388,1646.6341084123223,1678.453125,2082500,0.0,0.0
2023-10-18 00:00:00+07:00,1686.407971947594,1797.7745361328125,1670.4984627782771,1797.7745361328125,9578200,0.0,0.0
2023-10-19 00:00:00+07:00,1797.7744717068144,1797.7744717068144,1710.2721744113499,1718.2269287109375,3249900,0.0,0.0
2023-10-20 00:00:00+07:00,1718.2269891535193,1718.2269891535193,1638.679443359375,1638.679443359375,3843400,0.0,0.0
2023-10-23 00:00:00+07:00,1638.6794263263082,1638.6794263263082,1527.312863372093,1539.2449951171875,7273400,0.0,0.0
2023-10-24 00:00:00+07:00,1539.2449044799805,1590.9508056640625,1539.2449044799805,1590.9508056640625,1789400,0.0,0.0
2023-10-25 00:00:00+07:00,1614.815137780231,1654.588909646739,1590.950874660326,1646.6341552734375,1778900,0.0,0.0
2023-10-26 00:00:00+07:00,1646.6342039812962,1654.5889585899015,1586.9735444167566,1614.815185546875,1145800,0.0,0.0
2023-10-27 00:00:00+07:00,1606.8604464713874,1622.7699558423913,1539.2450316446211,1555.154541015625,4608400,0.0,0.0
2023-10-30 00:00:00+07:00,1555.1544613090455,1571.0639698646369,1535.2675756145563,1547.19970703125,3009600,0.0,0.0
2023-10-31 00:00:00+07:00,1547.1997412479284,1606.8603996508048,1547.1997412479284,1575.0413818359375,2727800,0.0,0.0
2023-11-01 00:00:00+07:00,1582.9961012813303,1582.9961012813303,1539.2449527534543,1547.19970703125,1919200,0.0,0.0
2023-11-02 00:00:00+07:00,1551.1771732350294,1571.064060071376,1483.5617579914513,1519.358154296875,6906800,0.0,0.0
2023-11-03 00:00:00+07:00,1515.38082706227,1531.2903370576746,1487.5391845703125,1487.5391845703125,4887400,0.0,0.0
2023-11-06 00:00:00+07:00,1495.4938597320229,1503.4486143050656,1475.6069732994163,1479.5843505859375,2367600,0.0,0.0
2023-11-07 00:00:00+07:00,1479.584310773248,1491.516442311742,1455.72004769626,1475.60693359375,3016300,0.0,0.0
2023-11-08 00:00:00+07:00,1487.5391810085791,1523.335578412529,1483.5618035192515,1499.4713134765625,3022800,0.0,0.0
2023-11-09 00:00:00+07:00,1507.4259799321492,1527.3128662109375,1499.471225420634,1527.3128662109375,1784700,0.0,0.0
2023-11-10 00:00:00+07:00,1527.3128289473684,1527.3128289473684,1479.5843030427632,1511.4033203125,1737900,0.0,0.0
2023-11-13 00:00:00+07:00,1515.3806974712172,1515.3806974712172,1503.4485659950658,1511.4033203125,1226400,0.0,0.0
2023-11-14 00:00:00+07:00,1511.403412690034,1511.403412690034,1471.629638671875,1471.629638671875,1971200,0.0,0.0
2023-11-15 00:00:00+07:00,1475.6068868913876,1523.3354115347747,1471.629509837772,1507.4259033203125,2490300,0.0,0.0
2023-11-16 00:00:00+07:00,1523.3354947529142,1527.3128720238096,1499.4712311275423,1503.4486083984375,2187200,0.0,0.0
2023-11-17 00:00:00+07:00,1503.4486026763916,1579.0187705357869,1499.471225420634,1527.3128662109375,4362800,0.0,0.0
2023-11-20 00:00:00+07:00,1527.3128662109375,1547.1997524897258,1507.4259799321492,1527.3128662109375,1181800,0.0,0.0
2023-11-21 00:00:00+07:00,1519.3580344811592,1531.290165642006,1507.4259033203125,1507.4259033203125,1112300,0.0,0.0
2023-11-22 00:00:00+07:00,1511.403280373928,1519.3580344811592,1495.4937721594656,1507.4259033203125,1243400,0.0,0.0
2023-11-23 00:00:00+07:00,1515.3807769296056,1535.2676637659522,1495.493890093259,1519.358154296875,565200,0.0,0.0
2023-11-24 00:00:00+07:00,1519.3581116994221,1535.2676207224529,1503.4486026763916,1527.3128662109375,1619200,0.0,0.0
2023-11-27 00:00:00+07:00,1527.3127908909576,1527.3127908909576,1487.5390202948388,1495.4937744140625,2324900,0.0,0.0
2023-11-28 00:00:00+07:00,1503.4486083984375,1515.3807402111236,1495.4938538566469,1503.4486083984375,589200,0.0,0.0
2023-11-29 00:00:00+07:00,1503.4486083984375,1515.3807402111236,1499.4712311275423,1503.4486083984375,984300,0.0,0.0
2023-11-30 00:00:00+07:00,1499.4711492130812,1519.3580344811592,1495.4937721594656,1507.4259033203125,2157200,0.0,0.0
2023-12-01 00:00:00+07:00,1507.42601904931,1551.1771699979709,1507.42601904931,1531.290283203125,4407300,0.0,0.0
2023-12-04 00:00:00+07:00,1531.2902141067218,1531.2902141067218,1439.8105389782681,1475.60693359375,6084600,0.0,0.0
2023-12-05 00:00:00+07:00,1475.6069675021702,1519.358117482019,1475.6069675021702,1503.4486083984375,1826900,0.0,0.0
2023-12-06 00:00:00+07:00,1503.4485262666967,1511.403280373928,1499.4711492130812,1507.4259033203125,1232600,0.0,0.0
2023-12-07 00:00:00+07:00,1511.4033658854166,1515.3807431640626,1479.58434765625,1491.5164794921875,1604300,0.0,0.0
2023-12-08 00:00:00+07:00,1487.5390651322439,1507.4259510297338,1475.60693359375,1475.60693359375,1094800,0.0,0.0
2023-12-11 00:00:00+07:00,1475.6070262454552,1479.5844036746885,1435.833251953125,1435.833251953125,2005000,0.0,0.0
2023-12-12 00:00:00+07:00,1439.8106434119807,1439.8106434119807,1376.1726039241582,1388.104736328125,5130900,0.0,0.0
2023-12-13 00:00:00+07:00,1388.104736328125,1423.901133540025,1384.1273588601362,1388.104736328125,1571000,0.0,0.0
2023-12-14 00:00:00+07:00,1392.0820617675781,1435.8332122802733,1392.0820617675781,1431.8558349609375,1588900,0.0,0.0
2023-12-15 00:00:00+07:00,1431.8558319344008,1451.7427184890453,1411.9689453797564,1443.7879638671875,1390200,0.0,0.0
2023-12-18 00:00:00+07:00,1431.8557979283707,1447.7653067942417,1396.0594029801616,1415.9462890625,873700,0.0,0.0
2023-12-19 00:00:00+07:00,1415.9463256835936,1435.8332122802733,1407.9915710449218,1431.8558349609375,1105300,0.0,0.0
2023-12-20 00:00:00+07:00,1431.8558380383404,1447.7653473498776,1419.9237060546875,1419.9237060546875,443500,0.0,0.0
2023-12-21 00:00:00+07:00,1423.9010833825719,1431.8558380383404,1415.9463287268034,1419.9237060546875,467400,0.0,0.0
2023-12-22 00:00:00+07:00,1427.8785004855533,1447.7653876789454,1419.9237456081964,1423.901123046875,606700,0.0,0.0
2023-12-27 00:00:00+07:00,1459.697473110903,1459.697473110903,1419.9237000016142,1443.7879638671875,1064100,0.0,0.0
2023-12-28 00:00:00+07:00,1443.7879638671875,1451.7427184890453,1423.901077312543,1443.7879638671875,1094400,0.0,0.0
2023-12-29 00:00:00+07:00,1443.788010240267,1447.7653876789454,1415.946368169518,1423.901123046875,896200,0.0,0.0
2024-01-02 00:00:00+07:00,1431.8558711796018,1459.697513119205,1423.9011163397151,1447.765380859375,756500,0.0,0.0
2024-01-03 00:00:00+07:00,1451.7427246777618,1451.7427246777618,1407.9915740710346,1419.9237060546875,1848100,0.0,0.0
2024-01-04 00:00:00+07:00,1423.901123046875,1435.8332553629102,1423.901123046875,1423.901123046875,1052300,0.0,0.0
2024-01-05 00:00:00+07:00,1431.8558349609375,1439.8105895996093,1415.9463256835936,1431.8558349609375,1043100,0.0,0.0
2024-01-08 00:00:00+07:00,1431.8558411679026,1439.8105958410576,1400.0368224752826,1407.9915771484375,2539700,0.0,0.0
2024-01-09 00:00:00+07:00,1404.0140801671564,1419.923588157719,1392.0819491742345,1396.059326171875,2021300,0.0,0.0
2024-01-10 00:00:00+07:00,1396.0595270864687,1411.9690373666565,1396.0595270864687,1404.0142822265625,857300,0.0,0.0
2024-01-11 00:00:00+07:00,1396.0593950663526,1479.5843161386986,1396.0593950663526,1451.74267578125,6442700,0.0,0.0
2024-01-12 00:00:00+07:00,1463.6748073630135,1467.6521845569348,1435.833167005565,1451.74267578125,3058500,0.0,0.0
2024-01-15 00:00:00+07:00,1451.7426784789363,1459.6974328815606,1423.9010380697514,1439.810546875,848600,0.0,0.0
2024-01-16 00:00:00+07:00,1439.810629382358,1451.7427616700572,1427.878497094659,1435.833251953125,4250100,0.0,0.0
2024-01-17 00:00:00+07:00,1435.8331696736877,1451.7426784789363,1427.8784152710634,1439.810546875,3004000,0.0,0.0
2024-01-18 00:00:00+07:00,1439.8105023043681,1475.606896008068,1439.8105023043681,1459.6973876953125,3168000,0.0,0.0
2024-01-19 00:00:00+07:00,1459.6974641533309,1487.5391051589802,1455.7200868668094,1479.5843505859375,4731900,0.0,0.0
2024-01-22 00:00:00+07:00,1487.5390475526149,1495.493801817602,1360.262979312819,1364.2403564453125,18771300,0.0,0.0
2024-01-23 00:00:00+07:00,1368.2178195289455,1392.082083823055,1340.3761778524843,1348.3309326171875,15796300,0.0,0.0
2024-01-24 00:00:00+07:00,1352.3082730876865,1356.285650361474,1300.6023685284515,1332.42138671875,9555400,0.0,0.0
2024-01-25 00:00:00+07:00,1336.3987699468087,1344.3535245298253,1300.6023743232333,1308.55712890625,4479100,0.0,0.0
2024-01-26 00:00:00+07:00,1308.557168486624,1320.4893007220644,1304.5797910748106,1312.5345458984375,2436400,0.0,0.0
2024-01-29 00:00:00+07:00,1308.5571259647968,1332.4213896602034,1308.5571259647968,1320.4892578125,7269500,0.0,0.0
2024-01-30 00:00:00+07:00,1320.489260780775,1336.3987699468087,1304.5797516147418,1308.55712890625,3333800,0.0,0.0
2024-01-31 00:00:00+07:00,1316.5118332806755,1364.2403589585247,1304.5797018612132,1352.3082275390625,6700900,0.0,0.0
2024-02-01 00:00:00+07:00,1352.3083569189746,1352.3083569189746,1324.466714276525,1328.444091796875,1973800,0.0,0.0
2024-02-02 00:00:00+07:00,1328.4439982213617,1400.0367885446685,1328.4439982213617,1380.14990234375,5120200,0.0,0.0
2024-02-05 00:00:00+07:00,1384.1272446576286,1396.059376077091,1352.3082275390625,1352.3082275390625,1566000,0.0,0.0
2024-02-06 00:00:00+07:00,1364.2403143399004,1380.1498223788496,1332.4212982620018,1372.195068359375,1674800,0.0,0.0
2024-02-07 00:00:00+07:00,1376.1724453691124,1380.1498223788496,1356.2855603204257,1372.195068359375,2400100,0.0,0.0
2024-02-12 00:00:00+07:00,1372.1951396813554,1423.9010434954355,1360.2630080319523,1415.9462890625,4179700,0.0,0.0
2024-02-13 00:00:00+07:00,1431.8557979283707,1431.8557979283707,1392.082025763694,1415.9462890625,1978200,0.0,0.0
2024-02-15 00:00:00+07:00,1419.923742236193,1447.765384240824,1415.9463648069598,1435.833251953125,4065500,0.0,0.0
2024-02-16 00:00:00+07:00,1435.8333027869378,1447.7654354970787,1400.0369046565156,1404.0142822265625,2250300,0.0,0.0
2024-02-19 00:00:00+07:00,1396.0595309012276,1423.901173967634,1388.1047757393974,1392.0821533203125,2322600,0.0,0.0
2024-02-20 00:00:00+07:00,1392.0821533203125,1423.901173967634,1388.1047757393974,1392.0821533203125,1320100,0.0,0.0
2024-02-21 00:00:00+07:00,1404.0141574130969,1415.9462890625,1396.0594029801616,1415.9462890625,961900,0.0,0.0
2024-02-22 00:00:00+07:00,1415.9462890625,1439.8105523613062,1404.0141574130969,1415.9462890625,1303000,0.0,0.0
2024-02-23 00:00:00+07:00,1419.923742236193,1443.788006811591,1407.9916099484938,1435.833251953125,1404900,0.0,0.0
2024-02-26 00:00:00+07:00,1427.8785004855533,1435.8332553629102,1415.946368169518,1423.901123046875,1271600,0.0,0.0
2024-02-27 00:00:00+07:00,1423.901173967634,1423.901173967634,1388.1047757393974,1392.0821533203125,3144700,0.0,0.0
2024-02-28 00:00:00+07:00,1400.0367407570423,1427.8783804880063,1392.0819865481956,1411.9688720703125,1248700,0.0,0.0
2024-02-29 00:00:00+07:00,1411.9690412248883,1415.9464188058034,1392.0821533203125,1392.0821533203125,1080500,0.0,0.0
2024-03-01 00:00:00+07:00,1392.081996372768,1404.0141277702487,1348.330847915338,1364.2403564453125,2484100,0.0,0.0
2024-03-04 00:00:00+07:00,1364.2404715201917,1396.0594912641027,1364.2404715201917,1388.104736328125,1221100,0.0,0.0
2024-03-05 00:00:00+07:00,1388.1047757393974,1392.0821533203125,1360.263132672991,1392.0821533203125,1355800,0.0,0.0
2024-03-06 00:00:00+07:00,1392.0821533203125,1396.0595309012276,1368.2178878348213,1392.0821533203125,1655800,0.0,0.0
2024-03-07 00:00:00+07:00,1400.0367431640625,1411.968874497847,1392.0819889415395,1400.0367431640625,1018900,0.0,0.0
2024-03-08 00:00:00+07:00,1407.991457164797,1415.9462111600785,1384.1271951789531,1396.059326171875,655000,0.0,0.0
2024-03-13 00:00:00+07:00,1396.0595309012276,1404.014286063058,1356.2857550920758,1392.0821533203125,2482000,0.0,0.0
2024-03-14 00:00:00+07:00,1392.0819491742345,1396.059326171875,1376.1724411836717,1396.059326171875,854700,0.0,0.0
2024-03-15 00:00:00+07:00,1396.0593282765356,1400.0367052801723,1380.149820261988,1384.127197265625,731700,0.0,0.0
2024-03-18 00:00:00+07:00,1384.1274499725878,1396.0595831620067,1356.2858058639438,1360.26318359375,3626700,0.0,0.0
2024-03-19 00:00:00+07:00,1364.2404749875814,1376.172607421875,1352.3083425532877,1376.172607421875,2764800,0.0,0.0
2024-03-20 00:00:00+07:00,1376.1724432583512,1392.0819512728986,1376.1724432583512,1384.127197265625,1159400,0.0,0.0
2024-03-21 00:00:00+07:00,1384.1273588601362,1392.0821137961138,1372.1952264561694,1388.104736328125,881900,0.0,0.0
2024-03-22 00:00:00+07:00,1388.104611830278,1404.014120275324,1384.1272347190163,1400.0367431640625,884600,0.0,0.0
2024-03-25 00:00:00+07:00,1419.9237060546875,1419.9237060546875,1400.036819415266,1419.9237060546875,836000,0.0,0.0
2024-03-26 00:00:00+07:00,1423.9010864947477,1423.9010864947477,1392.0820678021275,1407.9915771484375,1562000,0.0,0.0
2024-03-27 00:00:00+07:00,1415.9462516091087,1423.901005831632,1400.0367431640625,1400.0367431640625,2213000,0.0,0.0
2024-03-28 00:00:00+07:00,1400.0369084821427,1407.9916636439732,1384.127398158482,1392.0821533203125,831100,0.0,0.0
2024-04-01 00:00:00+07:00,1376.1726429966518,1407.9916636439732,1360.263132672991,1392.0821533203125,3132500,0.0,0.0
2024-04-02 00:00:00+07:00,1396.059363652619,1415.946249174736,1380.1498552349253,1411.9688720703125,2723700,0.0,0.0
2024-04-03 00:00:00+07:00,1411.968874497847,1419.9236287203703,1400.0367431640625,1400.0367431640625,1088600,0.0,0.0
2024-04-04 00:00:00+07:00,1411.9688720703125,1447.7652660101232,1400.0367407570423,1411.9688720703125,3601300,0.0,0.0
2024-04-05 00:00:00+07:00,1419.9236287203703,1419.9236287203703,1388.104611830278,1400.0367431640625,2876200,0.0,0.0
2024-04-16 00:00:00+07:00,1400.0368454391892,1404.0142228410052,1312.53454259924,1324.4666748046875,6902700,0.0,0.0
2024-04-17 00:00:00+07:00,1324.4666350950679,1332.4213896602034,1308.5571259647968,1320.4892578125,2968700,0.0,0.0
2024-04-18 00:00:00+07:00,1320.489260780775,1324.4666380722836,1304.5797516147418,1308.55712890625,2108000,0.0,0.0
2024-04-19 00:00:00+07:00,1308.5571380615233,1344.353533935547,1264.8059875488282,1272.7607421875,3974900,0.0,0.0
2024-04-22 00:00:00+07:00,1276.7381195068358,1284.6928741455079,1232.9869689941406,1272.7607421875,3994500,0.0,0.0
2024-04-23 00:00:00+07:00,1276.7381225971017,1292.6476319129536,1260.82861328125,1260.82861328125,1887500,0.0,0.0
2024-04-24 00:00:00+07:00,1268.78332254161,1284.6928312882133,1268.78332254161,1280.7154541015625,941000,0.0,0.0
2024-04-25 00:00:00+07:00,1280.7155030851911,1284.6928804239649,1240.9417296974523,1248.896484375,4343300,0.0,0.0
2024-04-26 00:00:00+07:00,1248.896484375,1268.7833710688694,1248.896484375,1248.896484375,1358800,0.0,0.0
2024-04-29 00:00:00+07:00,1252.8737889658105,1264.8059202892946,1201.167886564047,1205.145263671875,4334600,0.0,0.0
2024-04-30 00:00:00+07:00,1209.1227140273313,1252.8738648638466,1205.1453366785572,1236.96435546875,1365900,0.0,0.0
2024-05-02 00:00:00+07:00,1240.9417724609375,1252.8739048884465,1213.1001301300832,1240.9417724609375,2272100,0.0,0.0
2024-05-03 00:00:00+07:00,1244.9190322776246,1248.896409377553,1217.077392578125,1217.077392578125,2282900,0.0,0.0
2024-05-06 00:00:00+07:00,1217.0774323404419,1232.9869412599248,1217.0774323404419,1221.0548095703125,432100,0.0,0.0
2024-05-07 00:00:00+07:00,1221.0548095703125,1229.009564030054,1221.0548095703125,1221.0548095703125,996800,0.0,0.0
2024-05-08 00:00:00+07:00,1225.0321896201688,1232.9869440982218,1209.1226806640625,1209.1226806640625,1985900,0.0,0.0
2024-05-13 00:00:00+07:00,1209.1227561185276,1229.0096435546875,1193.2132461695994,1229.0096435546875,3211800,0.0,0.0
2024-05-14 00:00:00+07:00,1225.0321492110147,1225.0321492110147,1201.167886564047,1205.145263671875,1899100,0.0,0.0
2024-05-15 00:00:00+07:00,1205.145303425036,1213.100057903089,1201.1679261860095,1209.1226806640625,4146500,0.0,0.0
2024-05-16 00:00:00+07:00,1209.1227202868852,1213.10009765625,1197.190588178791,1213.10009765625,3600700,0.0,0.0
2024-05-17 00:00:00+07:00,1213.1000523721018,1248.896447360131,1213.1000523721018,1232.9869384765625,3037600,0.0,0.0
2024-05-20 00:00:00+07:00,1229.0096435546875,1248.8965309908474,1217.0775110929915,1229.0096435546875,3858000,0.0,0.0
2024-05-21 00:00:00+07:00,1225.0322265625,1225.0322265625,1205.1453397676541,1225.0322265625,2656900,0.0,0.0
2024-05-22 00:00:00+07:00,1225.0322660674556,1229.0096435546875,1209.1227561185276,1229.0096435546875,2915000,0.0,0.0
2024-05-27 00:00:00+07:00,1229.009607133709,1232.9869845030737,1213.10009765625,1213.10009765625,2012500,0.0,0.0
2024-05-28 00:00:00+07:00,1213.100055110571,1221.0548095703125,1209.1226778807004,1221.0548095703125,1227400,0.0,0.0
2024-05-29 00:00:00+07:00,1221.0547315584904,1221.0547315584904,1201.1678466796875,1201.1678466796875,1547600,0.0,0.0
2024-05-30 00:00:00+07:00,1201.1679655481557,1217.0774750256148,1193.2132108094263,1213.10009765625,1743100,0.0,0.0
2024-05-31 00:00:00+07:00,1217.077429592994,1232.9869384765625,1209.1226751512097,1232.9869384765625,2030400,0.0,0.0
2024-06-03 00:00:00+07:00,1236.9643985291516,1248.8965309908474,1209.1227561185276,1229.0096435546875,4138700,0.0,0.0
2024-06-04 00:00:00+07:00,1229.0096435546875,1229.0096435546875,1209.1227561185276,1229.0096435546875,3082600,0.0,0.0
2024-06-05 00:00:00+07:00,1229.009603921469,1229.009603921469,1209.1227171266235,1225.0322265625,1511700,0.0,0.0
2024-06-06 00:00:00+07:00,1225.032146777982,1225.032146777982,1213.1000154781964,1217.077392578125,650100,0.0,0.0
2024-06-07 00:00:00+07:00,1217.0773949953589,1217.0773949953589,1205.145263671875,1205.145263671875,1426000,0.0,0.0
2024-06-10 00:00:00+07:00,1205.1453429175206,1217.0774750256148,1197.190588178791,1213.10009765625,1139900,0.0,0.0
2024-06-11 00:00:00+07:00,1213.10009765625,1225.0322297643443,1193.2132108094263,1213.10009765625,2882900,0.0,0.0
2024-06-12 00:00:00+07:00,1213.100057903089,1225.0321896201688,1181.281039990877,1209.1226806640625,3459100,0.0,0.0
2024-06-13 00:00:00+07:00,1209.1227171266235,1232.9869812804384,1193.2132076907467,1225.0322265625,1218000,0.0,0.0
2024-06-14 00:00:00+07:00,1225.0322297643443,1232.9869845030737,1193.2132108094263,1213.10009765625,2713200,0.0,0.0
2024-06-19 00:00:00+07:00,1209.1226806640625,1229.0095668591953,1201.1679261860095,1209.1226806640625,2432600,0.0,0.0
2024-06-20 00:00:00+07:00,1209.122640779703,1213.1000178875308,1197.190509456219,1205.145263671875,1542100,0.0,0.0
2024-06-21 00:00:00+07:00,1205.1453006508298,1229.009564030054,1201.167923420959,1221.0548095703125,4036200,0.0,0.0
2024-06-24 00:00:00+07:00,1221.0547696780534,1236.9642780777676,1217.077392578125,1217.077392578125,5154000,0.0,0.0
2024-06-25 00:00:00+07:00,1229.009603921469,1229.009603921469,1189.2358303317776,1225.0322265625,5905900,0.0,0.0
2024-06-26 00:00:00+07:00,1234.3319179287544,1268.1492307487201,1225.8775897237629,1238.55908203125,5082500,91.0,0.0
2024-06-27 00:00:00+07:00,1238.55908203125,1251.2405743387374,1234.3319179287544,1238.55908203125,1497100,0.0,0.0
2024-06-28 00:00:00+07:00,1242.7862807765152,1263.9221018781566,1238.5591165561868,1255.4677734375,1711400,0.0,0.0
2024-07-01 00:00:00+07:00,1259.6949548625628,1272.3764476967497,1251.2406263064381,1263.922119140625,1590100,0.0,0.0
2024-07-02 00:00:00+07:00,1263.9221018781566,1268.1492660984848,1255.4677734375,1255.4677734375,1278800,0.0,0.0
2024-07-03 00:00:00+07:00,1263.9221529818997,1285.0579749381188,1263.9221529818997,1280.830810546875,1227200,0.0,0.0
2024-07-04 00:00:00+07:00,1285.0579749381188,1293.5123037206065,1276.6036461556312,1280.830810546875,2959100,0.0,0.0
2024-07-05 00:00:00+07:00,1280.8306973105985,1293.5121893631785,1276.6035332930717,1285.057861328125,727100,0.0,0.0
2024-07-08 00:00:00+07:00,1289.2851393293627,1289.2851393293627,1272.3764817643873,1280.830810546875,1308500,0.0,0.0
2024-07-09 00:00:00+07:00,1280.8308273565574,1289.28515625,1276.603662909836,1289.28515625,882800,0.0,0.0
2024-07-10 00:00:00+07:00,1289.2851393293627,1293.5123037206065,1280.830810546875,1280.830810546875,839300,0.0,0.0
2024-07-11 00:00:00+07:00,1289.285130785001,1289.285130785001,1272.376473332083,1276.6036376953125,736700,0.0,0.0
2024-07-12 00:00:00+07:00,1276.603662909836,1289.28515625,1272.3764984631148,1289.28515625,942300,0.0,0.0
2024-07-15 00:00:00+07:00,1289.2850253456518,1293.5121893631785,1280.8306973105985,1285.057861328125,576300,0.0,0.0
2024-07-16 00:00:00+07:00,1285.0579918032788,1289.28515625,1276.603662909836,1289.28515625,1432800,0.0,0.0
2024-07-17 00:00:00+07:00,1289.2851028198631,1327.329581263728,1289.2851028198631,1323.1024169921875,2984400,0.0,0.0
2024-07-18 00:00:00+07:00,1323.1024083846655,1340.0110653608274,1310.4209156525442,1318.875244140625,1273100,0.0,0.0
2024-07-19 00:00:00+07:00,1318.875226814516,1327.3295551915323,1301.966570060484,1310.4208984375,1324500,0.0,0.0
2024-07-22 00:00:00+07:00,1310.4210122117718,1318.8753413228155,1301.9666831007282,1306.19384765625,835300,0.0,0.0
2024-07-23 00:00:00+07:00,1306.1937168666295,1310.420880998884,1297.7393886021207,1301.966552734375,590400,0.0,0.0
2024-07-24 00:00:00+07:00,1301.966633624341,1428.7815654708677,1301.966633624341,1403.4185791015625,12227800,0.0,0.0
2024-07-25 00:00:00+07:00,1407.645799424913,1420.3272931134259,1352.6926601080247,1369.601318359375,3772300,0.0,0.0
2024-07-26 00:00:00+07:00,1369.6012049278847,1407.645682842548,1369.6012049278847,1373.828369140625,2281600,0.0,0.0
2024-07-29 00:00:00+07:00,1386.509978797935,1437.235953632006,1373.8284850894174,1433.0087890625,6382500,0.0,0.0
2024-07-30 00:00:00+07:00,1433.0086756089154,1449.9173325482536,1399.1913617302391,1437.23583984375,5523500,0.0,0.0
2024-07-31 00:00:00+07:00,1437.235953632006,1445.6902827710176,1411.8729662149703,1433.0087890625,2832600,0.0,0.0
2024-08-01 00:00:00+07:00,1433.0087427599676,1475.2803870891703,1433.0087427599676,1471.05322265625,4596000,0.0,0.0
2024-08-02 00:00:00+07:00,1471.0531712582238,1475.2803355434485,1445.690185546875,1445.690185546875,2046600,0.0,0.0
2024-08-05 00:00:00+07:00,1445.690169820025,1445.690169820025,1301.9665856858703,1378.0555419921875,6432000,0.0,0.0
2024-08-06 00:00:00+07:00,1382.2827234035585,1390.7370519870665,1356.9197376530344,1386.5098876953125,2983000,0.0,0.0
2024-08-07 00:00:00+07:00,1386.5099047111742,1428.7815481474904,1386.5099047111742,1394.9642333984375,3418900,0.0,0.0
2024-08-08 00:00:00+07:00,1399.191470299238,1399.191470299238,1361.1469892336997,1369.601318359375,1401500,0.0,0.0
2024-08-09 00:00:00+07:00,1369.6012305282964,1394.9642162788205,1369.6012305282964,1386.5098876953125,2088000,0.0,0.0
2024-08-12 00:00:00+07:00,1390.737060546875,1399.1913891824183,1378.05556759356,1390.737060546875,1014600,0.0,0.0
2024-08-13 00:00:00+07:00,1390.7369909485774,1424.554303798391,1382.282662736124,1416.0999755859375,2769000,0.0,0.0
2024-08-14 00:00:00+07:00,1424.5544010759836,1428.7815654708677,1403.4185791015625,1403.4185791015625,1160400,0.0,0.0
2024-08-15 00:00:00+07:00,1424.5542681829445,1424.5542681829445,1373.8283001764303,1399.1912841796875,4183700,0.0,0.0
2024-08-16 00:00:00+07:00,1403.41855350019,1407.6457178179617,1373.8284032757883,1390.737060546875,7121400,0.0,0.0
2024-08-19 00:00:00+07:00,1390.7369823341598,1416.099966814418,1390.7369823341598,1411.872802734375,2476900,0.0,0.0
2024-08-20 00:00:00+07:00,1416.1000439168413,1449.9173583984375,1416.1000439168413,1449.9173583984375,5327600,0.0,0.0
2024-08-21 00:00:00+07:00,1449.9174251719419,1509.0977282401843,1449.9174251719419,1483.7347412109375,8154000,0.0,0.0
2024-08-22 00:00:00+07:00,1483.7346728800337,1492.1890015004326,1449.9173583984375,1449.9173583984375,3779700,0.0,0.0
2024-08-23 00:00:00+07:00,1449.9174004916486,1483.7347159550106,1449.9174004916486,1471.05322265625,3425700,0.0,0.0
2024-08-26 00:00:00+07:00,1483.7346518911966,1559.8236083984375,1475.280323390392,1559.8236083984375,9744500,0.0,0.0
2024-08-27 00:00:00+07:00,1564.0507117738116,1606.3223526325633,1559.8235476879363,1589.4136962890625,10281100,0.0,0.0
2024-08-28 00:00:00+07:00,1589.4137309827304,1648.5940294767681,1572.505074270148,1606.3223876953125,8590000,0.0,0.0
2024-08-29 00:00:00+07:00,1602.0953156697817,1619.0039733549509,1530.2335205078125,1530.2335205078125,6135600,0.0,0.0
2024-08-30 00:00:00+07:00,1530.2333896457324,1538.687717765322,1517.5518974663478,1526.0062255859375,2490600,0.0,0.0
2024-09-02 00:00:00+07:00,1526.0063893469305,1555.5965409409152,1526.0063893469305,1547.1422119140625,996400,0.0,0.0
2024-09-03 00:00:00+07:00,1551.3692453044735,1551.3692453044735,1500.6432754307577,1542.9149169921875,2488400,0.0,0.0
2024-09-04 00:00:00+07:00,1530.2333896457324,1534.4605537055272,1509.097569346758,1526.0062255859375,2273200,0.0,0.0
2024-09-05 00:00:00+07:00,1526.0062255859375,1547.1420458849118,1513.324733406553,1526.0062255859375,2526700,0.0,0.0
2024-09-06 00:00:00+07:00,1526.006339179145,1551.3693254258899,1513.3248460557727,1521.7791748046875,1979700,0.0,0.0
2024-09-09 00:00:00+07:00,1517.5518974663478,1534.4605537055272,1509.097569346758,1526.0062255859375,2604100,0.0,0.0
2024-09-10 00:00:00+07:00,1530.233475430635,1576.732282695102,1526.0063111338654,1568.2779541015625,2842000,0.0,0.0
2024-09-11 00:00:00+07:00,1568.2779711194078,1597.8681215178872,1568.2779711194078,1576.7322998046875,2763400,0.0,0.0
2024-09-12 00:00:00+07:00,1576.7322566820228,1580.9594209090524,1551.3692713198454,1555.596435546875,1477500,0.0,0.0
2024-09-13 00:00:00+07:00,1555.5964612112534,1580.9594469918718,1555.5964612112534,1568.2779541015625,1555500,0.0,0.0
2024-09-17 00:00:00+07:00,1568.2779711194078,1597.8681215178872,1564.0508067767678,1576.7322998046875,2076700,0.0,0.0
2024-09-18 00:00:00+07:00,1576.7322912728914,1589.413784232191,1572.505126953125,1572.505126953125,841700,0.0,0.0
2024-09-19 00:00:00+07:00,1572.5050657569261,1619.0038714647924,1572.5050657569261,1602.09521484375,6468700,0.0,0.0
2024-09-20 00:00:00+07:00,1602.095307804988,1669.7299382136418,1580.9594858022836,1648.5941162109375,8345500,0.0,0.0
2024-09-23 00:00:00+07:00,1648.5941162109375,1669.7299382136418,1623.2311298076922,1648.5941162109375,4618900,0.0,0.0
2024-09-24 00:00:00+07:00,1635.912586669922,1716.2287084960938,1635.912586669922,1690.86572265625,8979800,0.0,0.0
2024-09-25 00:00:00+07:00,1707.7743625353328,1716.2286910627356,1648.5940628435144,1682.411376953125,4677500,0.0,0.0
2024-09-26 00:00:00+07:00,1682.4113422529344,1686.6385064294495,1657.048357193845,1665.502685546875,932500,0.0,0.0
2024-09-27 00:00:00+07:00,1665.5027908013792,1673.957119688696,1648.5941330267458,1657.0484619140625,1666600,0.0,0.0
2024-09-30 00:00:00+07:00,1657.0484619140625,1673.957119688696,1640.1398041394293,1657.0484619140625,2468700,0.0,0.0
2024-10-01 00:00:00+07:00,1657.048495205966,1682.4114823774858,1652.8213306773794,1673.9571533203125,1481400,0.0,0.0
2024-10-02 00:00:00+07:00,1673.9571242559525,1673.9571242559525,1593.6409996073082,1597.8681640625,5029100,0.0,0.0
2024-10-03 00:00:00+07:00,1597.8680593390213,1623.2310444078948,1580.9594026264392,1606.3223876953125,3413000,0.0,0.0
2024-10-04 00:00:00+07:00,1606.3224415112566,1610.5496058310232,1572.505126953125,1572.505126953125,1757300,0.0,0.0
2024-10-07 00:00:00+07:00,1572.5051730408961,1678.1842841323542,1572.5051730408961,1657.0484619140625,3858100,0.0,0.0
2024-10-08 00:00:00+07:00,1657.0484019886362,1665.502730570211,1623.2310876623376,1627.458251953125,1677100,0.0,0.0
2024-10-09 00:00:00+07:00,1627.458268986192,1644.3669263263082,1610.5496116460756,1635.91259765625,1586900,0.0,0.0
2024-10-10 00:00:00+07:00,1640.1397486884812,1758.5003491092996,1627.4582557862507,1750.0460205078125,11205800,0.0,0.0
2024-10-11 00:00:00+07:00,1750.0459678613743,1817.6805946386255,1741.591639514218,1783.86328125,8096000,0.0,0.0
2024-10-14 00:00:00+07:00,1775.4089712747714,1868.4065840558308,1724.6830006669206,1733.1373291015625,3114100,0.0,0.0
2024-10-15 00:00:00+07:00,1733.1373291015625,1758.5003144054876,1733.1373291015625,1733.1373291015625,1487700,0.0,0.0
2024-10-16 00:00:00+07:00,1741.5916224888394,1792.317592075893,1716.2286376953125,1716.2286376953125,5192900,0.0,0.0
2024-10-17 00:00:00+07:00,1716.228672232279,1783.863299709413,1707.7743437976371,1733.1373291015625,4849600,0.0,0.0
2024-10-18 00:00:00+07:00,1733.1373462862182,1758.5003318416263,1724.6830177677489,1741.5916748046875,1797600,0.0,0.0
2024-10-21 00:00:00+07:00,1741.5916563789801,1817.6806122401977,1733.1373279499558,1792.317626953125,4302600,0.0,0.0
2024-10-22 00:00:00+07:00,1792.317626953125,1817.6806122401977,1750.0459848080043,1792.317626953125,4150500,0.0,0.0
2024-10-23 00:00:00+07:00,1792.3176635152474,1792.3176635152474,1750.0460205078125,1750.0460205078125,2017000,0.0,0.0
2024-10-24 00:00:00+07:00,1750.046003323157,1783.8633173970343,1733.1373462862182,1741.5916748046875,1393600,0.0,0.0
2024-10-25 00:00:00+07:00,1741.5916919063254,1766.9546777107864,1741.5916919063254,1750.0460205078125,1071300,0.0,0.0
2024-10-28 00:00:00+07:00,1750.045985970846,1766.9546428401295,1716.228672232279,1733.1373291015625,1270000,0.0,0.0
2024-10-29 00:00:00+07:00,1733.1373291015625,1758.5003144054876,1724.6830006669206,1733.1373291015625,1478000,0.0,0.0
2024-10-30 00:00:00+07:00,1733.1373801598181,1766.9546948946438,1724.6830514761118,1758.5003662109375,1948800,0.0,0.0
2024-10-31 00:00:00+07:00,1766.9547287713913,1817.6807018461682,1758.5003999255953,1775.4090576171875,5026000,0.0,0.0
2024-11-01 00:00:00+07:00,1775.4090063122735,1792.3176635152474,1733.1373633048383,1750.0460205078125,2259300,0.0,0.0
2024-11-04 00:00:00+07:00,1766.9546979458178,1766.9546979458178,1673.957082264459,1699.320068359375,2750400,0.0,0.0
2024-11-05 00:00:00+07:00,1699.3200322123407,1775.408988878565,1690.8657036938714,1741.5916748046875,1515400,0.0,0.0
2024-11-06 00:00:00+07:00,1750.0459507533483,1758.5002790178573,1707.7743094308037,1716.2286376953125,1623700,0.0,0.0
2024-11-07 00:00:00+07:00,1716.2286376953125,1724.6829659598216,1690.8656529017858,1716.2286376953125,1890000,0.0,0.0
2024-11-08 00:00:00+07:00,1724.6829659598216,1724.6829659598216,1699.3199811662948,1716.2286376953125,1918200,0.0,0.0
2024-11-11 00:00:00+07:00,1716.2287428449877,1733.1374004099628,1690.8657564975247,1707.7744140625,2379400,0.0,0.0
2024-11-12 00:00:00+07:00,1707.7744268508184,1783.8633864629835,1690.8657691592261,1775.4090576171875,2727700,0.0,0.0
2024-11-13 00:00:00+07:00,1775.408988878565,1792.3176459155038,1699.3200322123407,1741.5916748046875,2620500,0.0,0.0
2024-11-14 00:00:00+07:00,1733.1373291015625,1775.4089712747714,1699.3200153629953,1733.1373291015625,3563500,0.0,0.0
2024-11-15 00:00:00+07:00,1750.0460205078125,1775.4090063122735,1733.1373633048383,1750.0460205078125,2551000,0.0,0.0
2024-11-18 00:00:00+07:00,1750.046003323157,1775.408988878565,1733.1373462862182,1741.5916748046875,3648400,0.0,0.0
2024-11-19 00:00:00+07:00,1741.5916224888394,1750.0459507533483,1699.3199811662948,1716.2286376953125,4940900,0.0,0.0
2024-11-20 00:00:00+07:00,1716.2287257559856,1724.6830544542909,1690.8657396610695,1699.320068359375,3084100,0.0,0.0
2024-11-21 00:00:00+07:00,1716.2287257559856,1716.2287257559856,1682.4114109627642,1699.320068359375,1815500,0.0,0.0
2024-11-22 00:00:00+07:00,1699.3200488988903,1750.0460205078125,1686.6385559966598,1750.0460205078125,1931900,0.0,0.0
2024-11-25 00:00:00+07:00,1750.046057974938,1766.9547155399132,1699.3200852800123,1707.7744140625,1992900,0.0,0.0
2024-11-26 00:00:00+07:00,1716.2287084960938,1724.683037109375,1690.86572265625,1690.86572265625,1689800,0.0,0.0
2024-11-28 00:00:00+07:00,1690.865777463329,1707.7744352379625,1623.231146364796,1657.0484619140625,2428300,0.0,0.0
2024-11-29 00:00:00+07:00,1631.6853639305739,1657.0483488621373,1580.9593940674474,1602.09521484375,7582000,0.0,0.0
2024-12-02 00:00:00+07:00,1602.095223517167,1657.0483578330593,1602.095223517167,1606.3223876953125,2530500,0.0,0.0
2024-12-03 00:00:00+07:00,1610.5496826171875,1623.2311761811025,1585.1866954893578,1610.5496826171875,2997200,0.0,0.0
2024-12-04 00:00:00+07:00,1610.5495777578328,1644.3668917265013,1610.5495777578328,1619.00390625,1056400,0.0,0.0
2024-12-05 00:00:00+07:00,1627.4582260691059,1669.729868304667,1614.7767333984375,1614.7767333984375,3084300,0.0,0.0
2024-12-06 00:00:00+07:00,1606.3224049513253,1631.685390292662,1606.3224049513253,1614.7767333984375,1762100,0.0,0.0
2024-12-09 00:00:00+07:00,1614.7767333984375,1648.5940471868864,1606.3224049513253,1614.7767333984375,3280300,0.0,0.0
2024-12-10 00:00:00+07:00,1619.0038802297493,1623.2310444078948,1597.8680593390213,1606.3223876953125,2938000,0.0,0.0
2024-12-11 00:00:00+07:00,1606.3223526325633,1619.0038448901887,1585.1865322031874,1589.4136962890625,5340000,0.0,0.0
2024-12-12 00:00:00+07:00,1585.1865585536173,1610.5495434904751,1542.9149169921875,1542.9149169921875,5700000,0.0,0.0
2024-12-13 00:00:00+07:00,1542.9148714804237,1547.1420355118769,1454.1444268199061,1462.5987548828125,9144100,0.0,0.0
2024-12-16 00:00:00+07:00,1462.598807611409,1462.598807611409,1403.418509037537,1428.781494140625,6327500,0.0,0.0
2024-12-17 00:00:00+07:00,1428.7815693789307,1428.7815693789307,1340.0111168435535,1344.23828125,11956700,0.0,0.0
2024-12-18 00:00:00+07:00,1340.0110913473463,1369.6012416294643,1323.1024340432787,1331.5567626953125,7642100,0.0,0.0
2024-12-19 00:00:00+07:00,1327.329581263728,1327.329581263728,1285.0579385483227,1323.1024169921875,4320600,0.0,0.0
2024-12-20 00:00:00+07:00,1323.1023215764685,1344.2381414099584,1323.1023215764685,1335.7838134765625,1848400,0.0,0.0
2024-12-23 00:00:00+07:00,1340.011166419512,1369.601318359375,1335.7840018566744,1369.601318359375,1721400,0.0,0.0
2024-12-24 00:00:00+07:00,1382.2827781677247,1399.1914360046387,1348.4654624938964,1352.692626953125,2341600,0.0,0.0
2024-12-27 00:00:00+07:00,1352.692626953125,1369.601284790039,1348.4654624938964,1352.692626953125,764400,0.0,0.0
2024-12-30 00:00:00+07:00,1361.1468505859375,1361.1468505859375,1340.0110299246653,1361.1468505859375,2093900,0.0,0.0
2025-01-02 00:00:00+07:00,1361.1469302974665,1373.828423436884,1335.7839440186317,1340.0111083984375,2816200,0.0,0.0
2025-01-03 00:00:00+07:00,1340.0110913473463,1348.46541999938,1323.1024340432787,1331.5567626953125,2006500,0.0,0.0
2025-01-06 00:00:00+07:00,1331.5566927136351,1344.2381850251934,1293.5122157789597,1297.7393798828125,2798900,0.0,0.0
2025-01-07 00:00:00+07:00,1297.7393886021207,1314.6480451311384,1289.2850603376116,1301.966552734375,1935900,0.0,0.0
2025-01-08 00:00:00+07:00,1301.9666064453124,1306.193770751953,1251.240634765625,1268.1492919921875,6347400,0.0,0.0
2025-01-09 00:00:00+07:00,1272.376456298828,1280.8307849121095,1263.922127685547,1268.1492919921875,2157600,0.0,0.0
2025-01-10 00:00:00+07:00,1268.1492919921875,1285.05794921875,1263.922127685547,1268.1492919921875,3312700,0.0,0.0
2025-01-13 00:00:00+07:00,1268.1492919921875,1293.5122778320313,1263.922127685547,1268.1492919921875,4145900,0.0,0.0
2025-01-14 00:00:00+07:00,1272.3764817643873,1297.73946811185,1268.1493173731435,1280.830810546875,4959700,0.0,0.0
2025-01-15 00:00:00+07:00,1293.5123083726414,1373.8284320951257,1293.5123083726414,1344.23828125,4168300,0.0,0.0
2025-01-16 00:00:00+07:00,1352.692610062893,1361.1469388757862,1318.8752948113208,1344.23828125,2362400,0.0,0.0
2025-01-17 00:00:00+07:00,1344.2382727782433,1348.465437158049,1306.193793359991,1340.0111083984375,2304300,0.0,0.0
2025-01-20 00:00:00+07:00,1340.0110039307406,1352.6924960815047,1335.7838398804859,1348.46533203125,1542900,0.0,0.0
2025-01-21 00:00:00+07:00,1352.6924960815047,1361.1468241820141,1331.5566758302311,1348.46533203125,2275100,0.0,0.0
2025-01-22 00:00:00+07:00,1352.6925565567485,1382.2827062314273,1348.4653923175085,1378.0555419921875,1724900,0.0,0.0
2025-01-23 00:00:00+07:00,1386.5098704706672,1394.9641989491467,1369.6012135137078,1378.0555419921875,2375800,0.0,0.0
2025-01-24 00:00:00+07:00,1382.282628177516,1407.6456121807732,1378.0554641769731,1399.1912841796875,1822700,0.0,0.0
2025-01-30 00:00:00+07:00,1399.1913277762278,1407.6456560407366,1344.2381940569196,1361.1468505859375,1930700,0.0,0.0
2025-01-31 00:00:00+07:00,1361.146893515864,1386.5098791093274,1352.6925649847096,1382.28271484375,880500,0.0,0.0
2025-02-03 00:00:00+07:00,1382.282680074497,1399.1913367114937,1361.1468592782508,1365.3740234375,2918600,0.0,0.0
2025-02-04 00:00:00+07:00,1369.6012049278847,1382.2826975661058,1361.1468765024038,1373.828369140625,2076200,0.0,0.0
2025-02-05 00:00:00+07:00,1373.8283429827009,1378.0555071149554,1310.420880998884,1361.1468505859375,4083500,0.0,0.0
2025-02-06 00:00:00+07:00,1361.1468865810298,1365.3740508250703,1318.875244140625,1318.875244140625,1605600,0.0,0.0
2025-02-07 00:00:00+07:00,1318.8752864994085,1352.692601537855,1306.193793359991,1340.0111083984375,822000,0.0,0.0
2025-02-10 00:00:00+07:00,1352.6925223214287,1369.6011788504466,1335.7838657924108,1361.1468505859375,2409300,0.0,0.0
2025-02-11 00:00:00+07:00,1361.1469302974665,1373.828423436884,1335.7839440186317,1340.0111083984375,2267300,0.0,0.0
2025-02-12 00:00:00+07:00,1340.0111168435535,1352.692610062893,1331.5567880306603,1344.23828125,769300,0.0,0.0
2025-02-13 00:00:00+07:00,1352.692626953125,1352.692626953125,1327.3296401977539,1352.692626953125,1836200,0.0,0.0
2025-02-14 00:00:00+07:00,1352.692626953125,1361.1469558715821,1340.0111335754395,1352.692626953125,785000,0.0,0.0
2025-02-17 00:00:00+07:00,1352.6926353193148,1361.1469642900604,1344.238306348569,1356.9197998046875,569500,0.0,0.0
2025-02-18 00:00:00+07:00,1361.1469558715821,1369.601284790039,1340.0111335754395,1352.692626953125,1862400,0.0,0.0
2025-02-19 00:00:00+07:00,1348.4654624938964,1361.1469558715821,1340.0111335754395,1352.692626953125,1498700,0.0,0.0
2025-02-20 00:00:00+07:00,1348.4654026214307,1352.6925668929712,1318.8752527206468,1323.1024169921875,2097300,0.0,0.0
2025-02-21 00:00:00+07:00,1323.1024083846655,1335.7839011167869,1314.6480798965847,1318.875244140625,1312600,0.0,0.0
2025-02-24 00:00:00+07:00,1318.875244140625,1327.329572628706,1310.4209156525442,1318.875244140625,888700,0.0,0.0
2025-02-25 00:00:00+07:00,1318.875173468339,1318.875173468339,1272.376369275545,1285.057861328125,1529100,0.0,0.0
2025-02-26 00:00:00+07:00,1293.5123037206065,1301.966632503094,1280.830810546875,1280.830810546875,952900,0.0,0.0
2025-02-27 00:00:00+07:00,1289.2851135253907,1297.7394421386718,1259.6949633789063,1268.1492919921875,1428100,0.0,0.0
2025-02-28 00:00:00+07:00,1263.922127685547,1268.1492919921875,1230.104813232422,1268.1492919921875,2129700,0.0,0.0
2025-03-03 00:00:00+07:00,1268.1492565524195,1327.3295551915323,1268.1492565524195,1310.4208984375,2739800,0.0,0.0
2025-03-04 00:00:00+07:00,1310.420872194371,1310.420872194371,1272.3763952596958,1297.7393798828125,1025900,0.0,0.0
2025-03-05 00:00:00+07:00,1297.7394058719758,1318.875226814516,1289.2850774949598,1310.4208984375,1062900,0.0,0.0
2025-03-06 00:00:00+07:00,1314.6480884491064,1323.1024169921875,1310.420924177566,1323.1024169921875,297200,0.0,0.0
2025-03-07 00:00:00+07:00,1318.875209263393,1323.1023733956474,1301.966552734375,1301.966552734375,905000,0.0,0.0
2025-03-10 00:00:00+07:00,1314.6480626260081,1323.1023910030242,1289.2850774949598,1310.4208984375,997000,0.0,0.0
2025-03-11 00:00:00+07:00,1306.1937168666295,1310.420880998884,1285.057896205357,1301.966552734375,773800,0.0,0.0
2025-03-12 00:00:00+07:00,1301.966649590164,1310.4209784836066,1285.0579918032788,1289.28515625,932000,0.0,0.0
2025-03-13 00:00:00+07:00,1289.2850253456518,1301.9665173982319,1268.1492052580181,1285.057861328125,1804300,0.0,0.0
2025-03-14 00:00:00+07:00,1289.2851135253907,1301.9666064453124,1259.6949633789063,1268.1492919921875,2002900,0.0,0.0
2025-03-17 00:00:00+07:00,1268.1492919921875,1276.6036206054687,1259.6949633789063,1268.1492919921875,631700,0.0,0.0
2025-03-18 00:00:00+07:00,1268.1493642378825,1268.1493642378825,1217.4233896683672,1242.786376953125,2153900,0.0,0.0
2025-03-19 00:00:00+07:00,1230.1048583984375,1238.559187322138,1204.7418716273357,1230.1048583984375,1734000,0.0,0.0
2025-03-20 00:00:00+07:00,1251.2405743387374,1251.2405743387374,1225.8775897237629,1238.55908203125,824800,0.0,0.0
2025-03-21 00:00:00+07:00,1238.559135570861,1238.559135570861,1200.5146570038378,1204.7418212890625,835400,0.0,0.0
2025-03-24 00:00:00+07:00,1217.4232790258006,1217.4232790258006,1162.4701449031083,1187.8331298828125,1180500,0.0,0.0
2025-03-25 00:00:00+07:00,1187.8331471365668,1217.423296709364,1183.6059829118815,1196.2874755859375,720500,0.0,0.0
2025-03-26 00:00:00+07:00,1242.7863061523437,1297.7394421386718,1225.8776489257812,1268.1492919921875,3816800,0.0,0.0
2025-03-27 00:00:00+07:00,1276.6035332930717,1293.5121893631785,1272.376369275545,1285.057861328125,860700,0.0,0.0
2025-04-08 00:00:00+07:00,1259.6949298398715,1259.6949298398715,1183.6059743461878,1192.060302734375,3093500,0.0,0.0
2025-04-09 00:00:00+07:00,1196.2874316757532,1213.1960879538558,1170.9244472585995,1175.151611328125,2278400,0.0,0.0
2025-04-10 00:00:00+07:00,1208.9690278151938,1251.2406721443965,1204.7418633822736,1225.877685546875,1596400,0.0,0.0
2025-04-11 00:00:00+07:00,1208.9690278151938,1242.786343278556,1204.7418633822736,1225.877685546875,1771500,0.0,0.0
2025-04-14 00:00:00+07:00,1225.8776489257812,1276.6036206054687,1225.8776489257812,1268.1492919921875,2844100,0.0,0.0
2025-04-15 00:00:00+07:00,1272.376456298828,1297.7394421386718,1263.922127685547,1268.1492919921875,3721500,0.0,0.0
2025-04-16 00:00:00+07:00,1280.8307587594697,1280.8307587594697,1247.0134449968434,1255.4677734375,1492500,0.0,0.0
2025-04-17 00:00:00+07:00,1255.4677734375,1272.3764303188132,1251.2406092171716,1255.4677734375,489000,0.0,0.0
2025-04-21 00:00:00+07:00,1255.467824199412,1285.0579749381188,1255.467824199412,1280.830810546875,828700,0.0,0.0
2025-04-22 00:00:00+07:00,1276.60367120481,1301.9666580499386,1276.60367120481,1293.5123291015625,1139600,0.0,0.0
2025-04-23 00:00:00+07:00,1301.966570060484,1327.3295551915323,1301.966570060484,1310.4208984375,818800,0.0,0.0
2025-04-24 00:00:00+07:00,1310.420880998884,1323.1023733956474,1301.966552734375,1301.966552734375,906000,0.0,0.0
2025-04-25 00:00:00+07:00,1301.9666289801853,1352.692601537855,1301.9666289801853,1340.0111083984375,947200,0.0,0.0
2025-04-28 00:00:00+07:00,1348.4654456564465,1365.3741032822327,1344.23828125,1344.23828125,1949200,0.0,0.0
2025-04-29 00:00:00+07:00,1348.465366800503,1369.6011875967492,1348.465366800503,1365.3740234375,1078300,0.0,0.0
2025-04-30 00:00:00+07:00,1602.0951679207687,1606.322331952222,1441.4629347255466,1462.5987548828125,7985100,0.0,0.0
2025-05-02 00:00:00+07:00,1479.5074110086255,1483.7345750400787,1458.3715908513593,1462.5987548828125,2754900,0.0,0.0
2025-05-05 00:00:00+07:00,1466.8260156392355,1471.053179949435,1437.235865467839,1449.9173583984375,5273500,0.0,0.0
2025-05-06 00:00:00+07:00,1449.9174004916486,1479.5075515220904,1449.9174004916486,1471.05322265625,1863200,0.0,0.0
2025-05-07 00:00:00+07:00,1475.2802821568082,1496.4161028180804,1466.8259538922991,1479.5074462890625,2712400,0.0,0.0
2025-05-08 00:00:00+07:00,1479.5075144847679,1517.5519934286617,1462.5988571763703,1513.3248291015625,3544100,0.0,0.0
2025-05-09 00:00:00+07:00,1513.3248205532213,1521.7791491596638,1492.1889990371149,1509.09765625,2725300,0.0,0.0
2025-05-14 00:00:00+07:00,1517.552015299479,1602.0953030598957,1517.552015299479,1585.1866455078125,5928400,0.0,0.0
2025-05-15 00:00:00+07:00,1585.186637021641,1606.3224588485964,1564.0508151946858,1580.95947265625,1995700,0.0,0.0
2025-05-16 00:00:00+07:00,1580.9594555926578,1593.6409485519573,1564.050798313592,1572.505126953125,4509000,0.0,0.0
2025-05-19 00:00:00+07:00,1589.4137816750324,1640.1397534306186,1589.4137816750324,1631.6854248046875,4960200,0.0,0.0
2025-05-20 00:00:00+07:00,1635.912589117653,1665.5027393084117,1619.003931865791,1631.6854248046875,4232300,0.0,0.0
2025-05-21 00:00:00+07:00,1635.912623009315,1652.8212806114784,1631.685458608774,1648.5941162109375,1498300,0.0,0.0
2025-05-22 00:00:00+07:00,1652.8212721170069,1652.8212721170069,1623.2311214652957,1644.366943359375,1826300,0.0,0.0
2025-05-23 00:00:00+07:00,1610.5495167184383,1614.7766808043136,1585.1865322031874,1589.4136962890625,1991300,0.0,0.0
2025-05-26 00:00:00+07:00,1589.4136962890625,1614.7766808043136,1555.5963836020612,1589.4136962890625,3279500,0.0,0.0
2025-05-27 00:00:00+07:00,1597.8681556438578,1602.0953200767779,1576.7323334792563,1593.6409912109375,1777500,0.0,0.0
2025-05-28 00:00:00+07:00,1593.640912280657,1631.685390292662,1593.640912280657,1614.7767333984375,2926700,0.0,0.0
2025-06-02 00:00:00+07:00,1619.0038976219937,1631.685390292662,1606.3224049513253,1614.7767333984375,2628900,0.0,0.0
2025-06-03 00:00:00+07:00,1619.00390625,1635.9125632343341,1585.1865922813315,1619.00390625,5093100,0.0,0.0
2025-06-04 00:00:00+07:00,1619.0039148330688,1627.4582433700562,1597.8680934906006,1623.2310791015625,2192200,0.0,0.0
2025-06-05 00:00:00+07:00,1627.4582433700562,1627.4582433700562,1606.322422027588,1623.2310791015625,900200,0.0,0.0
2025-06-10 00:00:00+07:00,1623.2310876623376,1635.9125805346996,1614.776759080763,1627.458251953125,1889900,0.0,0.0
2025-06-11 00:00:00+07:00,1635.9124843951352,1644.3668124798646,1619.0038282256764,1640.1396484375,976500,0.0,0.0
2025-06-12 00:00:00+07:00,1640.139701120477,1652.8211936549137,1602.095223517167,1606.3223876953125,2859300,0.0,0.0
2025-06-13 00:00:00+07:00,1606.3224135117493,1631.6853989882507,1606.3224135117493,1619.00390625,1197600,0.0,0.0
2025-06-16 00:00:00+07:00,1619.0038714647924,1631.6853639305739,1602.09521484375,1602.09521484375,2094700,0.0,0.0
2025-06-17 00:00:00+07:00,1610.5495777578328,1627.458234742167,1597.8680850195822,1619.00390625,1173600,0.0,0.0
2025-06-18 00:00:00+07:00,1623.2310961787566,1640.1397534306186,1619.003931865791,1631.6854248046875,1494200,0.0,0.0
2025-06-19 00:00:00+07:00,1635.9126441592264,1640.1398086144181,1597.8681640625,1597.8681640625,4128000,0.0,0.0
2025-06-20 00:00:00+07:00,1614.7767160516037,1619.0038802297493,1593.640895160876,1606.3223876953125,3331600,0.0,0.0
2025-06-23 00:00:00+07:00,1526.0063027871622,1580.9594383445947,1526.0063027871622,1564.05078125,4378800,0.0,0.0
2025-06-24 00:00:00+07:00,1572.5050657569261,1606.3223789990107,1572.5050657569261,1602.09521484375,1579700,0.0,0.0
2025-06-25 00:00:00+07:00,1602.095223517167,1610.549551873458,1593.640895160876,1606.3223876953125,2089800,0.0,0.0
2025-06-26 00:00:00+07:00,1610.5495001409472,1640.1396484375,1602.0951720562177,1640.1396484375,2928600,0.0,0.0
2025-06-30 00:00:00+07:00,1648.5940820565495,1665.5027393084117,1614.7767675528255,1631.6854248046875,7148200,0.0,0.0
2025-07-01 00:00:00+07:00,1681.2670158011015,1681.2670158011015,1627.1779965259989,1649.715087890625,5135900,120.0,0.0
2025-07-02 00:00:00+07:00,1672.2521792552511,1672.2521792552511,1640.7002513447746,1649.715087890625,2853300,0.0,0.0
2025-07-03 00:00:00+07:00,1649.7150588262648,1708.3114953419517,1649.7150588262648,1703.8040771484375,3552000,0.0,0.0
2025-07-04 00:00:00+07:00,1703.8040969436233,1703.8040969436233,1667.7447509765625,1667.7447509765625,935200,0.0,0.0
2025-07-07 00:00:00+07:00,1667.744771209211,1667.744771209211,1631.6854248046875,1631.6854248046875,1195900,0.0,0.0
2025-07-08 00:00:00+07:00,1627.1779688168879,1654.2224779939,1604.6408778360444,1645.2076416015625,1274000,0.0,0.0
2025-07-09 00:00:00+07:00,1645.2076229519314,1649.7150410970053,1622.6705322265625,1622.6705322265625,1473100,0.0,0.0
2025-07-10 00:00:00+07:00,1622.6705983763966,1622.6705983763966,1600.13350673228,1613.65576171875,2530900,0.0,0.0
2025-07-11 00:00:00+07:00,1618.1631599801485,1658.7299244364754,1613.6557417072233,1649.715087890625,1455800,0.0,0.0
2025-07-14 00:00:00+07:00,1649.715087890625,1654.2225061635502,1631.6854147989243,1649.715087890625,758500,0.0,0.0
2025-07-15 00:00:00+07:00,1649.715087890625,1658.7299244364754,1636.1928330718495,1649.715087890625,1909100,0.0,0.0
2025-07-16 00:00:00+07:00,1658.729949629934,1721.8338064093339,1658.729949629934,1712.8189697265625,3347700,0.0,0.0
2025-07-17 00:00:00+07:00,1712.818997600886,1721.8338344303643,1699.2967423566683,1717.326416015625,1998400,0.0,0.0
2025-07-18 00:00:00+07:00,1721.8338064093339,1748.878316457648,1708.3115513851767,1712.8189697265625,2040800,0.0,0.0
2025-07-21 00:00:00+07:00,1726.3412528451033,1739.863508089321,1712.818997600886,1717.326416015625,726100,0.0,0.0
2025-07-22 00:00:00+07:00,1717.326416015625,1730.8486712598426,1708.3115791861467,1717.326416015625,1438100,0.0,0.0
2025-07-23 00:00:00+07:00,1721.833796183268,1730.8486328125,1708.3115412394204,1730.8486328125,818500,0.0,0.0
2025-07-24 00:00:00+07:00,1730.848604765013,1735.3560230065887,1690.281840590833,1726.3411865234375,1606300,0.0,0.0
2025-07-25 00:00:00+07:00,1717.3263220662222,1757.8930855795975,1717.3263220662222,1721.833740234375,2962400,0.0,0.0
2025-07-28 00:00:00+07:00,1726.3411755371094,1820.9969580078125,1721.8337573242186,1802.96728515625,4478700,0.0,0.0
2025-07-29 00:00:00+07:00,1820.996929579809,1848.0414384349544,1793.9524207246632,1798.4598388671875,2815100,0.0,0.0
2025-07-30 00:00:00+07:00,1802.9672950205177,1830.0118044458256,1766.9079491201073,1784.9376220703125,4159500,0.0,0.0
2025-07-31 00:00:00+07:00,1784.9375751201922,1793.952411358173,1739.8633939302883,1757.89306640625,2170500,0.0,0.0
2025-08-01 00:00:00+07:00,1766.9079121802138,1771.4153303235307,1726.3411488903619,1739.8634033203125,3211400,0.0,0.0
2025-08-04 00:00:00+07:00,1766.9079219159032,1766.9079219159032,1717.3263220662222,1721.833740234375,2140700,0.0,0.0
2025-08-05 00:00:00+07:00,1726.341242327009,1753.3857526506697,1726.341242327009,1735.3560791015625,795700,0.0,0.0
2025-08-06 00:00:00+07:00,1735.3559947388335,1753.3856674114447,1721.833740234375,1721.833740234375,1639300,0.0,0.0
2025-08-07 00:00:00+07:00,1721.8338064093339,1744.3708981162622,1712.8189697265625,1712.8189697265625,1394000,0.0,0.0
2025-08-08 00:00:00+07:00,1712.8189697265625,1726.3412247507194,1703.8041330437911,1712.8189697265625,2817300,0.0,0.0
2025-08-11 00:00:00+07:00,1721.8338239397322,1739.8634974888394,1712.8189871651787,1735.3560791015625,1278100,0.0,0.0
2025-08-12 00:00:00+07:00,1735.3560614334908,1739.8634797748766,1694.7892963610198,1712.8189697265625,1909900,0.0,0.0
2025-08-13 00:00:00+07:00,1712.818941705145,1717.3263599727902,1703.804105169855,1708.3115234375,1150300,0.0,0.0
2025-08-14 00:00:00+07:00,1708.3114953419517,1717.3263317289807,1699.296658954923,1703.8040771484375,1704500,0.0,0.0
2025-08-15 00:00:00+07:00,1703.8041255159198,1708.3115438373907,1672.252197265625,1672.252197265625,2682900,0.0,0.0
2025-08-19 00:00:00+07:00,1672.2521594042446,1708.3115051595923,1663.2373229654077,1685.7744140625,1480000,0.0,0.0
2025-08-20 00:00:00+07:00,1685.7744043743799,1712.8189135354662,1681.2669861808656,1703.8040771484375,715800,0.0,0.0
2025-08-21 00:00:00+07:00,1703.8040489783652,1726.3411395733172,1694.7892127403845,1699.296630859375,1481800,0.0,0.0
2025-08-22 00:00:00+07:00,1703.8040771484375,1717.3263317289807,1690.2818225678943,1703.8040771484375,953900,0.0,0.0
2025-08-25 00:00:00+07:00,1703.8040489783652,1717.3263033353364,1685.7743765024038,1699.296630859375,1142700,0.0,0.0
2025-08-26 00:00:00+07:00,1699.2967176723218,1703.8041360215855,1654.2225341796875,1654.2225341796875,4042400,0.0,0.0
2025-08-27 00:00:00+07:00,1658.7298677884614,1658.7298677884614,1631.6853590745193,1640.7001953125,2163700,0.0,0.0
2025-08-28 00:00:00+07:00,1640.70023318473,1645.2076514077648,1618.163142069555,1627.177978515625,2248800,0.0,0.0
2025-08-29 00:00:00+07:00,1618.1631140814889,1631.6853685167102,1604.6408596462675,1622.6705322265625,2058000,0.0,0.0
2025-09-01 00:00:00+07:00,1582.1038711762765,1613.655800231074,1559.5667789942781,1600.133544921875,2561900,0.0,0.0
2025-09-02 00:00:00+07:00,1604.6408596462675,1640.7002048068578,1604.6408596462675,1622.6705322265625,785500,0.0,0.0
2025-09-03 00:00:00+07:00,1622.6706264145193,1636.1928816346403,1618.1632080078125,1618.1632080078125,1116100,0.0,0.0
2025-09-04 00:00:00+07:00,1622.6705983763966,1622.6705983763966,1604.6409250611032,1613.65576171875,876000,0.0,0.0
2025-09-08 00:00:00+07:00,1618.163123655855,1622.6705418275983,1600.1334509688818,1604.640869140625,1034600,0.0,0.0
2025-09-09 00:00:00+07:00,1600.1334606517446,1600.1334606517446,1564.0741150595925,1586.6112060546875,1936300,0.0,0.0
2025-09-10 00:00:00+07:00,1595.6260424527256,1600.1334606517446,1582.1037878556685,1586.6112060546875,268700,0.0,0.0
2025-09-11 00:00:00+07:00,1591.11865234375,1600.1334889009383,1582.1038157865614,1591.11865234375,991600,0.0,0.0
2025-09-12 00:00:00+07:00,1591.118642427674,1609.1483154296875,1586.6112241771707,1609.1483154296875,1188900,0.0,0.0
2025-09-15 00:00:00+07:00,1609.1483433899266,1627.17801670522,1604.6409250611032,1613.65576171875,1227500,0.0,0.0
2025-09-16 00:00:00+07:00,1618.163197583075,1640.7002894714187,1618.163197583075,1636.19287109375,2471100,0.0,0.0
2025-09-17 00:00:00+07:00,1640.700223405394,1658.7298961900685,1636.192805209225,1645.2076416015625,1174600,0.0,0.0
2025-09-18 00:00:00+07:00,1649.7150696308,1649.7150696308,1609.1483056234852,1627.177978515625,960800,0.0,0.0
2025-09-19 00:00:00+07:00,1627.178004231771,1690.2818603515625,1609.1483310546876,1690.2818603515625,1149000,0.0,0.0
2025-09-22 00:00:00+07:00,1685.7744444114726,1685.7744444114726,1622.6705882035567,1631.6854248046875,1308100,0.0,0.0
2025-09-23 00:00:00+07:00,1631.6853590745193,1640.7001953125,1609.1482684795672,1640.7001953125,747200,0.0,0.0
2025-09-24 00:00:00+07:00,1636.1928249327075,1640.7002431832107,1609.1483154296875,1609.1483154296875,939100,0.0,0.0
2025-09-25 00:00:00+07:00,1609.148353705972,1622.6706087791315,1595.6260986328125,1595.6260986328125,911700,0.0,0.0
2025-09-26 00:00:00+07:00,1595.626070622344,1604.6409071795324,1582.1038157865614,1591.11865234375,687700,0.0,0.0
2025-09-29 00:00:00+07:00,1595.6261264854754,1604.6409633582746,1577.5964527398767,1600.133544921875,1253400,0.0,0.0
2025-09-30 00:00:00+07:00,1600.1335169905324,1604.6409353482522,1586.611261917373,1595.6260986328125,676300,0.0,0.0
2025-10-01 00:00:00+07:00,1595.6261264854754,1604.6409633582746,1582.1038711762765,1600.133544921875,1107500,0.0,0.0
2025-10-02 00:00:00+07:00,1600.1335169905324,1609.148353705972,1582.1038435596531,1595.6260986328125,1334900,0.0,0.0
2025-10-03 00:00:00+07:00,1604.6409633582746,1609.1483817946742,1595.6261264854754,1600.133544921875,597100,0.0,0.0
2025-10-06 00:00:00+07:00,1600.133544921875,1618.1632186674735,1595.6261264854754,1600.133544921875,936600,0.0,0.0
2025-10-07 00:00:00+07:00,1600.1335169905324,1604.6409353482522,1595.6260986328125,1595.6260986328125,894300,0.0,0.0
2025-10-08 00:00:00+07:00,1600.133544921875,1600.133544921875,1582.1038711762765,1600.133544921875,1270700,0.0,0.0
2025-10-09 00:00:00+07:00,1600.1335343809844,1622.6706264145193,1600.1335343809844,1618.1632080078125,1836500,0.0,0.0
2025-10-10 00:00:00+07:00,1622.6705685177365,1667.7447509765625,1622.6705685177365,1667.7447509765625,2933000,0.0,0.0
2025-10-13 00:00:00+07:00,1667.744771209211,1667.744771209211,1627.178006504122,1631.6854248046875,1876300,0.0,0.0
2025-10-14 00:00:00+07:00,1631.685445494571,1631.685445494571,1582.1038435596531,1595.6260986328125,1649400,0.0,0.0
2025-10-15 00:00:00+07:00,1600.133544921875,1613.655800231074,1582.1038711762765,1600.133544921875,951500,0.0,0.0
2025-10-16 00:00:00+07:00,1600.1334418480953,1600.1334418480953,1564.0740966796875,1564.0740966796875,2957100,0.0,0.0
2025-10-17 00:00:00+07:00,1573.0889426362064,1573.0889426362064,1528.0147608987793,1546.04443359375,3200500,0.0,0.0
2025-10-20 00:00:00+07:00,1550.5518604625356,1595.6260424527256,1528.0147694674406,1586.6112060546875,4703300,0.0,0.0
2025-10-21 00:00:00+07:00,1586.611268939394,1636.19287109375,1550.551921918044,1636.19287109375,2970000,0.0,0.0
2025-10-22 00:00:00+07:00,1636.1928533628666,1636.1928533628666,1609.1483433899266,1613.65576171875,1228600,0.0,0.0
2025-10-23 00:00:00+07:00,1604.6409150012948,1649.7150980069491,1604.6409150012948,1631.6854248046875,1552300,0.0,0.0
2025-10-24 00:00:00+07:00,1636.192814961695,1640.70023318473,1595.6260509543802,1627.177978515625,2050000,0.0,0.0
2025-10-27 00:00:00+07:00,1631.685378171085,1649.7150508580582,1600.1334509688818,1604.640869140625,1898700,0.0,0.0
2025-10-28 00:00:00+07:00,1609.1482873123684,1649.7150508580582,1537.029596564475,1604.640869140625,5402600,0.0,0.0
2025-10-29 00:00:00+07:00,1622.6705685177365,1744.3708611565667,1622.6705685177365,1667.7447509765625,12062100,0.0,0.0
2025-10-30 00:00:00+07:00,1667.744771209211,1667.744771209211,1609.1483333018602,1631.6854248046875,4219200,0.0,0.0
2025-10-31 00:00:00+07:00,1631.685445494571,1631.685445494571,1591.1186802750929,1595.6260986328125,3100100,0.0,0.0
2025-11-03 00:00:00+07:00,1595.6260884034566,1613.65576171875,1595.6260884034566,1613.65576171875,1024000,0.0,0.0
2025-11-04 00:00:00+07:00,1613.6557826450894,1613.6557826450894,1577.596435546875,1577.596435546875,4129900,0.0,0.0
2025-11-05 00:00:00+07:00,1577.5963507758247,1649.7150410970053,1559.5666781955297,1622.6705322265625,4591900,0.0,0.0
2025-11-06 00:00:00+07:00,1622.6705228365383,1645.2076134314902,1613.6556865985576,1640.7001953125,2094200,0.0,0.0
2025-11-07 00:00:00+07:00,1649.7150696308,1649.7150696308,1609.1483056234852,1627.177978515625,1169300,0.0,0.0
2025-11-10 00:00:00+07:00,1627.1779985725034,1631.6854168510977,1586.6112340651557,1591.11865234375,3094600,0.0,0.0
2025-11-11 00:00:00+07:00,1586.6112723214287,1591.1186907087053,1577.596435546875,1577.596435546875,2634000,0.0,0.0
2025-11-12 00:00:00+07:00,1577.5964252019332,1600.1335169905324,1577.5964252019332,1595.6260986328125,1417000,0.0,0.0
2025-11-13 00:00:00+07:00,1595.626070622344,1600.1334889009383,1582.1038157865614,1591.11865234375,772200,0.0,0.0
2025-11-14 00:00:00+07:00,1591.1186242537065,1591.1186242537065,1577.5963696566496,1586.6112060546875,761600,0.0,0.0
2025-11-17 00:00:00+07:00,1586.611261917373,1622.6706087791315,1586.611261917373,1595.6260986328125,1327700,0.0,0.0
2025-11-18 00:00:00+07:00,1600.1334889009383,1604.6409071795324,1591.11865234375,1591.11865234375,717900,0.0,0.0
2025-11-19 00:00:00+07:00,1591.1186242537065,1604.6408788507636,1582.1037878556685,1586.6112060546875,1027900,0.0,0.0
2025-11-20 00:00:00+07:00,1586.6111778846152,1595.6260141225962,1582.103759765625,1582.103759765625,738200,0.0,0.0
2025-11-21 00:00:00+07:00,1586.6111778846152,1591.1185960036057,1577.5963416466345,1582.103759765625,536300,0.0,0.0
2025-11-24 00:00:00+07:00,1582.1038059266675,1613.6557336801907,1582.1038059266675,1609.1483154296875,1460500,0.0,0.0
2025-11-25 00:00:00+07:00,1609.1483642578125,1609.1483642578125,1577.596435546875,1577.596435546875,1910200,0.0,0.0
2025-11-26 00:00:00+07:00,1577.596435546875,1586.6112723214287,1577.596435546875,1577.596435546875,716800,0.0,0.0
2025-11-27 00:00:00+07:00,1577.5964075651416,1591.1186624871284,1573.0889892578125,1573.0889892578125,604100,0.0,0.0
2025-11-28 00:00:00+07:00,1573.0889514576306,1604.6408788507636,1564.0741150595925,1586.6112060546875,1349300,0.0,0.0
2025-12-01 00:00:00+07:00,1586.6111874099424,1586.6111874099424,1559.5666785336366,1564.0740966796875,1121200,0.0,0.0
2025-12-02 00:00:00+07:00,1564.0741247418284,1577.5963794225934,1555.059288287985,1568.58154296875,462000,0.0,0.0
2025-12-03 00:00:00+07:00,1568.58154296875,1577.5963794225934,1568.58154296875,1568.58154296875,577900,0.0,0.0
2025-12-04 00:00:00+07:00,1568.5815987723215,1582.1038539341519,1568.5815987723215,1577.596435546875,266500,0.0,0.0
2025-12-05 00:00:00+07:00,1577.5963511178404,1577.5963511178404,1564.0740966796875,1564.0740966796875,418500,0.0,0.0
2025-12-08 00:00:00+07:00,1564.0741628453352,1568.5815811820653,1550.551907835145,1555.059326171875,2004800,0.0,0.0
2025-12-09 00:00:00+07:00,1573.0889995187952,1573.0889995187952,1555.059326171875,1555.059326171875,1319900,0.0,0.0
2025-12-10 00:00:00+07:00,1555.0593540434204,1559.5667724609375,1546.044517208386,1559.5667724609375,412600,0.0,0.0
2025-12-11 00:00:00+07:00,1559.566754920042,1559.566754920042,1532.5222447191165,1537.0296630859375,1432000,0.0,0.0
2025-12-12 00:00:00+07:00,1537.029690926535,1555.0593647203948,1537.029690926535,1541.537109375,1752900,0.0,0.0
2025-12-15 00:00:00+07:00,1546.0444894984148,1573.0889995187952,1541.5370711616847,1555.059326171875,710200,0.0,0.0
2025-12-16 00:00:00+07:00,1555.0593540434204,1577.5964461310061,1541.5370987908689,1559.5667724609375,1067700,0.0,0.0
2025-12-17 00:00:00+07:00,1559.5666881149782,1573.0889426362064,1546.04443359375,1546.04443359375,964200,0.0,0.0
2025-12-18 00:00:00+07:00,1546.0444532707556,1559.566707964086,1500.970270959655,1509.985107421875,5740300,0.0,0.0
2025-12-19 00:00:00+07:00,1514.4925537109375,1532.522226969401,1514.4925537109375,1514.4925537109375,681200,0.0,0.0
2025-12-22 00:00:00+07:00,1537.0296069119884,1537.0296069119884,1518.9999341036366,1528.0147705078125,605900,0.0,0.0
2025-12-23 00:00:00+07:00,1532.5221887099005,1537.0296069119884,1528.0147705078125,1528.0147705078125,319100,0.0,0.0
2025-12-24 00:00:00+07:00,1528.014788605446,1564.0741346492323,1528.014788605446,1550.5518798828125,1215000,0.0,0.0
2025-12-29 00:00:00+07:00,1550.551907835145,1564.0741628453352,1550.551907835145,1555.059326171875,643800,0.0,0.0
2025-12-30 00:00:00+07:00,1555.0593082203584,1559.5667265050552,1532.522216796875,1532.522216796875,1302600,0.0,0.0
2026-01-02 00:00:00+07:00,1541.5370814527585,1555.0593365532213,1532.5222447191165,1537.0296630859375,984900,0.0,0.0
2026-01-05 00:00:00+07:00,1537.029615380298,1577.5963794225934,1537.029615380298,1568.58154296875,1455500,0.0,0.0
2026-01-06 00:00:00+07:00,1568.581609295972,1573.089027713489,1550.5519356259033,1559.5667724609375,924000,0.0,0.0
2026-01-07 00:00:00+07:00,1559.5667724609375,1568.581609295972,1555.0593540434204,1559.5667724609375,881700,0.0,0.0
2026-01-08 00:00:00+07:00,1564.0741908784546,1577.5964461310061,1550.5519356259033,1559.5667724609375,1343100,0.0,0.0
2026-01-09 00:00:00+07:00,1559.5666785336366,1568.5815148257384,1550.5518422415346,1564.0740966796875,560700,0.0,0.0
2026-01-12 00:00:00+07:00,1564.0741908784546,1573.089027713489,1559.5667724609375,1559.5667724609375,1276900,0.0,0.0
2026-01-13 00:00:00+07:00,1559.566761997768,1582.1038539341519,1559.566761997768,1577.596435546875,1509100,0.0,0.0
2026-01-14 00:00:00+07:00,1577.5964075651416,1586.6112441797995,1573.0889892578125,1573.0889892578125,583800,0.0,0.0
2026-01-15 00:00:00+07:00,1577.5963794225934,1582.1037976495152,1568.58154296875,1568.58154296875,527900,0.0,0.0
2026-01-19 00:00:00+07:00,1573.0889235276443,1591.1185960036057,1568.5815054086538,1582.103759765625,1243800,0.0,0.0
2026-01-20 00:00:00+07:00,1586.6112441797995,1591.1186624871284,1573.0889892578125,1573.0889892578125,544800,0.0,0.0
2026-01-21 00:00:00+07:00,1573.088971160179,1573.088971160179,1546.0444616273392,1550.5518798828125,984800,0.0,0.0
2026-01-22 00:00:00+07:00,1546.044517208386,1573.089027713489,1546.044517208386,1559.5667724609375,688600,0.0,0.0
2026-01-23 00:00:00+07:00,1559.5667163937592,1564.0741346492323,1532.5222068609194,1550.5518798828125,995800,0.0,0.0
2026-01-26 00:00:00+07:00,1550.5519462719299,1559.5667831688595,1528.0148540296052,1541.537109375,1381900,0.0,0.0
2026-01-27 00:00:00+07:00,1541.5370533662683,1546.044471650965,1523.5073802274815,1532.522216796875,1067200,0.0,0.0
2026-01-28 00:00:00+07:00,1528.0147518683336,1532.522170015438,1469.4183159559786,1505.4776611328125,3850700,0.0,0.0
2026-01-29 00:00:00+07:00,1500.9702525745738,1505.4776707504734,1356.732870945786,1487.447998046875,3837000,0.0,0.0
2026-01-30 00:00:00+07:00,1487.4480162663247,1532.5221985774253,1487.4480162663247,1509.985107421875,1524300,0.0,0.0
2026-02-02 00:00:00+07:00,1509.9851173792722,1523.5073721617732,1469.4183530317694,1491.9554443359375,2035800,0.0,0.0
2026-02-03 00:00:00+07:00,1496.4628155048076,1523.50732421875,1487.447979266827,1523.50732421875,845600,0.0,0.0
2026-02-04 00:00:00+07:00,1523.50732421875,1546.044414813702,1518.9999060997595,1523.50732421875,1064400,0.0,0.0
2026-02-05 00:00:00+07:00,1523.5074079854746,1541.5370814527585,1523.5074079854746,1537.0296630859375,730700,0.0,0.0
2026-02-06 00:00:00+07:00,1532.522216796875,1537.0296350815715,1518.999961942785,1532.522216796875,612500,0.0,0.0
2026-02-09 00:00:00+07:00,1537.0296069119884,1541.5370251140764,1514.4925159015488,1528.0147705078125,816500,0.0,0.0
2026-02-10 00:00:00+07:00,1528.0147608987793,1550.5518517674927,1528.0147608987793,1546.04443359375,474700,0.0,0.0
2026-02-11 00:00:00+07:00,1550.551907835145,1564.0741628453352,1541.5370711616847,1555.059326171875,840600,0.0,0.0
2026-02-12 00:00:00+07:00,1564.0741628453352,1564.0741628453352,1546.0444894984148,1555.059326171875,1322900,0.0,0.0
2026-02-13 00:00:00+07:00,1555.0592699412355,1559.5666881149782,1546.04443359375,1546.04443359375,666700,0.0,0.0
2026-02-18 00:00:00+07:00,1546.0444894984148,1559.566744508605,1541.5370711616847,1555.059326171875,929000,0.0,0.0
2026-02-19 00:00:00+07:00,1559.5667065149066,1573.0889611956718,1555.059288287985,1568.58154296875,645800,0.0,0.0
2026-02-20 00:00:00+07:00,1568.5815987723215,1582.1038539341519,1559.566761997768,1577.596435546875,1177400,0.0,0.0
2026-02-23 00:00:00+07:00,1577.5963696566496,1600.1334606517446,1577.5963696566496,1586.6112060546875,1539500,0.0,0.0
2026-02-24 00:00:00+07:00,1591.1186341033585,1595.6260523302803,1568.58154296875,1568.58154296875,1777800,0.0,0.0
2026-02-25 00:00:00+07:00,1568.5815332586117,1591.1186242537065,1564.0741150595925,1586.6112060546875,725500,0.0,0.0
2026-02-26 00:00:00+07:00,1586.6111778846152,1591.1185960036057,1573.0889235276443,1582.103759765625,866900,0.0,0.0
2026-02-27 00:00:00+07:00,1582.1038539341519,1586.6112723214287,1564.0741803850447,1577.596435546875,462900,0.0,0.0
2026-03-02 00:00:00+07:00,1455.8961588541665,1559.5667831688595,1455.8961588541665,1541.537109375,3068800,0.0,0.0
2026-03-03 00:00:00+07:00,1541.5370814527585,1541.5370814527585,1528.0148263522956,1537.0296630859375,415300,0.0,0.0
2026-03-04 00:00:00+07:00,1537.0295785757212,1537.0295785757212,1491.9553973858172,1523.50732421875,1438500,0.0,0.0
2026-03-05 00:00:00+07:00,1523.5073802274815,1555.0593082203584,1523.5073802274815,1532.522216796875,1025500,0.0,0.0
2026-03-06 00:00:00+07:00,1532.522216796875,1541.5370533662683,1523.5073802274815,1532.522216796875,1043200,0.0,0.0
2026-03-09 00:00:00+07:00,1528.0148190417922,1528.0148190417922,1469.4183805534637,1496.462890625,3655900,0.0,0.0
2026-03-10 00:00:00+07:00,1509.985107421875,1518.9999438840953,1505.477689190765,1509.985107421875,1359500,0.0,0.0
2026-03-11 00:00:00+07:00,1518.999961942785,1546.044471650965,1518.999961942785,1532.522216796875,714100,0.0,0.0
2026-03-12 00:00:00+07:00,1541.5370919881307,1541.5370919881307,1496.4629080118696,1519.0,403900,0.0,0.0
2026-03-13 00:00:00+07:00,1518.9999539009395,1518.9999539009395,1478.4331895534367,1491.9554443359375,1437900,0.0,0.0
2026-03-16 00:00:00+07:00,1487.4480642923495,1496.4629010456365,1469.4183907857755,1478.4332275390625,575100,0.0,0.0
2026-03-17 00:00:00+07:00,1478.4332447682057,1505.4777553432339,1478.4332447682057,1500.9703369140625,354500,0.0,0.0
2026-03-25 00:00:00+07:00,1500.9702525745738,1523.507343454072,1487.447998046875,1487.447998046875,905200,0.0,0.0
2026-03-26 00:00:00+07:00,1514.4925436580882,1532.522216796875,1505.4777070886948,1532.522216796875,530400,0.0,0.0
2026-03-27 00:00:00+07:00,1532.522237387048,1532.522237387048,1496.462890625,1496.462890625,1746400,0.0,0.0
2026-03-30 00:00:00+07:00,1514.4925356401059,1514.4925356401059,1487.4480260751038,1491.9554443359375,319200,0.0,0.0
2026-03-31 00:00:00+07:00,1518.9998964814067,1518.9998964814067,1478.4331336673633,1482.9405517578125,1158700,0.0,0.0
2026-04-01 00:00:00+07:00,1482.9405798709754,1505.4776707504734,1482.9405798709754,1487.447998046875,1046400,0.0,0.0
2026-04-02 00:00:00+07:00,1496.4628060291604,1496.4628060291604,1478.4331336673633,1482.9405517578125,488800,0.0,0.0
2026-04-06 00:00:00+07:00,1487.447969848262,1487.447969848262,1464.9108793960154,1482.9405517578125,629600,0.0,0.0
2026-04-07 00:00:00+07:00,1482.9406280989988,1487.448046421488,1455.8961181640625,1455.8961181640625,565700,0.0,0.0
2026-04-08 00:00:00+07:00,1478.4331430288462,1482.9405611478364,1460.4034705528845,1464.910888671875,582800,0.0,0.0
2026-04-09 00:00:00+07:00,1469.4183629587155,1487.4480361238532,1464.910944667431,1473.92578125,273000,0.0,0.0
2026-04-10 00:00:00+07:00,1473.925715576914,1491.955387938711,1469.4182974864648,1482.9405517578125,576100,0.0,0.0
2026-04-13 00:00:00+07:00,1482.940645915706,1482.940645915706,1469.4183907857755,1478.4332275390625,507400,0.0,0.0
2026-04-14 00:00:00+07:00,1478.4331995412845,1487.4480361238532,1464.910944667431,1473.92578125,2298500,0.0,0.0
2026-04-15 00:00:00+07:00,1482.9406078142704,1500.9702808576048,1482.9406078142704,1491.9554443359375,1869700,0.0,0.0
2026-04-16 00:00:00+07:00,1491.9554162227746,1496.4628343986742,1478.4331616950758,1487.447998046875,1161300,0.0,0.0
2026-04-17 00:00:00+07:00,1491.9555000557198,1514.4925922015766,1482.940663197377,1500.9703369140625,789700,0.0,0.0
2026-04-20 00:00:00+07:00,1505.4777553432339,1509.9851737724052,1496.4629184848911,1500.9703369140625,665600,0.0,0.0
2026-04-21 00:00:00+07:00,1500.9703369140625,1509.9851737724052,1500.9703369140625,1500.9703369140625,744700,0.0,0.0
2026-04-22 00:00:00+07:00,1509.9851737724052,1514.4925922015766,1496.4629184848911,1500.9703369140625,1435900,0.0,0.0
2026-04-23 00:00:00+07:00,1500.970233623798,1500.970233623798,1460.4034705528845,1464.910888671875,1566800,0.0,0.0
2026-04-24 00:00:00+07:00,1464.910916755536,1469.4183349609375,1455.8960803447326,1469.4183349609375,1371600,0.0,0.0
2026-04-27 00:00:00+07:00,1469.418401270737,1473.9258196795429,1451.388727635513,1460.403564453125,1372100,0.0,0.0
2026-04-28 00:00:00+07:00,1469.4183067908652,1473.9257249098557,1460.4034705528845,1464.910888671875,711000,0.0,0.0
2026-04-29 00:00:00+07:00,1469.4182974864648,1491.955387938711,1469.4182974864648,1482.9405517578125,1014200,0.0,0.0
2026-04-30 00:00:00+07:00,1482.940601139007,1487.448019379551,1379.2699816064926,1392.792236328125,9722800,0.0,0.0
2026-05-04 00:00:00+07:00,1397.2996168870193,1424.3441256009614,1397.2996168870193,1406.314453125,2022900,0.0,0.0
2026-05-05 00:00:00+07:00,1406.314453125,1415.3292893629807,1397.2996168870193,1406.314453125,2468800,0.0,0.0
2026-05-06 00:00:00+07:00,1406.3144910497572,1410.8219092903014,1365.7477268848604,1392.792236328125,6860000,0.0,0.0
2026-05-07 00:00:00+07:00,1406.3145368303572,1424.3442103794644,1406.3145368303572,1419.8367919921875,996300,0.0,0.0
2026-05-08 00:00:00+07:00,1419.8366981216625,1446.881206657313,1410.8218619431123,1424.3441162109375,2812000,0.0,0.0
2026-05-11 00:00:00+07:00,1424.34418229996,1428.8516005983777,1410.8219274047074,1415.329345703125,775000,0.0,0.0
2026-05-12 00:00:00+07:00,1415.3293841690113,1415.3293841690113,1397.2997104853296,1401.80712890625,781600,0.0,0.0
2026-05-13 00:00:00+07:00,1401.8070629960812,1424.3441540410345,1397.2996447870908,1410.8218994140625,488500,0.0,0.0
2026-05-14 00:00:00+07:00,1410.8218994140625,1410.8218994140625,1410.8218994140625,1410.8218994140625,0,0.0,0.0
2026-05-15 00:00:00+07:00,1410.8218994140625,1410.8218994140625,1410.8218994140625,1410.8218994140625,0,0.0,0.0
2026-05-18 00:00:00+07:00,1406.3144812050718,1415.3293176230532,1388.2848083691094,1410.8218994140625,1309600,0.0,0.0
2026-05-19 00:00:00+07:00,1415.3293275308454,1419.8367457713896,1383.7773998470368,1392.792236328125,1790400,0.0,0.0
2026-05-20 00:00:00+07:00,1392.7922920644091,1406.3145473271704,1379.270036801648,1401.80712890625,1066300,0.0,0.0
2026-05-21 00:00:00+07:00,1401.8070253680642,1406.3144434560643,1365.7476806640625,1365.7476806640625,904500,0.0,0.0
2026-05-22 00:00:00+07:00,1365.7477543000252,1397.2996826171875,1352.2254993069555,1397.2996826171875,1069100,0.0,0.0
2026-05-25 00:00:00+07:00,1424.3442210108522,1424.3442210108522,1383.7774552225685,1401.80712890625,1211800,0.0,0.0
2026-05-26 00:00:00+07:00,1415.3293559412803,1415.3293559412803,1379.2700092930947,1397.2996826171875,1380100,0.0,0.0
2026-05-27 00:00:00+07:00,1397.2996826171875,1397.2996826171875,1397.2996826171875,1397.2996826171875,0,0.0,0.0
2026-05-28 00:00:00+07:00,1397.2996826171875,1397.2996826171875,1397.2996826171875,1397.2996826171875,0,0.0,0.0
2026-05-29 00:00:00+07:00,1401.80712890625,1410.8219657480909,1397.2997104853296,1401.80712890625,914800,0.0,0.0
2026-06-02 00:00:00+07:00,1410.8219274047074,1419.8367640015426,1397.2996725094545,1415.329345703125,1433900,0.0,0.0
2026-06-03 00:00:00+07:00,1419.8367457713896,1424.3441640119336,1370.2551451254046,1392.792236328125,1878200,0.0,0.0
2026-06-04 00:00:00+07:00,1392.7922746246936,1392.7922746246936,1325.1809991574755,1379.27001953125,2932700,0.0,0.0
2026-06-05 00:00:00+07:00,1379.2700228642277,1379.2700228642277,1298.1364921075085,1320.673583984375,2093800,0.0,0.0
2026-06-08 00:00:00+07:00,1316.1661801545515,1316.1661801545515,1239.5400669263756,1244.0474853515625,2519600,0.0,0.0
2026-06-09 00:00:00+07:00,1239.540009714585,1316.1661194060323,1226.0177550631533,1293.6290283203125,1146400,0.0,0.0
2026-06-10 00:00:00+07:00,1302.6438635253905,1361.2403002929686,1302.6438635253905,1352.2254638671875,1162100,0.0,0.0
2026-06-11 00:00:00+07:00,1352.2254542300575,1370.255126953125,1334.19578150699,1370.255126953125,635700,0.0,0.0
2026-06-12 00:00:00+07:00,1352.2254448432427,1397.2996263380176,1352.2254448432427,1388.2847900390625,1355900,0.0,0.0
2026-06-15 00:00:00+07:00,1406.3144895186335,1478.43318128882,1392.7922348117236,1451.388671875,3164400,0.0,0.0
2026-06-17 00:00:00+07:00,1464.9109935760498,1464.9109935760498,1428.8516460418703,1442.3739013671875,4616600,0.0,0.0
2026-06-18 00:00:00+07:00,1451.3887071724398,1528.0148190417922,1437.8664521366716,1496.462890625,3503300,0.0,0.0
2026-06-19 00:00:00+07:00,1518.9999438840953,1546.0444532707556,1500.970270959655,1509.985107421875,2402800,0.0,0.0
2026-06-22 00:00:00+07:00,1514.492581602374,1528.0148367952522,1505.4777448071218,1519.0,1189700,0.0,0.0
2026-06-23 00:00:00+07:00,1518.9999720255532,1532.522226969401,1505.4777170817056,1514.4925537109375,2591000,0.0,0.0
2026-06-24 00:00:00+07:00,1528.0148474890907,1532.522265918262,1496.4629184848911,1500.9703369140625,1711800,0.0,0.0
2026-06-25 00:00:00+07:00,1500.970233623798,1523.50732421875,1496.4628155048076,1523.50732421875,3467000,0.0,0.0
2026-06-26 00:00:00+07:00,1523.5074183976262,1523.5074183976262,1509.9851632047478,1519.0,4889900,0.0,0.0
2026-06-29 00:00:00+07:00,1500.0,1535.0,1495.0,1510.0,3923300,166.0,0.0
2026-06-30 00:00:00+07:00,1515.0,1515.0,1475.0,1485.0,985300,0.0,0.0
2026-07-01 00:00:00+07:00,1485.0,1500.0,1470.0,1485.0,465600,0.0,0.0
2026-07-02 00:00:00+07:00,1490.0,1515.0,1490.0,1515.0,809500,0.0,0.0
2026-07-03 00:00:00+07:00,1515.0,1530.0,1505.0,1515.0,473500,0.0,0.0
2026-07-06 00:00:00+07:00,1510.0,1550.0,1510.0,1515.0,783400,0.0,0.0
2026-07-07 00:00:00+07:00,1530.0,1565.0,1520.0,1565.0,843400,0.0,0.0
2026-07-08 00:00:00+07:00,1565.0,1565.0,1550.0,1550.0,436400,0.0,0.0
2026-07-09 00:00:00+07:00,1550.0,1570.0,1550.0,1550.0,276800,0.0,0.0
2026-07-10 00:00:00+07:00,1550.0,1570.0,1550.0,1555.0,412400,0.0,0.0
2026-07-13 00:00:00+07:00,1555.0,1595.0,1555.0,1575.0,574800,0.0,0.0
2026-07-14 00:00:00+07:00,1600.0,1610.0,1585.0,1600.0,754300,0.0,0.0
2026-07-15 00:00:00+07:00,1605.0,1610.0,1580.0,1605.0,431000,0.0,0.0
2026-07-16 00:00:00+07:00,1610.0,1610.0,1595.0,1600.0,562600,0.0,0.0
2026-07-17 00:00:00+07:00,1605.0,1610.0,1595.0,1610.0,500400,0.0,0.0
2026-07-20 00:00:00+07:00,1610.0,1645.0,1610.0,1640.0,1106800,0.0,0.0
2026-07-21 00:00:00+07:00,1640.0,1650.0,1625.0,1640.0,1482300,0.0,0.0
2026-07-22 00:00:00+07:00,1635.0,1640.0,1625.0,1630.0,566200,0.0,0.0
2026-07-23 00:00:00+07:00,1640.0,1645.0,1615.0,1620.0,1385900,0.0,0.0
2026-07-24 00:00:00+07:00,1605.0,1620.0,1600.0,1610.0,576400,0.0,0.0
2026-07-27 00:00:00+07:00,1605.0,1620.0,1600.0,1605.0,427800,0.0,0.0
2026-07-28 00:00:00+07:00,1615.0,1615.0,1605.0,1605.0,151700,0.0,0.0
2026-07-29 00:00:00+07:00,1615.0,1615.0,1580.0,1585.0,738800,0.0,0.0
2026-07-30 00:00:00+07:00,1590.0,1610.0,1590.0,1605.0,376900,0.0,0.0
2026-07-31 00:00:00+07:00,1605.0,1620.0,1590.0,1610.0,1547000,0.0,0.0
2026-08-03 00:00:00+07:00,1610.0,1615.0,1590.0,1590.0,743000,0.0,0.0
2026-08-04 00:00:00+07:00,1590.0,1615.0,1590.0,1610.0,626600,0.0,0.0
2026-08-05 00:00:00+07:00,1610.0,1615.0,1600.0,1615.0,301100,0.0,0.0
2026-08-06 00:00:00+07:00,1615.0,1625.0,1610.0,1615.0,638600,0.0,0.0
2026-08-07 00:00:00+07:00,1615.0,1620.0,1600.0,1605.0,1579800,0.0,0.0
2026-08-10 00:00:00+07:00,1605.0,1640.0,1605.0,1630.0,1143500,0.0,0.0
2026-08-11 00:00:00+07:00,1630.0,1640.0,1620.0,1620.0,598100,0.0,0.0
2026-08-12 00:00:00+07:00,1620.0,1635.0,1610.0,1630.0,653700,0.0,0.0
2026-08-13 00:00:00+07:00,1635.0,1640.0,1625.0,1635.0,476500,0.0,0.0
2026-08-14 00:00:00+07:00,1640.0,1640.0,1625.0,1630.0,151700,0.0,0.0
2026-08-18 00:00:00+07:00,1630.0,1670.0,1625.0,1650.0,963700,0.0,0.0
2026-08-19 00:00:00+07:00,1650.0,1665.0,1640.0,1660.0,677600,0.0,0.0
2026-08-20 00:00:00+07:00,1665.0,1670.0,1650.0,1655.0,586100,0.0,0.0
2026-08-21 00:00:00+07:00,1670.0,1670.0,1640.0,1645.0,1266200,0.0,0.0
2026-08-24 00:00:00+07:00,1645.0,1645.0,1625.0,1630.0,1186500,0.0,0.0
2026-08-26 00:00:00+07:00,1630.0,1630.0,1615.0,1620.0,1246900,0.0,0.0
2026-08-27 00:00:00+07:00,1620.0,1630.0,1615.0,1625.0,919100,0.0,0.0
2026-08-28 00:00:00+07:00,1630.0,1635.0,1620.0,1630.0,743500,0.0,0.0
2026-08-31 00:00:00+07:00,1640.0,1640.0,1625.0,1630.0,743400,0.0,0.0
2026-09-01 00:00:00+07:00,1635.0,1640.0,1625.0,1630.0,873000,0.0,0.0
2026-09-02 00:00:00+07:00,1630.0,1635.0,1610.0,1620.0,807700,0.0,0.0
2026-09-03 00:00:00+07:00,1620.0,1635.0,1615.0,1630.0,772700,0.0,0.0
2026-09-04 00:00:00+07:00,1635.0,1640.0,1625.0,1630.0,1006200,0.0,0.0
2026-09-07 00:00:00+07:00,1630.0,1640.0,1625.0,1625.0,384200,0.0,0.0
2026-09-08 00:00:00+07:00,1625.0,1630.0,1620.0,1620.0,405000,0.0,0.0
2026-09-09 00:00:00+07:00,1625.0,1625.0,1615.0,1625.0,429200,0.0,0.0
2026-09-10 00:00:00+07:00,1625.0,1635.0,1615.0,1615.0,611200,0.0,0.0
2026-09-11 00:00:00+07:00,1615.0,1615.0,1600.0,1600.0,1006700,0.0,0.0
2026-09-14 00:00:00+07:00,1600.0,1615.0,1595.0,1605.0,778700,0.0,0.0
2026-09-15 00:00:00+07:00,1610.0,1615.0,1600.0,1605.0,1109700,0.0,0.0
2026-09-16 00:00:00+07:00,1600.0,1605.0,1595.0,1600.0,821500,0.0,0.0
2026-09-17 00:00:00+07:00,1600.0,1610.0,1600.0,1610.0,1038500,0.0,0.0
2026-09-18 00:00:00+07:00,1605.0,1610.0,1600.0,1605.0,628700,0.0,0.0
