Date,Open,High,Low,Close,Volume,Dividends,Stock Splits
2021-09-20 00:00:00+07:00,554.0953471816589,559.0426270672094,529.3589477539062,529.3589477539062,27304600,0.0,0.0
2021-09-21 00:00:00+07:00,529.358892767279,568.9371277405335,519.4643340239654,549.1480102539062,37240100,0.0,0.0
2021-09-22 00:00:00+07:00,549.1480102539062,559.0425689972199,539.2534515105926,549.1480102539062,12025700,0.0,0.0
2021-09-23 00:00:00+07:00,554.0952955163043,608.5153691830842,529.3588983950408,568.9371337890625,171156600,0.0,0.0
2021-09-24 00:00:00+07:00,573.8843296595982,583.7788870675223,549.1479361397879,554.09521484375,44196400,0.0,0.0
2021-09-27 00:00:00+07:00,554.09521484375,583.7788870675223,549.1479361397879,554.09521484375,36894700,0.0,0.0
2021-09-28 00:00:00+07:00,554.0952690972222,559.0425482855903,529.358873155382,534.30615234375,22544700,0.0,0.0
2021-09-29 00:00:00+07:00,529.3589477539062,544.2007874105578,519.4643879828052,529.3589477539062,36435500,0.0,0.0
2021-09-30 00:00:00+07:00,529.3588578557394,539.2534159465009,492.7489929199219,492.7489929199219,96050300,0.0,0.0
2021-10-01 00:00:00+07:00,486.812284493152,488.7911962187339,459.1075203350051,480.87554931640625,113553200,0.0,0.0
2021-10-04 00:00:00+07:00,482.85448531774216,484.8333971428149,457.1286315917969,457.1286315917969,27663700,0.0,0.0
2021-10-05 00:00:00+07:00,455.14968178488994,494.727914983576,433.3816535256126,435.3605651855469,98710300,0.0,0.0
2021-10-06 00:00:00+07:00,439.3184198578019,455.14971426709207,433.3816844543181,437.3395080566406,17361000,0.0,0.0
2021-10-07 00:00:00+07:00,451.1918691861427,470.9809862557104,425.46601699570476,467.0231628417969,44888700,0.0,0.0
2021-10-08 00:00:00+07:00,470.98098360258956,472.95989529839875,451.19186664449757,459.1075134277344,19626500,0.0,0.0
2021-10-11 00:00:00+07:00,459.10751006676765,470.9809801547013,449.21295166015625,449.21295166015625,15103400,0.0,0.0
2021-10-12 00:00:00+07:00,449.212946805087,461.08641676469284,435.3605651855469,435.3605651855469,11650800,0.0,0.0
2021-10-13 00:00:00+07:00,437.3394822237784,455.14968738221285,435.36057053950793,451.1918640136719,10587600,0.0,0.0
2021-10-14 00:00:00+07:00,453.17080949310565,472.95992781158185,451.191897661258,463.06536865234375,20385900,0.0,0.0
2021-10-15 00:00:00+07:00,463.0653334294122,469.002068473379,447.234039978834,449.21295166015625,9192800,0.0,0.0
2021-10-18 00:00:00+07:00,449.21295166015625,459.10751006676765,447.234039978834,449.21295166015625,7953800,0.0,0.0
2021-10-19 00:00:00+07:00,451.1918640136719,470.98098085637673,449.2129523294014,451.1918640136719,22592400,0.0,0.0
2021-10-21 00:00:00+07:00,455.14971426709207,463.06536147173716,435.3605962554794,437.3395080566406,12358600,0.0,0.0
2021-10-22 00:00:00+07:00,437.3394579298953,480.8755125654505,413.59251903777425,465.0442199707031,93808400,0.0,0.0
2021-10-25 00:00:00+07:00,469.0021041478866,469.0021041478866,457.1286331568009,463.06536865234375,20056100,0.0,0.0
2021-10-26 00:00:00+07:00,465.0442274443957,492.7489899304448,463.0653158382494,484.8333435058594,88427000,0.0,0.0
2021-10-27 00:00:00+07:00,484.8333442501905,490.7700790777439,474.9387862042683,486.812255859375,25679000,0.0,0.0
2021-10-28 00:00:00+07:00,486.812255859375,499.67518131907394,478.8966094226372,486.812255859375,19323100,0.0,0.0
2021-10-29 00:00:00+07:00,486.81231487684016,490.77013857502584,467.02319638591166,478.89666748046875,9388000,0.0,0.0
2021-11-01 00:00:00+07:00,478.89663308353744,484.83336820440775,465.04425113484007,467.0231628417969,7104000,0.0,0.0
2021-11-02 00:00:00+07:00,467.02316348562766,488.79119229216116,467.02316348562766,469.0020751953125,14733500,0.0,0.0
2021-11-03 00:00:00+07:00,472.95989861468223,476.91772203405196,469.0020751953125,469.0020751953125,3693900,0.0,0.0
2021-11-04 00:00:00+07:00,474.93881475730024,490.77010858254357,472.9599030291448,482.8544616699219,15408700,0.0,0.0
2021-11-05 00:00:00+07:00,482.85445847770654,486.8122819078517,465.04425304205347,472.95989990234375,12612300,0.0,0.0
2021-11-08 00:00:00+07:00,472.9598979626671,476.9177213765807,465.04425113484007,467.0231628417969,6609500,0.0,0.0
2021-11-09 00:00:00+07:00,467.02316600752073,484.8333714908584,465.0442542871499,476.917724609375,12169700,0.0,0.0
2021-11-10 00:00:00+07:00,476.91773298674934,514.5170563342524,476.91773298674934,504.62249755859375,67027800,0.0,0.0
2021-11-11 00:00:00+07:00,509.5697416742164,509.5697416742164,486.812258065465,492.7489929199219,21544900,0.0,0.0
2021-11-12 00:00:00+07:00,494.72795240949876,499.67523193359375,476.9177461227568,499.67523193359375,28034800,0.0,0.0
2021-11-15 00:00:00+07:00,504.622460342035,524.4115764338795,486.812255859375,486.812255859375,39072600,0.0,0.0
2021-11-16 00:00:00+07:00,488.79119229216116,488.79119229216116,469.0020751953125,469.0020751953125,23496700,0.0,0.0
2021-11-17 00:00:00+07:00,469.002068473379,474.93880351734583,447.234039978834,449.21295166015625,27742200,0.0,0.0
2021-11-18 00:00:00+07:00,449.2129523294014,461.0864224350243,439.3183939080489,451.1918640136719,12917500,0.0,0.0
2021-11-19 00:00:00+07:00,451.19186980814874,472.95989861468223,451.19186980814874,469.0020751953125,17040600,0.0,0.0
2021-11-22 00:00:00+07:00,469.00210254223316,472.9599261923786,455.14971976672416,457.1286315917969,6051800,0.0,0.0
2021-11-23 00:00:00+07:00,457.12859838544534,463.0653334294122,447.234039978834,449.21295166015625,5944600,0.0,0.0
2021-11-24 00:00:00+07:00,449.21295030381947,457.12859700520835,443.2762152777778,445.255126953125,5513400,0.0,0.0
2021-11-25 00:00:00+07:00,445.25516216571515,470.98101597973425,445.25516216571515,463.06536865234375,19490200,0.0,0.0
2021-11-26 00:00:00+07:00,465.04424441177235,469.0020677684683,445.25512762829266,447.2340393066406,8722300,0.0,0.0
2021-11-29 00:00:00+07:00,451.1918605924187,451.1918605924187,439.31839057682873,441.29730224609375,4717800,0.0,0.0
2021-11-30 00:00:00+07:00,441.2973305340771,449.2129777185449,429.4238597573755,433.3816833496094,5337700,0.0,0.0
2021-12-01 00:00:00+07:00,433.38167750892455,433.38167750892455,413.5925598144531,413.5925598144531,8857200,0.0,0.0
2021-12-02 00:00:00+07:00,413.5925664427054,441.2973316589632,405.6769192380603,437.3395080566406,10829200,0.0,0.0
2021-12-03 00:00:00+07:00,439.3183695042387,470.9809546937334,439.3183695042387,465.0442199707031,27055100,0.0,0.0
2021-12-06 00:00:00+07:00,465.04424511073444,469.002068473379,447.234039978834,449.21295166015625,9765100,0.0,0.0
2021-12-07 00:00:00+07:00,449.212946805087,455.14968178488994,435.3605651855469,435.3605651855469,9675800,0.0,0.0
2021-12-08 00:00:00+07:00,435.36059109669816,439.31841465212267,411.613649764151,419.529296875,16028400,0.0,0.0
2021-12-09 00:00:00+07:00,419.5292691831236,437.3394740069354,415.5714458889432,427.4449157714844,12100600,0.0,0.0
2021-12-10 00:00:00+07:00,431.4027404785156,445.25512205351384,429.42382882494445,431.4027404785156,8475000,0.0,0.0
2021-12-13 00:00:00+07:00,433.38165142569125,437.3394747263825,427.44491647465435,429.423828125,3538600,0.0,0.0
2021-12-14 00:00:00+07:00,429.4238274185746,437.3394740069354,427.4449157714844,427.4449157714844,4178400,0.0,0.0
2021-12-15 00:00:00+07:00,427.44491506177326,433.3816499931868,425.46600341796875,425.46600341796875,2429400,0.0,0.0
2021-12-16 00:00:00+07:00,425.4660316214177,429.4238551713844,411.61364919653437,417.5503845214844,7110000,0.0,0.0
2021-12-17 00:00:00+07:00,419.5293018461892,439.3184198578019,415.5714782438667,437.3395080566406,11640100,0.0,0.0
2021-12-20 00:00:00+07:00,435.36056923655286,449.2129509849886,429.42383420150895,447.2340393066406,14655300,0.0,0.0
2021-12-21 00:00:00+07:00,447.23406706244697,455.14971426709207,435.3605962554794,437.3395080566406,4624500,0.0,0.0
2021-12-22 00:00:00+07:00,437.3394740069354,451.19185553656683,427.4449157714844,427.4449157714844,3073500,0.0,0.0
2021-12-23 00:00:00+07:00,427.4449433964011,431.40276694636776,417.5503845214844,417.5503845214844,3967500,0.0,0.0
2021-12-24 00:00:00+07:00,419.529296875,427.4449439858491,419.529296875,419.529296875,1495600,0.0,0.0
2021-12-27 00:00:00+07:00,421.5082097989377,429.42385693131206,417.55038623275044,423.48712158203125,2373400,0.0,0.0
2021-12-28 00:00:00+07:00,423.48712043042457,429.42385576356133,419.529296875,419.529296875,969200,0.0,0.0
2021-12-29 00:00:00+07:00,419.5292957124256,425.46603102911087,415.57147216796875,415.57147216796875,2836400,0.0,0.0
2021-12-30 00:00:00+07:00,417.55038394019715,425.46603102911087,415.57147216796875,415.57147216796875,3437000,0.0,0.0
2022-01-03 00:00:00+07:00,415.57147216796875,421.508207484654,413.59256039574035,415.57147216796875,1775800,0.0,0.0
2022-01-04 00:00:00+07:00,419.529296875,439.31841465212267,415.5714733195755,419.529296875,8261400,0.0,0.0
2022-01-05 00:00:00+07:00,421.50820865271226,431.4027675412736,417.55038509728774,419.529296875,4300500,0.0,0.0
2022-01-06 00:00:00+07:00,421.50820865271226,423.48712043042457,415.5714733195755,419.529296875,1797900,0.0,0.0
2022-01-07 00:00:00+07:00,419.52929512279457,423.48711866168884,413.5925598144531,413.5925598144531,4375800,0.0,0.0
2022-01-10 00:00:00+07:00,413.59255743259337,415.57146919064405,395.7823516101372,405.6769104003906,8393900,0.0,0.0
2022-01-11 00:00:00+07:00,405.67691330682663,417.55038394019715,397.761266217913,415.57147216796875,5634000,0.0,0.0
2022-01-12 00:00:00+07:00,417.5503758464368,425.46602278191426,387.86669983839624,389.8456115722656,12922800,0.0,0.0
2022-01-13 00:00:00+07:00,379.9510529029188,391.824523306135,366.0986707658332,389.8456115722656,5710400,0.0,0.0
2022-01-14 00:00:00+07:00,391.824520111084,391.824520111084,379.9510498046875,379.9510498046875,1140000,0.0,0.0
2022-01-17 00:00:00+07:00,393.8034644372685,399.7402000820514,381.9299931477026,383.9089050292969,4583200,0.0,0.0
2022-01-18 00:00:00+07:00,395.78237278576205,395.78237278576205,358.18304737111464,370.0565185546875,4914000,0.0,0.0
2022-01-19 00:00:00+07:00,356.20413105139573,370.0565139256167,350.26739553387245,352.2463073730469,1966400,0.0,0.0
2022-01-20 00:00:00+07:00,352.24627821180553,356.2041015625,336.41498480902777,356.2041015625,4510400,0.0,0.0
2022-01-21 00:00:00+07:00,356.2041278218114,360.161951464276,334.4360977882563,340.3728332519531,4473600,0.0,0.0
2022-01-24 00:00:00+07:00,340.37282638549806,342.35173816680907,316.6258850097656,316.6258850097656,5533800,0.0,0.0
2022-01-25 00:00:00+07:00,316.6258801912006,316.6258801912006,294.8578509280556,300.7945861816406,14386600,0.0,0.0
2022-01-26 00:00:00+07:00,300.7945645960366,332.4571503429878,300.7945645960366,324.54150390625,9038800,0.0,0.0
2022-01-27 00:00:00+07:00,324.541536068488,334.43609509496633,324.541536068488,330.478271484375,1776100,0.0,0.0
2022-01-28 00:00:00+07:00,332.4571620877935,385.8877774233317,332.4571620877935,358.1830139160156,34543600,0.0,0.0
2022-01-31 00:00:00+07:00,360.1619221080433,362.1408337679776,346.3095404885032,348.2884521484375,6359200,0.0,0.0
2022-02-02 00:00:00+07:00,348.28845419430866,360.1619242236601,346.30954252275006,354.2251892089844,2148000,0.0,0.0
2022-02-03 00:00:00+07:00,354.22519252611244,377.9721328071926,354.22519252611244,364.1197509765625,13109700,0.0,0.0
2022-02-04 00:00:00+07:00,360.1619567871094,370.05651603950247,352.2463093851949,360.1619567871094,8694100,0.0,0.0
2022-02-07 00:00:00+07:00,360.1619320215355,385.887784308788,360.1619320215355,377.9721374511719,10167500,0.0,0.0
2022-02-08 00:00:00+07:00,377.9721665078021,401.7191089061981,370.05651904167013,372.0354309082031,11619800,0.0,0.0
2022-02-09 00:00:00+07:00,375.9932244517816,381.92995957470447,374.0143127441406,374.0143127441406,1859400,0.0,0.0
2022-02-10 00:00:00+07:00,379.9510783743351,379.9510783743351,362.14087157553814,372.0354309082031,2607600,0.0,0.0
2022-02-11 00:00:00+07:00,374.0143427747361,375.9932546412691,370.05651904167013,372.0354309082031,1589100,0.0,0.0
2022-02-14 00:00:00+07:00,375.99325159093837,375.99325159093837,358.1830449366308,360.1619567871094,1959200,0.0,0.0
2022-02-15 00:00:00+07:00,360.1619314093339,381.9299602307771,356.2041079872533,375.99322509765625,10941400,0.0,0.0
2022-02-16 00:00:00+07:00,379.95106485445206,449.2129777185449,377.9721530583351,433.3816833496094,76414800,0.0,0.0
2022-02-17 00:00:00+07:00,435.36059514572634,453.17080131077876,421.5082125729077,433.3816833496094,27428500,0.0,0.0
2022-02-18 00:00:00+07:00,435.36056307603684,439.3183863767281,427.44491647465435,429.423828125,8640700,0.0,0.0
2022-02-21 00:00:00+07:00,431.40274717096696,467.02315748783576,427.444923802426,451.1918640136719,25431700,0.0,0.0
2022-02-22 00:00:00+07:00,453.1707736545139,472.9598904079861,445.255126953125,445.255126953125,31218600,0.0,0.0
2022-02-23 00:00:00+07:00,441.2972987463715,451.19185701422737,429.42382882494445,431.4027404785156,10104000,0.0,0.0
2022-02-24 00:00:00+07:00,435.3605524072506,443.2761988146552,401.71905517578125,401.71905517578125,16549600,0.0,0.0
2022-02-25 00:00:00+07:00,395.7823516101372,415.57146919064405,381.9299693037824,405.6769104003906,8885700,0.0,0.0
2022-03-01 00:00:00+07:00,411.6136486235119,429.4238545735677,405.67691330682663,415.57147216796875,6265500,0.0,0.0
2022-03-02 00:00:00+07:00,413.5925598144531,415.57147158390023,397.76126565887597,413.5925598144531,5517300,0.0,0.0
2022-03-04 00:00:00+07:00,413.5925568225337,415.5714685776654,399.7401745366115,403.697998046875,3990800,0.0,0.0
2022-03-07 00:00:00+07:00,403.69799370935124,413.59255237869803,385.8877881045269,389.8456115722656,8645800,0.0,0.0
2022-03-08 00:00:00+07:00,385.88776236097215,407.6557899813347,381.92993915726987,401.71905517578125,6391500,0.0,0.0
2022-03-09 00:00:00+07:00,407.6558221584413,413.59255743259337,399.74017512623857,405.6769104003906,3313500,0.0,0.0
2022-03-10 00:00:00+07:00,409.63471094767254,427.4449157714844,403.6979760064019,427.4449157714844,11009500,0.0,0.0
2022-03-11 00:00:00+07:00,425.46603778461076,457.1286266430004,425.46603778461076,439.31842041015625,30381600,0.0,0.0
2022-03-14 00:00:00+07:00,441.2973316589632,449.21297886360827,437.3395080566406,437.3395080566406,8028700,0.0,0.0
2022-03-15 00:00:00+07:00,437.33950347184015,449.21297415433355,421.5082092285156,421.5082092285156,6059000,0.0,0.0
2022-03-16 00:00:00+07:00,437.3394747263825,439.3183863767281,421.5081815236175,429.423828125,1959100,0.0,0.0
2022-03-17 00:00:00+07:00,431.4027788546976,461.0864562988281,429.4238670250889,461.0864562988281,27227500,0.0,0.0
2022-03-18 00:00:00+07:00,463.0653354810632,480.8755406918733,445.25513027025306,455.1496887207031,36209600,0.0,0.0
2022-03-21 00:00:00+07:00,459.10751006676765,463.0653334294122,439.31839325354485,449.21295166015625,7368000,0.0,0.0
2022-03-22 00:00:00+07:00,449.2129529928016,455.1496880543805,445.2551296184157,453.1707763671875,4377000,0.0,0.0
2022-03-23 00:00:00+07:00,455.1496860200325,459.10750937672844,447.2340393066406,447.2340393066406,4789500,0.0,0.0
2022-03-24 00:00:00+07:00,449.212979428403,453.17080303570174,439.31842041015625,439.31842041015625,3625000,0.0,0.0
2022-03-25 00:00:00+07:00,439.31838565402563,443.27620894820603,427.4449157714844,427.4449157714844,8587500,0.0,0.0
2022-03-28 00:00:00+07:00,425.4660055178021,435.360563785658,413.59253559637506,431.4027404785156,7212100,0.0,0.0
2022-03-29 00:00:00+07:00,431.4027438997688,457.1285956002137,431.4027438997688,441.29730224609375,13950100,0.0,0.0
2022-03-30 00:00:00+07:00,443.2762440174549,447.23406762475366,433.3816849992082,439.31842041015625,3861500,0.0,0.0
2022-03-31 00:00:00+07:00,441.2972965684048,441.2972965684048,425.46600341796875,425.46600341796875,4791400,0.0,0.0
2022-04-01 00:00:00+07:00,429.42385576356133,429.42385576356133,415.5714733195755,419.529296875,5518300,0.0,0.0
2022-04-04 00:00:00+07:00,421.50818013035973,433.3816499931868,417.5503568427507,425.46600341796875,2378200,0.0,0.0
2022-04-05 00:00:00+07:00,427.4449433964011,437.33950227131777,417.5503845214844,417.5503845214844,3753800,0.0,0.0
2022-04-06 00:00:00+07:00,417.5503833533474,421.5082068922417,413.5925598144531,413.5925598144531,2645100,0.0,0.0
2022-04-07 00:00:00+07:00,415.571499059696,415.571499059696,389.84564435600055,399.7402038574219,9073800,0.0,0.0
2022-04-08 00:00:00+07:00,399.74017087377683,401.71908261077573,389.84561218878235,391.82452392578125,5288700,0.0,0.0
2022-04-11 00:00:00+07:00,389.8456070749383,397.7612539190995,374.014313386616,375.99322509765625,10777500,0.0,0.0
2022-04-12 00:00:00+07:00,375.9931912986181,379.9510143649194,368.0775451660156,368.0775451660156,3033700,0.0,0.0
2022-04-13 00:00:00+07:00,370.05651904167013,374.0143427747361,364.11978344207114,372.0354309082031,2154100,0.0,0.0
2022-04-14 00:00:00+07:00,372.035433739731,383.9089050292969,372.035433739731,383.9089050292969,3767100,0.0,0.0
2022-04-18 00:00:00+07:00,387.8666739628233,419.5292595924415,387.8666739628233,401.71905517578125,18360100,0.0,0.0
2022-04-19 00:00:00+07:00,403.6979613012197,411.61360760124364,385.88775712616587,387.8666687011719,6698300,0.0,0.0
2022-04-20 00:00:00+07:00,387.8666687011719,395.7823150011958,385.88775712616587,387.8666687011719,3114100,0.0,0.0
2022-04-21 00:00:00+07:00,389.8456083933512,393.8034318288167,379.9510498046875,379.9510498046875,2851600,0.0,0.0
2022-04-22 00:00:00+07:00,383.9089050292969,385.8878169108912,374.01434562132533,383.9089050292969,1986600,0.0,0.0
2022-04-25 00:00:00+07:00,375.9932244517816,387.86669469762734,372.03540103649965,374.0143127441406,931700,0.0,0.0
2022-04-26 00:00:00+07:00,372.0354309082031,385.8878139739341,370.05651904167013,372.0354309082031,2307400,0.0,0.0
2022-04-27 00:00:00+07:00,381.9299902408681,381.9299902408681,370.05651904167013,372.0354309082031,750200,0.0,0.0
2022-04-28 00:00:00+07:00,374.0142906188965,399.7401412963867,370.0564674377441,395.7823181152344,5249200,0.0,0.0
2022-05-09 00:00:00+07:00,397.761225773738,399.7401373447516,368.07755220853363,385.88775634765625,6088100,0.0,0.0
2022-05-10 00:00:00+07:00,383.90887194181744,385.8877836528577,364.11975483141447,375.99322509765625,2230500,0.0,0.0
2022-05-11 00:00:00+07:00,381.9299931477026,389.84564067407985,377.97216938451396,383.9089050292969,3079900,0.0,0.0
2022-05-12 00:00:00+07:00,383.90886717415896,383.90886717415896,362.1408386230469,362.1408386230469,3143300,0.0,0.0
2022-05-13 00:00:00+07:00,362.1408105665638,368.0775451660156,340.37278370190694,368.0775451660156,3469000,0.0,0.0
2022-05-17 00:00:00+07:00,368.07757435674256,372.03539773692256,356.20410421620244,364.1197509765625,1461600,0.0,0.0
2022-05-18 00:00:00+07:00,366.09866199597633,372.03539705537054,362.1408386230469,362.1408386230469,873200,0.0,0.0
2022-05-19 00:00:00+07:00,362.14083727420365,364.11974895329763,352.24627887873356,358.1830139160156,743300,0.0,0.0
2022-05-20 00:00:00+07:00,360.1619567871094,364.1197804880666,358.1830449366308,360.1619567871094,1237600,0.0,0.0
2022-05-23 00:00:00+07:00,360.1619269365821,364.1197503095116,354.2251918771879,362.1408386230469,859600,0.0,0.0
2022-05-24 00:00:00+07:00,358.1830132378472,360.16192491319447,354.2251898871528,356.2041015625,767400,0.0,0.0
2022-05-25 00:00:00+07:00,356.20413105139573,358.18304289057016,350.26739553387245,352.2463073730469,1009000,0.0,0.0
2022-05-27 00:00:00+07:00,354.2251871282404,358.18301044810903,348.2884521484375,348.2884521484375,856200,0.0,0.0
2022-05-30 00:00:00+07:00,352.2463093851949,368.0776041890239,348.2884856842376,360.1619567871094,2020600,0.0,0.0
2022-05-31 00:00:00+07:00,360.1619255951096,366.09866063239167,358.1830139160156,358.1830139160156,1364200,0.0,0.0
2022-06-02 00:00:00+07:00,360.1619314093339,383.90887194181744,358.1830196982936,375.99322509765625,4685200,0.0,0.0
2022-06-03 00:00:00+07:00,377.9721387161492,385.887785600257,374.0143152740953,381.9299621582031,2777100,0.0,0.0
2022-06-06 00:00:00+07:00,381.9299602307771,383.90887194181744,372.03540167557566,375.99322509765625,1417900,0.0,0.0
2022-06-07 00:00:00+07:00,375.9932211171026,381.9299561873726,354.22519252611244,364.1197509765625,2866500,0.0,0.0
2022-06-08 00:00:00+07:00,364.1197220997144,375.9931912986181,354.2251644339613,368.0775451660156,1967600,0.0,0.0
2022-06-09 00:00:00+07:00,368.0775736824411,377.97213211476475,360.1619269365821,362.1408386230469,916800,0.0,0.0
2022-06-10 00:00:00+07:00,362.1408365885417,362.1408365885417,354.2251898871528,356.2041015625,1311400,0.0,0.0
2022-06-13 00:00:00+07:00,356.20412837563225,356.20412837563225,332.4571864839234,342.35174560546875,4048400,0.0,0.0
2022-06-14 00:00:00+07:00,342.3517450731854,342.3517450731854,332.457185967024,340.3728332519531,1305800,0.0,0.0
2022-06-15 00:00:00+07:00,340.37283217486214,340.37283217486214,334.4360967299517,336.4150085449219,1945200,0.0,0.0
2022-06-16 00:00:00+07:00,336.41501013254157,350.267392902705,336.41501013254157,342.35174560546875,1306600,0.0,0.0
2022-06-17 00:00:00+07:00,338.393920359892,340.37283217486214,328.49936128504135,336.4150085449219,1050400,0.0,0.0
2022-06-20 00:00:00+07:00,336.4149773050342,340.37280056744635,330.4782424114159,334.4360656738281,282400,0.0,0.0
2022-06-21 00:00:00+07:00,334.43607313368057,360.16192491319447,334.43607313368057,356.2041015625,3090000,0.0,0.0
2022-06-22 00:00:00+07:00,358.18301044810903,358.18301044810903,342.3517171686346,348.2884521484375,1001800,0.0,0.0
2022-06-23 00:00:00+07:00,348.2884794347426,350.2673912497128,334.4360967299517,336.4150085449219,1877000,0.0,0.0
2022-06-24 00:00:00+07:00,338.393920359892,338.393920359892,330.47827310001145,336.4150085449219,2539700,0.0,0.0
2022-06-27 00:00:00+07:00,336.41501013254157,344.33065742977783,334.4360983082325,342.35174560546875,858600,0.0,0.0
2022-06-28 00:00:00+07:00,342.3517450731854,344.3306568944177,340.3728332519531,340.3728332519531,699100,0.0,0.0
2022-06-29 00:00:00+07:00,342.35174560546875,344.33065742977783,336.41501013254157,342.35174560546875,542600,0.0,0.0
2022-06-30 00:00:00+07:00,342.35169523505755,381.92992589807,340.37278370190694,368.0775451660156,21258600,0.0,0.0
2022-07-01 00:00:00+07:00,370.05648258145294,379.9510409392458,348.28845419430866,354.2251892089844,8425000,0.0,0.0
2022-07-04 00:00:00+07:00,354.2251834980926,356.2040951377467,330.4782438222428,338.3938903808594,3979600,0.0,0.0
2022-07-05 00:00:00+07:00,338.3938889362403,338.3938889362403,332.45715404262205,334.4360656738281,2564900,0.0,0.0
2022-07-06 00:00:00+07:00,336.415038335891,348.28851027715774,330.4783023652576,332.45721435546875,4199800,0.0,0.0
2022-07-07 00:00:00+07:00,336.4149735613567,338.3938851705412,320.5836806878811,324.54150390625,3496700,0.0,0.0
2022-07-08 00:00:00+07:00,324.54153497869316,332.45718217329545,324.54153497869316,326.52044677734375,1629200,0.0,0.0
2022-07-11 00:00:00+07:00,326.52047838483537,334.43612634567984,324.5415663946242,332.45721435546875,945000,0.0,0.0
2022-07-12 00:00:00+07:00,328.49932861328125,336.41497508589043,324.54150537697666,328.49932861328125,1482000,0.0,0.0
2022-07-13 00:00:00+07:00,328.499334891183,346.3095397949219,324.54151157924105,346.3095397949219,3159000,0.0,0.0
2022-07-14 00:00:00+07:00,346.3095397949219,346.3095397949219,326.52042323521204,346.3095397949219,2147900,0.0,0.0
2022-07-15 00:00:00+07:00,346.3095431857639,356.2041015625,338.393896484375,356.2041015625,3563700,0.0,0.0
2022-07-18 00:00:00+07:00,352.2463073730469,360.1619547297446,348.288483694698,352.2463073730469,2118400,0.0,0.0
2022-07-19 00:00:00+07:00,348.2884856842376,360.1619567871094,344.3306619832804,360.1619567871094,2700100,0.0,0.0
2022-07-20 00:00:00+07:00,362.14086656891897,362.14086656891897,346.30957185552364,352.2463073730469,4242800,0.0,0.0
2022-07-21 00:00:00+07:00,352.24628147434544,375.9932217984586,350.26736978066936,366.0986633300781,7063100,0.0,0.0
2022-07-22 00:00:00+07:00,372.03539425301153,372.03539425301153,354.2251892089844,354.2251892089844,3890800,0.0,0.0
2022-07-25 00:00:00+07:00,354.2252186920683,356.20413052833686,348.2884831832627,350.26739501953125,2626500,0.0,0.0
2022-07-26 00:00:00+07:00,350.2673313535493,354.22515430669677,340.37277397068067,344.3305969238281,2917400,0.0,0.0
2022-07-27 00:00:00+07:00,344.33065742977783,350.267392902705,342.35174560546875,342.35174560546875,908500,0.0,0.0
2022-07-28 00:00:00+07:00,344.3306252998218,352.24627185843843,332.45715546189695,338.3938903808594,5794000,0.0,0.0
2022-07-29 00:00:00+07:00,340.372798322195,352.2462680311088,324.54150537697666,328.49932861328125,8617100,0.0,0.0
2022-08-01 00:00:00+07:00,332.4571849149816,340.37283217486214,328.49936128504135,336.4150085449219,1780800,0.0,0.0
2022-08-02 00:00:00+07:00,336.41500960948855,346.30956871564996,334.4360977882563,340.3728332519531,4492300,0.0,0.0
2022-08-03 00:00:00+07:00,344.3306288285689,356.2040987881747,342.3517171686346,348.2884521484375,6163600,0.0,0.0
2022-08-04 00:00:00+07:00,348.2884794347426,350.2673912497128,336.4150085449219,336.4150085449219,3878700,0.0,0.0
2022-08-05 00:00:00+07:00,340.5963654828495,340.5963654828495,334.6557312011719,334.6557312011719,2485900,0.223163,0.0
2022-08-08 00:00:00+07:00,334.65574430577897,340.5963788200827,334.65574430577897,336.6359558105469,911600,0.0,0.0
2022-08-09 00:00:00+07:00,338.6161540556236,338.6161540556236,332.675519773946,334.6557312011719,1114800,0.0,0.0
2022-08-10 00:00:00+07:00,334.6557220091303,336.63593338196534,320.79424239928466,328.715087890625,9506100,0.0,0.0
2022-08-11 00:00:00+07:00,328.7151442028227,334.65577933901835,326.73493249075756,332.6755676269531,2274400,0.0,0.0
2022-08-12 00:00:00+07:00,332.67555465241395,332.67555465241395,328.71513138274236,330.6953430175781,1260800,0.0,0.0
2022-08-15 00:00:00+07:00,334.6557312011719,342.57657691007535,332.675519773946,334.6557312011719,5430500,0.0,0.0
2022-08-16 00:00:00+07:00,334.6557220091303,338.6161447548004,328.715087890625,328.715087890625,1518200,0.0,0.0
2022-08-18 00:00:00+07:00,330.6952992634601,332.67551063629514,328.715087890625,328.715087890625,1018500,0.0,0.0
2022-08-19 00:00:00+07:00,328.7150785294047,330.6952898458469,316.83381063075154,322.7744445800781,6739000,0.0,0.0
2022-08-22 00:00:00+07:00,332.6755052649456,332.6755052649456,314.8536031971807,318.81402587890625,1595400,0.0,0.0
2022-08-23 00:00:00+07:00,318.81402194719374,322.7744445800781,318.81402194719374,322.7744445800781,916700,0.0,0.0
2022-08-24 00:00:00+07:00,322.7744926170067,322.7744926170067,318.8140693947121,320.7942810058594,1013300,0.0,0.0
2022-08-25 00:00:00+07:00,320.7942589868473,320.7942589868473,310.89320161071004,312.8734130859375,2999300,0.0,0.0
2022-08-26 00:00:00+07:00,314.8536421660405,314.8536421660405,308.9130074081907,310.8932189941406,1812100,0.0,0.0
2022-08-29 00:00:00+07:00,310.89320588723206,312.87341738969855,308.9129943847656,308.9129943847656,706000,0.0,0.0
2022-08-30 00:00:00+07:00,308.9130074081907,314.8536421660405,308.9130074081907,310.8932189941406,1097400,0.0,0.0
2022-08-31 00:00:00+07:00,310.89320588723206,310.89320588723206,306.9327828822992,308.9129943847656,878300,0.0,0.0
2022-09-01 00:00:00+07:00,308.9129901354826,314.85362456116496,302.97235570980024,312.8734130859375,1768500,0.0,0.0
2022-09-02 00:00:00+07:00,312.87343456127024,324.7547042281539,312.87343456127024,320.7942810058594,5216500,0.0,0.0
2022-09-05 00:00:00+07:00,320.7942810058594,326.7349158393012,318.8140693947121,320.7942810058594,1995000,0.0,0.0
2022-09-06 00:00:00+07:00,322.77446613311764,322.77446613311764,316.8338317871094,316.8338317871094,2241600,0.0,0.0
2022-09-07 00:00:00+07:00,316.83383603639237,318.81404751161983,312.8734130859375,312.8734130859375,2043200,0.0,0.0
2022-09-08 00:00:00+07:00,312.8734130859375,316.83383603639237,308.9129901354826,312.8734130859375,1578300,0.0,0.0
2022-09-09 00:00:00+07:00,312.87341738969855,312.87341738969855,308.9129943847656,308.9129943847656,1212800,0.0,0.0
2022-09-12 00:00:00+07:00,308.9130074081907,314.8536421660405,306.93279582224073,310.8932189941406,1043900,0.0,0.0
2022-09-13 00:00:00+07:00,312.87340402910786,314.8536154470136,306.9327697753906,306.9327697753906,2316500,0.0,0.0
2022-09-14 00:00:00+07:00,306.9327828822992,316.8338403946314,302.9723598773663,308.9129943847656,8215400,0.0,0.0
2022-09-15 00:00:00+07:00,308.91298599243163,318.8140432357788,308.91298599243163,316.8338317871094,6868100,0.0,0.0
2022-09-16 00:00:00+07:00,318.8140518970979,320.79426339956433,299.0119368724334,308.9129943847656,7247400,0.0,0.0
2022-09-19 00:00:00+07:00,308.9129811932964,310.8931926112021,304.95255835748486,306.9327697753906,2085900,0.0,0.0
2022-09-20 00:00:00+07:00,306.93279165970654,310.8932147778963,297.03173386423214,300.9921569824219,4787700,0.0,0.0
2022-09-21 00:00:00+07:00,302.9723776739997,304.952589292784,293.0713195800781,293.0713195800781,3004100,0.0,0.0
2022-09-22 00:00:00+07:00,293.07130650111606,295.051518031529,285.1504603794643,291.0910949707031,1913600,0.0,0.0
2022-09-23 00:00:00+07:00,291.09109066956796,297.0317251730285,291.09109066956796,295.051513671875,517800,0.0,0.0
2022-09-26 00:00:00+07:00,295.0514996034879,295.0514996034879,275.24938553613976,279.2098083496094,5874100,0.0,0.0
2022-09-27 00:00:00+07:00,279.20982578822543,302.9723641531808,277.2296142578125,291.0910949707031,7295800,0.0,0.0
2022-09-28 00:00:00+07:00,293.0712839406687,314.8536090984211,283.17022705078125,283.17022705078125,25128900,0.0,0.0
2022-09-29 00:00:00+07:00,285.15045121464414,295.05150854848597,267.3285480137289,271.2889709472656,9134400,0.0,0.0
2022-09-30 00:00:00+07:00,269.30876374421297,275.2493982385706,257.42749475549766,267.32855224609375,2354200,0.0,0.0
2022-10-03 00:00:00+07:00,267.3285296491084,273.26916364131085,257.42747299543777,259.4076843261719,2378100,0.0,0.0
2022-10-04 00:00:00+07:00,259.4077062536169,273.2691867404514,259.4077062536169,267.32855224609375,3046100,0.0,0.0
2022-10-05 00:00:00+07:00,267.32855660574774,271.28897966657365,261.38792201450894,263.3681335449219,1973100,0.0,0.0
2022-10-06 00:00:00+07:00,263.3681335449219,271.28897966657365,263.3681335449219,263.3681335449219,2853200,0.0,0.0
2022-10-07 00:00:00+07:00,263.36812965341863,295.051513671875,255.44728364880453,295.051513671875,6971700,0.0,0.0
2022-10-10 00:00:00+07:00,287.13069010123934,287.13069010123934,275.2494201660156,275.2494201660156,3778000,0.0,0.0
2022-10-11 00:00:00+07:00,277.22960973668984,277.22960973668984,265.34834074797453,267.32855224609375,2662600,0.0,0.0
2022-10-12 00:00:00+07:00,263.3681335449219,273.2691911969866,259.40771048409596,263.3681335449219,1171200,0.0,0.0
2022-10-13 00:00:00+07:00,263.36811107073646,267.32853379360466,255.447265625,255.447265625,1315600,0.0,0.0
2022-10-14 00:00:00+07:00,255.44726765155792,261.3879017829895,253.46705627441406,253.46705627441406,2656800,0.0,0.0
2022-10-17 00:00:00+07:00,253.4670646421371,253.4670646421371,243.56600742955362,245.5462188720703,2513400,0.0,0.0
2022-10-18 00:00:00+07:00,229.7045179263566,267.32853379360466,229.7045179263566,255.447265625,1507900,0.0,0.0
2022-10-19 00:00:00+07:00,255.44728520911508,257.427496722364,249.5066506693682,251.4868621826172,524900,0.0,0.0
2022-10-20 00:00:00+07:00,251.4868448972702,257.4274790287018,249.50663352012634,253.46705627441406,876900,0.0,0.0
2022-10-21 00:00:00+07:00,255.44726765155792,259.40769040584564,253.46705627441406,253.46705627441406,1099100,0.0,0.0
2022-10-24 00:00:00+07:00,253.46707589285714,259.40771048409596,249.50665283203125,249.50665283203125,1500900,0.0,0.0
2022-10-25 00:00:00+07:00,249.50665283203125,255.4472874232701,247.5264413016183,249.50665283203125,1001600,0.0,0.0
2022-10-26 00:00:00+07:00,251.48686436244418,257.427498953683,243.5660182407924,249.50665283203125,3167900,0.0,0.0
2022-10-27 00:00:00+07:00,249.50663154069767,257.4274769864341,249.50663154069767,255.447265625,1795800,0.0,0.0
2022-10-28 00:00:00+07:00,257.42749067988706,277.2296053475707,257.42749067988706,271.2889709472656,10392300,0.0,0.0
2022-10-31 00:00:00+07:00,275.2493846380888,281.19001883891093,261.3879048361707,265.34832763671875,9507300,0.0,0.0
2022-11-01 00:00:00+07:00,267.32855224609375,273.2691867404514,265.34834074797453,267.32855224609375,2974600,0.0,0.0
2022-11-02 00:00:00+07:00,273.2691867404514,273.2691867404514,265.34834074797453,267.32855224609375,1188300,0.0,0.0
2022-11-03 00:00:00+07:00,267.32855224609375,273.2691867404514,263.3681292498553,267.32855224609375,1874600,0.0,0.0
2022-11-04 00:00:00+07:00,267.32855224609375,271.2889752423322,267.32855224609375,267.32855224609375,1325900,0.0,0.0
2022-11-07 00:00:00+07:00,269.3087384905134,279.2097950526646,267.32852717808316,277.2295837402344,3071100,0.0,0.0
2022-11-08 00:00:00+07:00,277.22963182188624,281.1900551336275,269.30878519840377,275.2494201660156,2092400,0.0,0.0
2022-11-09 00:00:00+07:00,275.2493846380888,277.2295960383629,265.34832763671875,265.34832763671875,2885200,0.0,0.0
2022-11-10 00:00:00+07:00,265.3483536664177,277.22962323357075,261.3879304773667,269.30877685546875,2368600,0.0,0.0
2022-11-11 00:00:00+07:00,269.30878872341583,285.1504821777344,267.328577041626,285.1504821777344,6395700,0.0,0.0
2022-11-14 00:00:00+07:00,287.13069385952423,287.13069385952423,277.2296354505751,285.1504821777344,12751200,0.0,0.0
2022-11-15 00:00:00+07:00,285.1504821777344,287.13069385952423,281.1900588141547,285.1504821777344,6770700,0.0,0.0
2022-11-16 00:00:00+07:00,287.1306719098772,295.051518031529,281.19003731863836,291.0910949707031,3581000,0.0,0.0
2022-11-17 00:00:00+07:00,291.0910829544067,320.7942546844482,291.0910829544067,316.8338317871094,43827600,0.0,0.0
2022-11-18 00:00:00+07:00,310.89320161071004,322.77447046207476,310.89320161071004,312.8734130859375,6258800,0.0,0.0
2022-11-21 00:00:00+07:00,312.87339185631794,328.7150825832201,308.9129691745924,318.81402587890625,9813100,0.0,0.0
2022-11-22 00:00:00+07:00,318.8140653379404,320.7942769238903,304.9525842362908,310.8932189941406,5955000,0.0,0.0
2022-11-23 00:00:00+07:00,312.87345050630114,332.6755676269531,306.9328153701056,332.6755676269531,15437300,0.0,0.0
2022-11-24 00:00:00+07:00,332.6755233764648,344.55679206848146,314.85362033843995,316.8338317871094,18335000,0.0,0.0
2022-11-25 00:00:00+07:00,316.8338403946314,318.8140518970979,308.9129943847656,308.9129943847656,2916400,0.0,0.0
2022-11-28 00:00:00+07:00,308.91295820829885,308.91295820829885,297.0316905849027,299.01190185546875,7492100,0.0,0.0
2022-11-29 00:00:00+07:00,299.0119241037676,308.9129811932964,279.20980992471016,306.9327697753906,6332400,0.0,0.0
2022-11-30 00:00:00+07:00,306.93275649826245,316.83381315949674,302.97233383376874,304.9525451660156,10158900,0.0,0.0
2022-12-01 00:00:00+07:00,306.9327739640778,310.8931968539369,300.9921396292892,302.97235107421875,1447000,0.0,0.0
2022-12-02 00:00:00+07:00,302.97237265034084,310.8932189941406,300.9921610643909,310.8932189941406,5540500,0.0,0.0
2022-12-05 00:00:00+07:00,312.87341738969855,316.8338403946314,306.9327828822992,308.9129943847656,3844400,0.0,0.0
2022-12-06 00:00:00+07:00,308.9129943847656,310.89320588723206,289.1108793601012,308.9129943847656,4913000,0.0,0.0
2022-12-07 00:00:00+07:00,308.9130125303526,310.8932241491369,293.0713195800781,293.0713195800781,1321600,0.0,0.0
2022-12-08 00:00:00+07:00,293.07131074604234,300.9921569824219,287.13067606875774,300.9921569824219,799600,0.0,0.0
2022-12-09 00:00:00+07:00,300.99214817533556,300.99214817533556,291.09109066956796,295.051513671875,726900,0.0,0.0
2022-12-12 00:00:00+07:00,293.0712849934896,300.99213053385415,283.17022806803385,297.0317077636719,2965400,0.0,0.0
2022-12-13 00:00:00+07:00,297.0317077636719,300.99213053385415,291.09107360839846,297.0317077636719,702600,0.0,0.0
2022-12-14 00:00:00+07:00,300.9921355216734,308.9129811932964,295.05150126795616,306.9327697753906,1760400,0.0,0.0
2022-12-15 00:00:00+07:00,308.9129811932964,308.9129811932964,302.97234693957915,306.9327697753906,570900,0.0,0.0
2022-12-16 00:00:00+07:00,302.97237265034084,334.6557580255399,302.97237265034084,310.8932189941406,7377000,0.0,0.0
2022-12-19 00:00:00+07:00,312.87343058009054,318.8140653379404,308.9130074081907,310.8932189941406,717500,0.0,0.0
2022-12-20 00:00:00+07:00,314.85360182724986,316.83381315949674,297.0316998370282,304.9525451660156,1585100,0.0,0.0
2022-12-21 00:00:00+07:00,304.9525630950928,316.8338317871094,300.9921401977539,316.8338317871094,2172800,0.0,0.0
2022-12-22 00:00:00+07:00,316.8338403946314,318.8140518970979,308.9129943847656,308.9129943847656,1382100,0.0,0.0
2022-12-23 00:00:00+07:00,306.9327697753906,308.9129811932964,300.9921355216734,306.9327697753906,359800,0.0,0.0
2022-12-26 00:00:00+07:00,310.8932147778963,312.87342633699114,300.9921569824219,300.9921569824219,448600,0.0,0.0
2022-12-27 00:00:00+07:00,302.9723419189453,308.91297607421876,287.1306508382161,297.0317077636719,3654000,0.0,0.0
2022-12-28 00:00:00+07:00,300.99216605521536,300.99216605521536,293.0713195800781,293.0713195800781,594500,0.0,0.0
2022-12-29 00:00:00+07:00,293.0712849934896,297.0317077636719,283.17022806803385,297.0317077636719,2732300,0.0,0.0
2022-12-30 00:00:00+07:00,297.03172128411785,316.83383603639237,291.0910868584355,312.8734130859375,1748000,0.0,0.0
2023-01-02 00:00:00+07:00,308.9129854090073,314.85361974379595,302.97235107421875,302.97235107421875,541500,0.0,0.0
2023-01-03 00:00:00+07:00,302.9723596764891,302.9723596764891,295.051513671875,295.051513671875,2390100,0.0,0.0
2023-01-04 00:00:00+07:00,297.0317077636719,302.9723419189453,295.05149637858074,297.0317077636719,457300,0.0,0.0
2023-01-05 00:00:00+07:00,299.0119364563848,299.0119364563848,277.229609959562,281.1900329589844,4131100,0.0,0.0
2023-01-06 00:00:00+07:00,277.229609959562,285.15045595840667,277.229609959562,281.1900329589844,288000,0.0,0.0
2023-01-09 00:00:00+07:00,283.1702704959446,297.0317522684733,281.1900588141547,285.1504821777344,1324200,0.0,0.0
2023-01-10 00:00:00+07:00,285.15045595840667,291.09109045754013,281.1900329589844,281.1900329589844,388500,0.0,0.0
2023-01-11 00:00:00+07:00,287.13069385952423,291.0911172231038,281.1900588141547,285.1504821777344,557900,0.0,0.0
2023-01-12 00:00:00+07:00,287.13066745811784,291.09109045754013,281.1900329589844,281.1900329589844,451600,0.0,0.0
2023-01-13 00:00:00+07:00,281.1900197563442,285.15044256981383,275.24938553613976,279.2098083496094,1402200,0.0,0.0
2023-01-16 00:00:00+07:00,279.20984347775686,279.20984347775686,265.34836188666253,275.2494201660156,4090200,0.0,0.0
2023-01-17 00:00:00+07:00,275.24939388080236,277.2296053475707,271.2889709472656,271.2889709472656,700500,0.0,0.0
2023-01-18 00:00:00+07:00,273.2691867404514,275.2493982385706,267.32855224609375,267.32855224609375,567300,0.0,0.0
2023-01-19 00:00:00+07:00,267.32857354253315,285.1504784453687,263.3681502307919,275.2494201660156,2554300,0.0,0.0
2023-01-20 00:00:00+07:00,275.24937242780413,283.1702176775251,267.32852717808316,277.2295837402344,555000,0.0,0.0
2023-01-24 00:00:00+07:00,279.2098083496094,283.170231163079,277.22959694287454,279.2098083496094,254700,0.0,0.0
2023-01-25 00:00:00+07:00,279.20984347775686,281.1900551336275,275.2494201660156,275.2494201660156,735800,0.0,0.0
2023-01-26 00:00:00+07:00,275.2493984598509,281.1900329589844,275.2493984598509,281.1900329589844,304100,0.0,0.0
2023-01-27 00:00:00+07:00,279.20980429482626,283.17022705078125,279.20980429482626,283.17022705078125,506300,0.0,0.0
2023-01-30 00:00:00+07:00,283.17024445869555,289.110878957829,281.1900329589844,281.1900329589844,1319400,0.0,0.0
2023-01-31 00:00:00+07:00,283.1702531485722,289.11088783001077,281.1900415880927,287.13067626953125,1374700,0.0,0.0
2023-02-01 00:00:00+07:00,287.1306589204971,293.0712932429901,287.1306589204971,289.1108703613281,932100,0.0,0.0
2023-02-02 00:00:00+07:00,291.0911172231038,291.0911172231038,279.2098471323649,285.1504821777344,1975200,0.0,0.0
2023-02-03 00:00:00+07:00,283.17024445869555,285.15045595840667,279.2098214592732,281.1900329589844,224500,0.0,0.0
2023-02-06 00:00:00+07:00,285.1504384287587,291.09107256269124,281.1900156728038,283.17022705078125,521700,0.0,0.0
2023-02-07 00:00:00+07:00,283.1702531485722,291.0910993904903,283.1702531485722,287.13067626953125,884000,0.0,0.0
2023-02-08 00:00:00+07:00,287.1306431757939,312.87339049500304,287.1306431757939,304.9525451660156,8139000,0.0,0.0
2023-02-09 00:00:00+07:00,306.9327646891276,310.8931874593099,297.0317077636719,297.0317077636719,1182600,0.0,0.0
2023-02-10 00:00:00+07:00,297.0317077636719,300.99213053385415,291.09107360839846,297.0317077636719,919000,0.0,0.0
2023-02-13 00:00:00+07:00,297.0317077636719,306.9327646891276,293.0712849934896,297.0317077636719,904200,0.0,0.0
2023-02-14 00:00:00+07:00,297.0316905849027,306.9327469377328,297.0316905849027,299.01190185546875,164200,0.0,0.0
2023-02-15 00:00:00+07:00,304.9525533040364,304.9525533040364,293.0712849934896,297.0317077636719,245400,0.0,0.0
2023-02-16 00:00:00+07:00,300.9921225015219,304.9525451660156,295.05148850478133,304.9525451660156,1754200,0.0,0.0
2023-02-17 00:00:00+07:00,304.9525671850277,320.7942589868473,304.9525671850277,312.8734130859375,11947100,0.0,0.0
2023-02-20 00:00:00+07:00,314.85360182724986,316.83381315949674,300.9921225015219,304.9525451660156,5104100,0.0,0.0
2023-02-21 00:00:00+07:00,306.9327914639839,320.794272368809,304.95257990615175,314.8536376953125,8878000,0.0,0.0
2023-02-22 00:00:00+07:00,314.85364617241754,326.7349158393012,302.9723765055339,320.7942810058594,12466500,0.0,0.0
2023-02-23 00:00:00+07:00,320.794272368809,326.73490704230545,310.8932145796482,314.8536376953125,11963500,0.0,0.0
2023-02-24 00:00:00+07:00,316.83382686491933,318.8140382828251,306.9327697753906,306.9327697753906,3646000,0.0,0.0
2023-02-27 00:00:00+07:00,306.93279165970654,306.93279165970654,300.9921569824219,300.9921569824219,1940800,0.0,0.0
2023-02-28 00:00:00+07:00,300.99213053385415,308.91297607421876,297.0317077636719,297.0317077636719,4008500,0.0,0.0
2023-03-01 00:00:00+07:00,297.0316905849027,306.9327469377328,295.0514793143367,299.01190185546875,1896400,0.0,0.0
2023-03-02 00:00:00+07:00,299.01193667418204,300.99214817533556,295.051513671875,295.051513671875,944600,0.0,0.0
2023-03-03 00:00:00+07:00,297.031729561942,297.031729561942,289.1108834402902,291.0910949707031,2422000,0.0,0.0
2023-03-06 00:00:00+07:00,291.0910993904903,293.0713109509698,287.13067626953125,287.13067626953125,1282800,0.0,0.0
2023-03-07 00:00:00+07:00,287.13069385952423,291.0911172231038,283.1702704959446,285.1504821777344,2333000,0.0,0.0
2023-03-08 00:00:00+07:00,285.15042898995534,289.1108516148159,277.2295837402344,277.2295837402344,1843800,0.0,0.0
2023-03-09 00:00:00+07:00,277.229609959562,281.1900329589844,265.3483409612951,281.1900329589844,1922300,0.0,0.0
2023-03-10 00:00:00+07:00,281.1900329589844,293.0713019572513,275.2493984598509,281.1900329589844,1560000,0.0,0.0
2023-03-13 00:00:00+07:00,281.1900329589844,285.15045595840667,277.229609959562,281.1900329589844,742400,0.0,0.0
2023-03-14 00:00:00+07:00,277.22960973668984,281.1900327329282,267.32855224609375,267.32855224609375,1757100,0.0,0.0
2023-03-15 00:00:00+07:00,265.3483536664177,275.24941163904526,265.3483536664177,269.30877685546875,378000,0.0,0.0
2023-03-16 00:00:00+07:00,269.30875901442306,269.30875901442306,257.427490234375,257.427490234375,1497600,0.0,0.0
2023-03-17 00:00:00+07:00,263.36811623644473,279.2098074386369,261.3879048361707,265.34832763671875,2258400,0.0,0.0
2023-03-20 00:00:00+07:00,267.3285296491084,273.26916364131085,253.46705033396947,259.4076843261719,1481000,0.0,0.0
2023-03-21 00:00:00+07:00,259.4076843261719,263.36810698764015,257.42747299543777,259.4076843261719,363100,0.0,0.0
2023-03-24 00:00:00+07:00,261.3879177517361,275.2493982385706,261.3879177517361,267.32855224609375,506300,0.0,0.0
2023-03-27 00:00:00+07:00,267.3285608706267,273.2691955566406,267.3285608706267,273.2691955566406,197700,0.0,0.0
2023-03-28 00:00:00+07:00,273.2691611153739,287.1306403023856,269.3087384905134,277.2295837402344,1212800,0.0,0.0
2023-03-29 00:00:00+07:00,277.22959694287454,285.15044256981383,277.22959694287454,279.2098083496094,568600,0.0,0.0
2023-03-30 00:00:00+07:00,283.17024445869555,283.17024445869555,279.2098214592732,281.1900329589844,336800,0.0,0.0
2023-03-31 00:00:00+07:00,279.2098131571731,299.0119275654832,279.2098131571731,289.1108703613281,4441800,0.0,0.0
2023-04-03 00:00:00+07:00,291.0911079612938,297.0317428176468,287.1306847237252,293.0713195800781,2447700,0.0,0.0
2023-04-04 00:00:00+07:00,295.051518031529,304.95257568359375,281.19003731863836,291.0910949707031,4768400,0.0,0.0
2023-04-05 00:00:00+07:00,293.0712898500504,310.8931926112021,287.13065559633316,306.9327697753906,5465500,0.0,0.0
2023-04-06 00:00:00+07:00,306.93276661198314,324.7546691894531,295.05149822700315,324.7546691894531,26891400,0.0,0.0
2023-04-10 00:00:00+07:00,326.73487374441964,354.45783272879464,324.7546623883929,346.5369873046875,40728900,0.0,0.0
2023-04-11 00:00:00+07:00,348.51722518257475,366.3391287430473,328.71511011538297,364.3589172363281,26144800,0.0,0.0
2023-04-12 00:00:00+07:00,368.3193235397339,380.2005920410156,356.43805503845215,380.2005920410156,26192000,0.0,0.0
2023-04-13 00:00:00+07:00,380.2006051651555,388.1214511060962,354.457855857098,382.1808166503906,41584100,0.0,0.0
2023-04-14 00:00:00+07:00,380.2005912162162,382.1808026288007,356.4380542652027,366.339111328125,16501900,0.0,0.0
2023-04-17 00:00:00+07:00,368.3193362537443,386.14123962086103,348.5172214013925,382.1808166503906,28600100,0.0,0.0
2023-04-18 00:00:00+07:00,380.200576171875,396.0422668457031,372.27973083496096,396.0422668457031,24001000,0.0,0.0
2023-04-26 00:00:00+07:00,396.04232334854584,401.982958198774,388.1214768815749,400.00274658203125,17229200,0.0,0.0
2023-04-27 00:00:00+07:00,396.0422900838589,431.68609619140625,388.12144428218176,431.68609619140625,31161000,0.0,0.0
2023-04-28 00:00:00+07:00,435.6465027395603,451.48819374827156,417.8246003547601,447.52777099609375,18288100,0.0,0.0
2023-05-02 00:00:00+07:00,447.5278103115322,459.40907961183837,433.66632946117505,439.6069641113281,16138300,0.0,0.0
2023-05-03 00:00:00+07:00,437.6267389122415,441.58716188882283,409.9037780761719,409.9037780761719,14255400,0.0,0.0
2023-05-04 00:00:00+07:00,407.923583697825,421.7850646972656,382.18083327029234,421.7850646972656,17582300,0.0,0.0
2023-05-05 00:00:00+07:00,421.78504729939397,429.70589325806804,407.92356687171434,423.7652587890625,9220200,0.0,0.0
2023-05-08 00:00:00+07:00,423.7652587890625,427.7256817683995,401.9829324027088,423.7652587890625,4222600,0.0,0.0
2023-05-09 00:00:00+07:00,405.94335965369936,435.6465323112871,405.94335965369936,433.66632080078125,6689900,0.0,0.0
2023-05-10 00:00:00+07:00,433.66632080078125,435.6465323112871,427.7256862692637,433.66632080078125,3843000,0.0,0.0
2023-05-11 00:00:00+07:00,429.7058893725477,453.46842703370237,425.74546642902186,441.587158203125,6171400,0.0,0.0
2023-05-12 00:00:00+07:00,441.5871627539919,483.1716040895696,437.6267397696512,451.48822021484375,29778000,0.0,0.0
2023-05-15 00:00:00+07:00,451.48820634321737,459.40905206853694,421.78503487326884,435.6465148925781,15199200,0.0,0.0
2023-05-16 00:00:00+07:00,431.68610899390245,431.68610899390245,405.943359375,405.943359375,9095200,0.0,0.0
2023-05-17 00:00:00+07:00,396.04225529050365,415.84436805502884,378.22035380243096,407.92352294921875,9071000,0.0,0.0
2023-05-19 00:00:00+07:00,407.92354319046956,413.8641773146026,380.2005839445153,388.1214294433594,9129300,0.0,0.0
2023-05-22 00:00:00+07:00,388.12142150878907,401.9829008483887,382.1807875061035,396.0422668457031,4030800,0.0,0.0
2023-05-23 00:00:00+07:00,400.0027291434152,401.9829406738281,368.319344656808,374.2599792480469,11329200,0.0,0.0
2023-05-24 00:00:00+07:00,374.2599792480469,382.18082536969865,370.29955618722096,374.2599792480469,2278500,0.0,0.0
2023-05-25 00:00:00+07:00,380.20062324438203,380.20062324438203,350.4974495534147,352.4776611328125,11999300,0.0,0.0
2023-05-26 00:00:00+07:00,352.47764339003453,352.47764339003453,328.71510563340297,340.59637451171875,18024900,0.0,0.0
2023-05-29 00:00:00+07:00,340.5963603694264,342.5765717669231,318.81403499696313,324.7546691894531,10161300,0.0,0.0
2023-05-30 00:00:00+07:00,324.7546867819393,350.49743634392235,322.7744752771714,336.6359558105469,10839000,0.0,0.0
2023-05-31 00:00:00+07:00,336.6359462738037,336.6359462738037,314.85362033843995,316.8338317871094,12497900,0.0,0.0
2023-06-05 00:00:00+07:00,316.8338235994664,328.7150919844464,312.87340080447314,324.7546691894531,3425600,0.0,0.0
2023-06-06 00:00:00+07:00,324.75470811307076,340.59640119175714,324.75470811307076,330.6953430175781,4133800,0.0,0.0
2023-06-07 00:00:00+07:00,332.675532801011,338.6161673153148,326.7348982867073,336.6359558105469,2439000,0.0,0.0
2023-06-08 00:00:00+07:00,338.61614990234375,340.59636130528145,328.7150928876553,338.61614990234375,3685500,0.0,0.0
2023-06-09 00:00:00+07:00,338.6161540556236,340.5963654828495,328.7150969194943,334.6557312011719,2656600,0.0,0.0
2023-06-12 00:00:00+07:00,334.65574430577897,336.6359558105469,324.7546867819393,336.6359558105469,2084100,0.0,0.0
2023-06-13 00:00:00+07:00,336.6359305245536,348.5171986607143,332.67550781250003,346.5369873046875,3317200,0.0,0.0
2023-06-14 00:00:00+07:00,348.51723797401684,362.37871902980163,346.53702639461903,352.4776611328125,5445100,0.0,0.0
2023-06-15 00:00:00+07:00,352.477626546224,356.43804931640625,346.5369923909505,356.43804931640625,2355500,0.0,0.0
2023-06-16 00:00:00+07:00,356.4380710407839,362.3787055581303,334.65574447718046,350.4974365234375,3687900,0.0,0.0
2023-06-19 00:00:00+07:00,350.49741516113284,356.43804931640625,342.5765696207682,356.43804931640625,2851000,0.0,0.0
2023-06-20 00:00:00+07:00,354.45785100947427,358.41827392578125,350.4974280931673,358.41827392578125,1650500,0.0,0.0
2023-06-21 00:00:00+07:00,358.4182607014974,364.3588948567708,352.477626546224,356.43804931640625,2182300,0.0,0.0
2023-06-22 00:00:00+07:00,354.4578468864733,364.35890406207307,350.49742401623337,362.3786926269531,2457700,0.0,0.0
2023-06-23 00:00:00+07:00,366.339106241862,366.339106241862,356.43804931640625,356.43804931640625,3516400,0.0,0.0
2023-06-26 00:00:00+07:00,358.41827818801283,358.41827818801283,346.53700929780246,354.4578552246094,774600,0.0,0.0
2023-06-27 00:00:00+07:00,354.4578639439174,362.3787100655692,348.51722935267856,360.39849853515625,2317800,0.0,0.0
2023-07-03 00:00:00+07:00,360.3984942228898,364.3589172363281,354.45785970273226,364.3589172363281,2166200,0.0,0.0
2023-07-04 00:00:00+07:00,362.3786926269531,372.27974980255294,358.4182697567132,362.3786926269531,2251200,0.0,0.0
2023-07-05 00:00:00+07:00,360.3984720865885,366.339106241862,356.43804931640625,356.43804931640625,1139100,0.0,0.0
2023-07-06 00:00:00+07:00,356.43805832159325,362.3786926269531,352.4776354513533,362.3786926269531,1432300,0.0,0.0
2023-07-07 00:00:00+07:00,362.3787011514163,364.35891263311805,354.4578552246094,354.4578552246094,1092100,0.0,0.0
2023-07-10 00:00:00+07:00,354.90030303782663,354.90030303782663,346.96957000904837,350.9349365234375,2021300,0.446325,0.0
2023-07-11 00:00:00+07:00,350.93492317199707,352.91760635375977,348.9522399902344,348.9522399902344,1824500,0.0,0.0
2023-07-12 00:00:00+07:00,348.9522399902344,350.93492317199707,346.9695568084717,348.9522399902344,468900,0.0,0.0
2023-07-13 00:00:00+07:00,348.9522341008772,350.9349172491776,329.1254026178728,339.038818359375,3386100,0.0,0.0
2023-07-14 00:00:00+07:00,339.03882603445453,339.03882603445453,331.10809326171875,331.10809326171875,1330800,0.0,0.0
2023-07-17 00:00:00+07:00,333.0907689144737,341.02150150767545,329.1254026178728,339.038818359375,980100,0.0,0.0
2023-07-18 00:00:00+07:00,339.0388221515001,341.0215053219767,335.0734558105469,335.0734558105469,673700,0.0,0.0
2023-07-20 00:00:00+07:00,339.03882603445453,339.03882603445453,329.1254100685348,331.10809326171875,783900,0.0,0.0
2023-07-21 00:00:00+07:00,331.10809326171875,335.0734596480866,329.1254100685348,331.10809326171875,422200,0.0,0.0
2023-07-24 00:00:00+07:00,335.0734448242187,356.88295898437497,333.09076171875,346.96954345703125,3424100,0.0,0.0
2023-07-25 00:00:00+07:00,348.95223028811415,348.95223028811415,339.03881465492907,343.0041809082031,1483600,0.0,0.0
2023-07-26 00:00:00+07:00,343.0041884924533,346.96955483340656,331.10808946959366,335.0734558105469,1392900,0.0,0.0
2023-07-27 00:00:00+07:00,335.0734690946691,346.9695685891544,333.09078584558824,337.05615234375,2687800,0.0,0.0
2023-07-28 00:00:00+07:00,337.0561563400995,339.0388396126883,333.0907897949219,333.0907897949219,535200,0.0,0.0
2023-07-31 00:00:00+07:00,337.0561563400995,341.02152288527714,333.0907897949219,333.0907897949219,917200,0.0,0.0
2023-08-01 00:00:00+07:00,335.0734771360834,337.0561604327466,329.12542724609375,329.12542724609375,1344800,0.0,0.0
2023-08-02 00:00:00+07:00,331.1080913543701,333.0907745361328,315.24662590026855,317.22930908203125,2615600,0.0,0.0
2023-08-03 00:00:00+07:00,323.17736048898297,333.0907764549027,319.21199410261505,331.10809326171875,1545000,0.0,0.0
2023-08-04 00:00:00+07:00,335.0734323212595,337.05611535274625,325.1600171638258,327.1427001953125,682800,0.0,0.0
2023-08-07 00:00:00+07:00,329.12540045017147,329.12540045017147,323.1773510444455,325.1600341796875,602000,0.0,0.0
2023-08-08 00:00:00+07:00,325.1600606527673,335.0734771360834,323.1773773561041,329.12542724609375,1854000,0.0,0.0
2023-08-09 00:00:00+07:00,329.1253832267993,333.09074928977276,325.1600171638258,327.1427001953125,409500,0.0,0.0
2023-08-10 00:00:00+07:00,327.1427283036081,388.60590756064965,325.1600451017681,376.7098083496094,51694200,0.0,0.0
2023-08-11 00:00:00+07:00,374.7271194045608,386.62321843327703,364.8137035472973,366.79638671875,21940100,0.0,0.0
2023-08-14 00:00:00+07:00,366.7963807847765,372.744430202908,350.9349156697591,356.8829650878906,11767300,0.0,0.0
2023-08-15 00:00:00+07:00,356.88296885972613,362.8310183407216,352.9176025390625,352.9176025390625,2877200,0.0,0.0
2023-08-16 00:00:00+07:00,350.93493907988386,390.58860451263905,348.9522558082461,378.6925048828125,45905300,0.0,0.0
2023-08-18 00:00:00+07:00,378.69249375485583,398.5193258886179,358.86566162109375,358.86566162109375,45203200,0.0,0.0
2023-08-21 00:00:00+07:00,358.86566162109375,374.7271273281034,352.9176119809651,358.86566162109375,12546000,0.0,0.0
2023-08-22 00:00:00+07:00,360.84833136664497,364.8136976453993,354.90028194851345,356.8829650878906,2632100,0.0,0.0
2023-08-23 00:00:00+07:00,356.8829613989526,364.8136938744849,356.8829613989526,360.84832763671875,3469700,0.0,0.0
2023-08-24 00:00:00+07:00,362.83102226257324,362.83102226257324,348.9522399902344,348.9522399902344,3612300,0.0,0.0
2023-08-25 00:00:00+07:00,348.95225183823527,350.93493508731615,337.05615234375,337.05615234375,5195000,0.0,0.0
2023-08-28 00:00:00+07:00,329.1254193474265,344.9868853400735,329.1254193474265,337.05615234375,2359600,0.0,0.0
2023-08-29 00:00:00+07:00,337.05615234375,346.9695685891544,337.05615234375,337.05615234375,2516600,0.0,0.0
2023-08-30 00:00:00+07:00,337.0561389810235,344.98687166292996,333.09077264007027,335.0734558105469,2617800,0.0,0.0
2023-08-31 00:00:00+07:00,337.0561563400995,341.02152288527714,331.10810652233306,333.0907897949219,1356900,0.0,0.0
2023-09-01 00:00:00+07:00,333.09079383942014,335.0734771360834,329.12542724609375,329.12542724609375,1469500,0.0,0.0
2023-09-04 00:00:00+07:00,329.12540629911706,339.0388221515001,329.12540629911706,335.0734558105469,1577300,0.0,0.0
2023-09-05 00:00:00+07:00,337.0561499569003,368.77908171754973,337.0561499569003,354.9002990722656,29781100,0.0,0.0
2023-09-06 00:00:00+07:00,348.9522399902344,356.88297271728516,344.986873626709,348.9522399902344,6994500,0.0,0.0
2023-09-07 00:00:00+07:00,348.9522477970567,356.88298070153525,341.0215148925781,341.0215148925781,2708500,0.0,0.0
2023-09-08 00:00:00+07:00,343.00418465597585,344.9868678042763,337.05613521107455,339.038818359375,1082100,0.0,0.0
2023-09-11 00:00:00+07:00,339.0388396126883,341.02152288527714,329.12542324974424,333.0907897949219,3524400,0.0,0.0
2023-09-12 00:00:00+07:00,335.0734652142192,348.9522477970567,335.0734652142192,341.0215148925781,3238800,0.0,0.0
2023-09-13 00:00:00+07:00,341.02150150767545,343.00418465597585,335.0734520627741,339.038818359375,1705000,0.0,0.0
2023-09-14 00:00:00+07:00,339.038818359375,343.00418465597585,333.0907689144737,339.038818359375,1203300,0.0,0.0
2023-09-15 00:00:00+07:00,339.03882603445453,339.03882603445453,331.10809326171875,331.10809326171875,3282900,0.0,0.0
2023-09-18 00:00:00+07:00,333.0907764549027,337.05614284127057,331.10809326171875,331.10809326171875,1178900,0.0,0.0
2023-09-19 00:00:00+07:00,331.10809876197993,343.0041981186978,331.10809876197993,341.0215148925781,4918200,0.0,0.0
2023-09-20 00:00:00+07:00,341.0215148925781,350.9349310231763,335.0734652142192,341.0215148925781,3613900,0.0,0.0
2023-09-21 00:00:00+07:00,343.0041884924533,344.98687166292996,335.0734558105469,335.0734558105469,1089400,0.0,0.0
2023-09-22 00:00:00+07:00,335.0734730675107,339.0388396126883,333.0907897949219,333.0907897949219,1158100,0.0,0.0
2023-09-25 00:00:00+07:00,335.0734690946691,344.9868853400735,327.1427360983456,337.05615234375,3024700,0.0,0.0
2023-09-26 00:00:00+07:00,341.0215092276385,341.0215092276385,329.1254100685348,331.10809326171875,1380700,0.0,0.0
2023-09-27 00:00:00+07:00,331.10811054275695,337.0561604327466,329.12542724609375,329.12542724609375,1332100,0.0,0.0
2023-09-29 00:00:00+07:00,331.10809326171875,339.03882603445453,331.10809326171875,331.10809326171875,1721600,0.0,0.0
2023-10-02 00:00:00+07:00,333.09079383942014,335.0734771360834,329.12542724609375,329.12542724609375,1344200,0.0,0.0
2023-10-03 00:00:00+07:00,333.0907897949219,341.02152288527714,331.10810652233306,333.0907897949219,2419000,0.0,0.0
2023-10-04 00:00:00+07:00,335.0734359647599,337.0561190178058,323.1773376464844,323.1773376464844,3614500,0.0,0.0
2023-10-05 00:00:00+07:00,323.17736256273486,333.0907785922666,313.2639465332031,313.2639465332031,6010300,0.0,0.0
2023-10-06 00:00:00+07:00,313.26393899799865,323.17735478907457,313.26393899799865,321.1946716308594,1783500,0.0,0.0
2023-10-09 00:00:00+07:00,321.1946716308594,323.17735478907457,317.22930531442904,321.1946716308594,2048100,0.0,0.0
2023-10-10 00:00:00+07:00,327.1427037525762,327.1427037525762,317.22928848734665,323.1773376464844,2003400,0.0,0.0
2023-10-11 00:00:00+07:00,319.21197154039254,331.10806985866805,319.21197154039254,323.1773376464844,1704200,0.0,0.0
2023-10-12 00:00:00+07:00,323.1773449399936,329.12539423336773,313.26392945103674,315.2466125488281,2746700,0.0,0.0
2023-10-13 00:00:00+07:00,317.2293129450158,317.2293129450158,313.2639465332031,313.2639465332031,1155900,0.0,0.0
2023-10-16 00:00:00+07:00,317.22933046377386,317.22933046377386,301.3678639405852,311.2812805175781,3858500,0.0,0.0
2023-10-17 00:00:00+07:00,311.28125583978346,323.17735478907457,307.3158895233531,321.1946716308594,3006600,0.0,0.0
2023-10-18 00:00:00+07:00,321.19469709457104,321.19469709457104,311.2812805175781,311.2812805175781,1645800,0.0,0.0
2023-10-19 00:00:00+07:00,317.22933046377386,317.22933046377386,307.31591388678095,311.2812805175781,1677400,0.0,0.0
2023-10-20 00:00:00+07:00,313.2639679939516,313.2639679939516,305.3332346270161,307.31591796875,645000,0.0,0.0
2023-10-23 00:00:00+07:00,305.33319091796875,307.3158739758776,301.36782480215095,305.33319091796875,845500,0.0,0.0
2023-10-24 00:00:00+07:00,305.3332346270161,315.2466513356855,303.3505512852823,307.31591796875,1040400,0.0,0.0
2023-10-25 00:00:00+07:00,309.2985570337865,311.2812400916954,305.33319091796875,305.33319091796875,701000,0.0,0.0
2023-10-26 00:00:00+07:00,305.33319091796875,315.2466062075132,301.36782480215095,305.33319091796875,1693100,0.0,0.0
2023-10-27 00:00:00+07:00,305.3332346270161,315.2466513356855,303.3505512852823,307.31591796875,963800,0.0,0.0
2023-10-30 00:00:00+07:00,309.29857832548635,321.1946774918512,299.3851623535156,299.3851623535156,3161900,0.0,0.0
2023-10-31 00:00:00+07:00,299.3851623535156,301.3678455479098,291.45442957593906,299.3851623535156,2874900,0.0,0.0
2023-11-01 00:00:00+07:00,301.3678494651846,309.2985823458473,295.4197998046875,295.4197998046875,1032600,0.0,0.0
2023-11-02 00:00:00+07:00,297.40247915912147,305.33321193669804,295.4197959647273,299.3851623535156,263800,0.0,0.0
2023-11-03 00:00:00+07:00,299.38514892578127,305.3331982421875,297.4024658203125,297.4024658203125,591600,0.0,0.0
2023-11-06 00:00:00+07:00,299.3851623535156,301.3678455479098,295.4197959647273,299.3851623535156,307500,0.0,0.0
2023-11-07 00:00:00+07:00,297.40247915912147,301.3678455479098,295.4197959647273,299.3851623535156,778000,0.0,0.0
2023-11-08 00:00:00+07:00,299.3851526621226,301.3678357923353,293.4371032714844,293.4371032714844,1140200,0.0,0.0
2023-11-09 00:00:00+07:00,293.4371127703332,299.3851623535156,293.4371127703332,299.3851623535156,198500,0.0,0.0
2023-11-10 00:00:00+07:00,299.38516624501887,299.38516624501887,293.4371165845218,295.4197998046875,491700,0.0,0.0
2023-11-13 00:00:00+07:00,295.4197998046875,299.38516624501887,293.4371165845218,295.4197998046875,758900,0.0,0.0
2023-11-14 00:00:00+07:00,297.40247915912147,307.3158951310922,297.40247915912147,299.3851623535156,841700,0.0,0.0
2023-11-15 00:00:00+07:00,299.38514174424205,307.3158739758776,299.38514174424205,305.33319091796875,534400,0.0,0.0
2023-11-16 00:00:00+07:00,305.33319091796875,307.3158739758776,299.38514174424205,305.33319091796875,156500,0.0,0.0
2023-11-17 00:00:00+07:00,309.29857832548635,309.29857832548635,299.3851623535156,299.3851623535156,447600,0.0,0.0
2023-11-20 00:00:00+07:00,299.385158563751,309.29857441023285,299.385158563751,303.35052490234375,526900,0.0,0.0
2023-11-21 00:00:00+07:00,307.3158776132684,307.3158776132684,299.3851452877647,301.3678283691406,404600,0.0,0.0
2023-11-22 00:00:00+07:00,301.36782480215095,313.2639231496043,299.38514174424205,305.33319091796875,1321900,0.0,0.0
2023-11-23 00:00:00+07:00,305.33319091796875,307.3158739758776,301.36782480215095,305.33319091796875,70400,0.0,0.0
2023-11-24 00:00:00+07:00,305.3332080716401,309.29857441023285,299.385158563751,303.35052490234375,451900,0.0,0.0
2023-11-27 00:00:00+07:00,305.33319091796875,309.2985570337865,303.35050786005985,305.33319091796875,351100,0.0,0.0
2023-11-28 00:00:00+07:00,307.3158912409365,307.3158912409365,303.35052490234375,303.35052490234375,87500,0.0,0.0
2023-11-29 00:00:00+07:00,303.3505342923678,311.28126721504407,303.3505342923678,309.298583984375,262400,0.0,0.0
2023-11-30 00:00:00+07:00,305.3332346270161,311.2812846522177,305.3332346270161,307.31591796875,378800,0.0,0.0
2023-12-01 00:00:00+07:00,307.31590075370593,309.298583984375,303.3505342923678,309.298583984375,157800,0.0,0.0
2023-12-04 00:00:00+07:00,309.2985570337865,309.2985570337865,303.35050786005985,305.33319091796875,90400,0.0,0.0
2023-12-05 00:00:00+07:00,305.3332346270161,309.2986013104839,303.3505512852823,307.31591796875,137900,0.0,0.0
2023-12-06 00:00:00+07:00,297.40247539445465,309.29857441023285,297.40247539445465,303.35052490234375,395300,0.0,0.0
2023-12-07 00:00:00+07:00,303.35052490234375,305.3332080716401,299.385158563751,303.35052490234375,652400,0.0,0.0
2023-12-08 00:00:00+07:00,303.35052490234375,303.35052490234375,297.40247539445465,303.35052490234375,1023500,0.0,0.0
2023-12-11 00:00:00+07:00,299.38514634779284,303.35051252458476,283.523681640625,283.523681640625,6822600,0.0,0.0
2023-12-12 00:00:00+07:00,283.52370114434035,285.50638436912595,259.73150244691317,263.6968688964844,6699300,0.0,0.0
2023-12-13 00:00:00+07:00,263.6968612079473,267.66222754190136,251.80076220608498,255.76612854003906,3579500,0.0,0.0
2023-12-14 00:00:00+07:00,261.7142028808594,277.57566972212356,257.7488361705433,261.7142028808594,875100,0.0,0.0
2023-12-15 00:00:00+07:00,263.6968728567808,265.67955611134306,259.73150634765625,259.73150634765625,329600,0.0,0.0
2023-12-18 00:00:00+07:00,259.7315237192007,263.6968904935397,255.76615694486176,257.74884033203125,311500,0.0,0.0
2023-12-19 00:00:00+07:00,257.74884033203125,261.71420710637017,251.80079017052284,257.74884033203125,751500,0.0,0.0
2023-12-20 00:00:00+07:00,257.7488361705433,261.7142028808594,255.7661528153853,261.7142028808594,520400,0.0,0.0
2023-12-21 00:00:00+07:00,253.78342803030304,327.1427001953125,253.78342803030304,327.1427001953125,145988100,0.0,0.0
2023-12-22 00:00:00+07:00,346.9695392407869,370.761736217298,301.3678283691406,301.3678283691406,156392700,0.0,0.0
2023-12-27 00:00:00+07:00,301.36785348905187,311.28126972224436,287.4890707625824,291.4544372558594,15122600,0.0,0.0
2023-12-28 00:00:00+07:00,295.41980374913635,315.2466362155214,289.4717540092209,291.4544372558594,50197000,0.0,0.0
2023-12-29 00:00:00+07:00,273.6102565220424,295.41976972307475,273.6102565220424,277.57562255859375,9890700,0.0,0.0
2024-01-02 00:00:00+07:00,261.7141676682692,295.41978017100087,261.7141676682692,283.523681640625,9565400,0.0,0.0
2024-01-03 00:00:00+07:00,283.52367161342073,285.5063546316964,277.57562255859375,277.57562255859375,3562500,0.0,0.0
2024-01-04 00:00:00+07:00,279.5583190917969,289.47173466242793,275.59295286354444,279.5583190917969,4806500,0.0,0.0
2024-01-05 00:00:00+07:00,281.54101360396834,305.33321193669804,277.57564721518,299.3851623535156,41563300,0.0,0.0
2024-01-08 00:00:00+07:00,301.3678357923353,303.3505189225481,289.4717370110589,293.4371032714844,7443200,0.0,0.0
2024-01-09 00:00:00+07:00,293.43709960937497,309.298564453125,289.4717333984375,297.4024658203125,23993000,0.0,0.0
2024-01-10 00:00:00+07:00,299.3851565008294,299.3851565008294,289.47174072265625,289.47174072265625,8389300,0.0,0.0
2024-01-11 00:00:00+07:00,291.4544372558594,303.35053673569035,277.5756545293899,291.4544372558594,18093800,0.0,0.0
2024-01-12 00:00:00+07:00,291.4544177765542,293.43710089068037,279.5583190917969,279.5583190917969,5920500,0.0,0.0
2024-01-15 00:00:00+07:00,279.558315463833,287.489047817417,279.558315463833,283.523681640625,2525600,0.0,0.0
2024-01-16 00:00:00+07:00,285.5063684341755,285.5063684341755,279.5583190917969,279.5583190917969,1408400,0.0,0.0
2024-01-17 00:00:00+07:00,279.558315463833,289.47173090581293,279.558315463833,283.523681640625,3519700,0.0,0.0
2024-01-18 00:00:00+07:00,283.523681640625,287.489047817417,279.558315463833,283.523681640625,1890300,0.0,0.0
2024-01-19 00:00:00+07:00,281.54100220592306,283.5236853200493,279.5583190917969,279.5583190917969,1409700,0.0,0.0
2024-01-22 00:00:00+07:00,279.558315463833,289.47173090581293,279.558315463833,283.523681640625,5933100,0.0,0.0
2024-01-23 00:00:00+07:00,285.50635109485034,287.4890340885646,279.5583021137076,281.5409851074219,1180200,0.0,0.0
2024-01-24 00:00:00+07:00,279.55830557686943,281.5409885951451,273.6102565220424,277.57562255859375,2172600,0.0,0.0
2024-01-25 00:00:00+07:00,279.55832282416253,281.54100596475945,275.59295654296875,275.59295654296875,943700,0.0,0.0
2024-01-26 00:00:00+07:00,275.59296226501465,285.5063781738281,273.61027908325195,285.5063781738281,13770200,0.0,0.0
2024-01-29 00:00:00+07:00,285.50635109485034,287.4890340885646,279.5583021137076,281.5409851074219,1035400,0.0,0.0
2024-01-30 00:00:00+07:00,283.52367161342073,283.52367161342073,275.59293954031807,277.57562255859375,2771400,0.0,0.0
2024-01-31 00:00:00+07:00,277.57562255859375,281.5409885951451,275.59293954031807,277.57562255859375,2112700,0.0,0.0
2024-02-01 00:00:00+07:00,257.74880827759665,279.55832282416253,257.74880827759665,275.59295654296875,547600,0.0,0.0
2024-02-02 00:00:00+07:00,275.59295654296875,279.55832282416253,273.61027340237183,275.59295654296875,258300,0.0,0.0
2024-02-05 00:00:00+07:00,275.5929430533147,277.5756260968637,269.64489392266756,273.6102600097656,862900,0.0,0.0
2024-02-06 00:00:00+07:00,273.6102600097656,277.5756260968637,265.67952783556956,273.6102600097656,1398900,0.0,0.0
2024-02-07 00:00:00+07:00,273.61029456643496,273.61029456643496,269.6449279785156,269.6449279785156,459600,0.0,0.0
2024-02-12 00:00:00+07:00,269.64494538483797,271.6276288067853,265.6795785409433,267.6622619628906,826000,0.0,0.0
2024-02-13 00:00:00+07:00,267.6622619628906,271.6276288067853,263.69689511899594,267.6622619628906,532700,0.0,0.0
2024-02-15 00:00:00+07:00,267.6622619628906,275.59299565068,263.69689511899594,267.6622619628906,1813400,0.0,0.0
2024-02-16 00:00:00+07:00,269.6449185708412,273.61028502041233,257.74881922212757,263.6968688964844,2676300,0.0,0.0
2024-02-19 00:00:00+07:00,265.67957388070914,265.67957388070914,257.74884033203125,257.74884033203125,714800,0.0,0.0
2024-02-20 00:00:00+07:00,257.74884033203125,265.67957388070914,257.74884033203125,257.74884033203125,726400,0.0,0.0
2024-02-21 00:00:00+07:00,257.74881922212757,287.48906759391156,255.766135997342,263.6968688964844,42793700,0.0,0.0
2024-02-22 00:00:00+07:00,265.67955212127,273.61028502041233,261.7141856716988,263.6968688964844,19688300,0.0,0.0
2024-02-23 00:00:00+07:00,263.6969123954204,273.6103301546467,261.7142288435751,265.6795959472656,29729400,0.0,0.0
2024-02-26 00:00:00+07:00,267.6622794991109,273.6103301546467,261.7142288435751,265.6795959472656,4528400,0.0,0.0
2024-02-27 00:00:00+07:00,265.67955611134306,267.6622393659053,259.73150634765625,259.73150634765625,6450500,0.0,0.0
2024-02-28 00:00:00+07:00,261.71418960221854,263.6968728567808,257.748823093094,259.73150634765625,2485600,0.0,0.0
2024-02-29 00:00:00+07:00,261.7141799926758,265.6795463562012,251.8007640838623,253.783447265625,15301800,0.0,0.0
2024-03-01 00:00:00+07:00,253.7834735576923,261.71420710637017,251.80079017052284,257.74884033203125,9204900,0.0,0.0
2024-03-04 00:00:00+07:00,257.7488136291504,259.7314968109131,253.783447265625,253.783447265625,1140500,0.0,0.0
2024-03-05 00:00:00+07:00,253.783453125,261.7141860351562,245.85272021484374,247.8354034423828,3971900,0.0,0.0
2024-03-06 00:00:00+07:00,247.83540541125882,251.80077189783896,245.85272216796875,245.85272216796875,1555800,0.0,0.0
2024-03-07 00:00:00+07:00,247.83541664244638,253.7834666418651,245.8527333093068,249.81809997558594,2242500,0.0,0.0
2024-03-08 00:00:00+07:00,251.80078330872553,253.7834666418651,243.87004997616722,249.81809997558594,988300,0.0,0.0
2024-03-13 00:00:00+07:00,249.8180886545489,251.80077189783896,243.87003892467868,245.85272216796875,1136200,0.0,0.0
2024-03-14 00:00:00+07:00,247.83541664244638,255.76614997500465,245.8527333093068,249.81809997558594,1862700,0.0,0.0
2024-03-15 00:00:00+07:00,253.7834375,297.4024658203125,251.80075439453125,297.4024658203125,43621900,0.0,0.0
2024-03-18 00:00:00+07:00,297.4024733451948,303.3505228120987,281.5410081001177,289.47174072265625,26984100,0.0,0.0
2024-03-19 00:00:00+07:00,273.6102754775792,303.3505228120987,273.6102754775792,289.47174072265625,11350700,0.0,0.0
2024-03-20 00:00:00+07:00,289.4717463815449,313.2639447142746,289.4717463815449,299.3851623535156,16547700,0.0,0.0
2024-03-21 00:00:00+07:00,299.3851526621226,307.3158851829735,291.45442014127167,293.4371032714844,6299000,0.0,0.0
2024-03-22 00:00:00+07:00,293.4371070339255,295.41979018956016,281.5410081001177,289.47174072265625,3337100,0.0,0.0
2024-03-25 00:00:00+07:00,301.3678187779018,301.3678187779018,261.7141584123884,277.57562255859375,13302300,0.0,0.0
2024-03-26 00:00:00+07:00,279.55832282416253,279.55832282416253,257.74880827759665,275.59295654296875,2385100,0.0,0.0
2024-03-27 00:00:00+07:00,275.59295654296875,279.55832282416253,273.61027340237183,275.59295654296875,1076800,0.0,0.0
2024-03-28 00:00:00+07:00,275.59293954031807,299.3851357596261,271.6275735037667,277.57562255859375,33888200,0.0,0.0
2024-04-01 00:00:00+07:00,285.5063546316964,289.47172066824777,271.6275735037667,277.57562255859375,6170200,0.0,0.0
2024-04-02 00:00:00+07:00,283.5236930011833,283.5236930011833,265.6795444906193,271.6275939941406,7862200,0.0,0.0
2024-04-03 00:00:00+07:00,271.6276288067853,277.57567907262734,265.6795785409433,267.6622619628906,6074900,0.0,0.0
2024-04-04 00:00:00+07:00,267.66222765845976,271.6275939941406,265.6795444906193,271.6275939941406,1698200,0.0,0.0
2024-04-05 00:00:00+07:00,271.6276288067853,271.6276288067853,267.6622619628906,267.6622619628906,3720600,0.0,0.0
2024-04-16 00:00:00+07:00,267.66224778543307,267.66224778543307,251.80078125,251.80078125,5135200,0.0,0.0
2024-04-17 00:00:00+07:00,249.81809997558594,257.74883330814424,247.83541664244638,249.81809997558594,2454100,0.0,0.0
2024-04-18 00:00:00+07:00,251.80076989746092,251.80076989746092,243.87003698730467,247.8354034423828,3028200,0.0,0.0
2024-04-19 00:00:00+07:00,228.00856590270996,247.8353977203369,228.00856590270996,237.92198181152344,1945100,0.0,0.0
2024-04-22 00:00:00+07:00,237.92198181152344,241.88734817504883,233.95661544799805,237.92198181152344,2008200,0.0,0.0
2024-04-23 00:00:00+07:00,235.93930444961939,241.8873541416266,222.06052183493588,231.97393798828125,12785900,0.0,0.0
2024-04-24 00:00:00+07:00,231.97393604860468,235.93930247678597,226.02588640633277,233.9566192626953,1833000,0.0,0.0
2024-04-25 00:00:00+07:00,235.93929862976074,241.88734817504883,231.97393226623535,237.92198181152344,922600,0.0,0.0
2024-04-26 00:00:00+07:00,243.87003944660054,243.87003944660054,229.9912567138672,229.9912567138672,713200,0.0,0.0
2024-04-29 00:00:00+07:00,229.99126383463542,229.99126383463542,208.18174743652344,208.18174743652344,18245300,0.0,0.0
2024-04-30 00:00:00+07:00,204.21637499773945,218.0951577645761,204.21637499773945,214.12979125976562,5139600,0.0,0.0
2024-05-02 00:00:00+07:00,214.12979736328126,216.11248067220052,208.18174743652344,208.18174743652344,2536500,0.0,0.0
2024-05-03 00:00:00+07:00,208.18173602946754,212.1471024300288,202.2336864286256,204.21636962890625,3497200,0.0,0.0
2024-05-06 00:00:00+07:00,208.18173588933172,239.90466707246796,204.21636949143968,220.0778350830078,7629900,0.0,0.0
2024-05-07 00:00:00+07:00,222.06051828195382,224.04320148089985,216.11246868511577,220.0778350830078,969300,0.0,0.0
2024-05-08 00:00:00+07:00,220.0778430689161,224.0432096106984,210.16442671446043,212.14710998535156,1530000,0.0,0.0
2024-05-13 00:00:00+07:00,212.14711405436196,216.11248067220052,202.23369750976562,208.18174743652344,2496600,0.0,0.0
2024-05-14 00:00:00+07:00,208.18172999790735,216.1124625692562,194.30294799804688,194.30294799804688,8022600,0.0,0.0
2024-05-15 00:00:00+07:00,195.29429898403657,204.21637355691135,195.29429898403657,200.25100708007812,2760100,0.0,0.0
2024-05-16 00:00:00+07:00,200.2510051353305,206.19905479281556,200.2510051353305,202.2336883544922,2573300,0.0,0.0
2024-05-17 00:00:00+07:00,202.23369950514572,208.1817494905912,200.2510161766639,206.19906616210938,2441800,0.0,0.0
2024-05-20 00:00:00+07:00,208.1817494905912,210.164432819073,204.21638283362753,206.19906616210938,620600,0.0,0.0
2024-05-21 00:00:00+07:00,208.18174003374457,210.1644232721612,198.2683238416615,200.25100708007812,2479800,0.0,0.0
2024-05-22 00:00:00+07:00,202.23369031849475,202.23369031849475,198.2683238416615,200.25100708007812,1473700,0.0,0.0
2024-05-27 00:00:00+07:00,200.25101108743686,202.23369436553028,195.29430289220326,196.28564453125,932800,0.0,0.0
2024-05-28 00:00:00+07:00,196.28564254760744,198.26832580566406,196.28564254760744,198.26832580566406,491200,0.0,0.0
2024-05-29 00:00:00+07:00,198.26832780934342,198.26832780934342,196.28564453125,196.28564453125,634400,0.0,0.0
2024-05-30 00:00:00+07:00,196.28563983623798,216.11247214292868,193.31161499023438,193.31161499023438,16627700,0.0,0.0
2024-05-31 00:00:00+07:00,193.31161217940482,198.26832018400492,185.3808793720446,188.3549041748047,10287500,0.0,0.0
2024-06-03 00:00:00+07:00,188.3549052707398,188.3549052707398,176.45880599048255,179.43283081054688,12123800,0.0,0.0
2024-06-04 00:00:00+07:00,171.50209155612524,188.35489824083118,171.50209155612524,178.4414825439453,10902500,0.0,0.0
2024-06-05 00:00:00+07:00,180.42416954040527,187.3635606765747,173.48477840423584,174.4761199951172,6020500,0.0,0.0
2024-06-06 00:00:00+07:00,175.46746551158816,177.45014873770782,168.52807422016943,170.51075744628906,9770800,0.0,0.0
2024-06-07 00:00:00+07:00,171.50210174732962,178.44149314751058,170.51076011873235,175.46746826171875,11575500,0.0,0.0
2024-06-10 00:00:00+07:00,174.47611514405708,177.4501398340126,170.51074889078305,171.50209045410156,3225900,0.0,0.0
2024-06-11 00:00:00+07:00,171.50210104549632,172.49344267003676,167.53673454733456,168.528076171875,4793400,0.0,0.0
2024-06-12 00:00:00+07:00,166.545376455857,169.51940103542586,160.59732729671924,161.5886688232422,3821800,0.0,0.0
2024-06-13 00:00:00+07:00,162.5800085819129,167.53671616062974,161.5886670661695,163.57135009765625,9636800,0.0,0.0
2024-06-14 00:00:00+07:00,163.57136055275245,166.54538529007525,160.5973358154297,160.5973358154297,4149100,0.0,0.0
2024-06-19 00:00:00+07:00,160.5973416841947,160.5973416841947,153.65795037685297,154.6492919921875,3776200,0.0,0.0
2024-06-20 00:00:00+07:00,154.64927851689325,156.63196157480215,151.67525393002992,152.66659545898438,2916800,0.0,0.0
2024-06-21 00:00:00+07:00,152.66660685478885,161.58868128136743,151.6752652518357,156.63197326660156,6516300,0.0,0.0
2024-06-24 00:00:00+07:00,157.62331195906097,163.57136146695007,151.67526245117188,151.67526245117188,19899700,0.0,0.0
2024-06-25 00:00:00+07:00,143.7445269404231,152.6666010263804,143.7445269404231,146.7185516357422,14344300,0.0,0.0
2024-06-26 00:00:00+07:00,130.85708917356004,178.4414852366728,130.85708917356004,151.67526245117188,215042200,0.0,0.0
2024-06-27 00:00:00+07:00,151.67525393002992,154.64927851689325,146.7185462852577,152.66659545898438,28534100,0.0,0.0
2024-06-28 00:00:00+07:00,152.66659545898438,156.63196157480215,149.69257087212102,152.66659545898438,14217700,0.0,0.0
2024-07-01 00:00:00+07:00,155.32453994750978,160.30289058685304,153.33319969177248,159.30722045898438,11358800,0.669488,0.0
2024-07-02 00:00:00+07:00,160.30288242388374,161.29855250105075,156.32020211521584,157.3158721923828,9699100,0.0,0.0
2024-07-03 00:00:00+07:00,158.31155395507812,159.307224105739,155.32454350309553,158.31155395507812,4549300,0.0,0.0
2024-07-04 00:00:00+07:00,158.31155523425807,170.25959713873036,157.31588507555202,166.27691650390625,52437500,0.0,0.0
2024-07-05 00:00:00+07:00,167.27257856889204,170.2595889004794,164.2855682373047,164.2855682373047,15230500,0.0,0.0
2024-07-08 00:00:00+07:00,164.285563716182,167.27257396556712,159.30721330054013,161.29855346679688,8472300,0.0,0.0
2024-07-09 00:00:00+07:00,161.29856980267692,170.2596014583812,161.29856980267692,169.26393127441406,23566200,0.0,0.0
2024-07-10 00:00:00+07:00,170.25959713873036,172.2509374561424,165.28124634520023,166.27691650390625,8141300,0.0,0.0
2024-07-11 00:00:00+07:00,166.27690845836293,169.26391878995028,163.28989812677557,164.2855682373047,5381000,0.0,0.0
2024-07-12 00:00:00+07:00,165.2812505385455,172.25094182631548,164.28558035457837,169.26393127441406,9170600,0.0,0.0
2024-07-15 00:00:00+07:00,169.2639259670092,191.16866932744566,169.2639259670092,183.20330810546875,91308800,0.0,0.0
2024-07-16 00:00:00+07:00,184.19896189371744,185.1946319580078,176.2336013793945,179.22061157226562,17851100,0.0,0.0
2024-07-17 00:00:00+07:00,179.22061515254015,183.20329548926327,174.24226473163625,178.22494506835938,12011500,0.0,0.0
2024-07-18 00:00:00+07:00,178.2249634841393,181.21197404532597,172.2509423617659,173.24661254882812,13993300,0.0,0.0
2024-07-19 00:00:00+07:00,174.24226473163625,183.20329548926327,172.2509245632747,178.22494506835938,25337900,0.0,0.0
2024-07-22 00:00:00+07:00,178.2249486687478,181.21195898163185,177.22927856445312,177.22927856445312,8938700,0.0,0.0
2024-07-23 00:00:00+07:00,177.22927041487262,180.21628059040415,174.24226023934105,175.23793029785156,11629600,0.0,0.0
2024-07-24 00:00:00+07:00,177.22927403041294,177.22927403041294,173.24659371512277,174.2422637939453,4275100,0.0,0.0
2024-07-25 00:00:00+07:00,174.24228162650604,175.2379518072289,159.30722891566265,165.28125,12797500,0.0,0.0
2024-07-26 00:00:00+07:00,165.2812505385455,171.25527164234836,165.2812505385455,169.26393127441406,5296500,0.0,0.0
2024-07-29 00:00:00+07:00,169.263927615874,173.24660826565926,166.27691712853505,170.2595977783203,6546500,0.0,0.0
2024-07-30 00:00:00+07:00,170.25958974262667,173.24660008898854,166.27690928081083,168.26824951171875,8005800,0.0,0.0
2024-07-31 00:00:00+07:00,168.26825239600205,169.26392252852278,163.28990173339844,163.28990173339844,6138100,0.0,0.0
2024-08-01 00:00:00+07:00,165.2812383478338,166.27690845836293,161.29855790571733,164.2855682373047,3930100,0.0,0.0
2024-08-02 00:00:00+07:00,164.285563716182,168.26824404869552,160.3028833836685,161.29855346679688,3514600,0.0,0.0
2024-08-05 00:00:00+07:00,162.29422920628596,162.29422920628596,149.3505176744963,151.34185791015625,9601900,0.0,0.0
2024-08-06 00:00:00+07:00,151.34185263551313,161.29855346679688,149.35051246925636,161.29855346679688,9716000,0.0,0.0
2024-08-07 00:00:00+07:00,161.29855346679688,163.28989363305362,159.30721330054013,161.29855346679688,3803600,0.0,0.0
2024-08-08 00:00:00+07:00,161.29856071472167,163.289900970459,158.31155033111574,159.30722045898438,1215800,0.0,0.0
2024-08-09 00:00:00+07:00,160.30289058685304,161.29856071472167,159.30722045898438,159.30722045898438,2193700,0.0,0.0
2024-08-12 00:00:00+07:00,159.30722891566265,167.2725903614458,159.30722891566265,165.28125,8688400,0.0,0.0
2024-08-13 00:00:00+07:00,166.27691650390625,168.26825682131832,164.2855761864942,166.27691650390625,5204000,0.0,0.0
2024-08-14 00:00:00+07:00,167.2725698297674,176.23360035636207,166.2768997712569,175.23793029785156,27188300,0.0,0.0
2024-08-15 00:00:00+07:00,175.23793387276785,177.22927403041294,171.2552535574777,174.2422637939453,7882400,0.0,0.0
2024-08-16 00:00:00+07:00,174.24226023934105,176.23360035636207,173.24659018083054,175.23793029785156,6108000,0.0,0.0
2024-08-19 00:00:00+07:00,175.23793387276785,176.2336039515904,172.25092363630023,174.2422637939453,6115600,0.0,0.0
2024-08-20 00:00:00+07:00,175.2379399781586,195.1513422484039,175.2379399781586,185.19464111328125,58728100,0.0,0.0
2024-08-21 00:00:00+07:00,185.19464397957313,187.18598423741798,177.22928294819363,180.21629333496094,19221400,0.0,0.0
2024-08-22 00:00:00+07:00,180.21628059040415,182.2076207074252,175.23793029785156,175.23793029785156,8788300,0.0,0.0
2024-08-23 00:00:00+07:00,175.23793131510416,181.21195170084636,175.23793131510416,179.22061157226562,5565200,0.0,0.0
2024-08-26 00:00:00+07:00,180.21629132722552,192.16433274118523,180.21629132722552,189.1773223876953,22529000,0.0,0.0
2024-08-27 00:00:00+07:00,191.16866179435482,194.15567213489163,184.198970999769,185.19464111328125,8853400,0.0,0.0
2024-08-28 00:00:00+07:00,186.1903112267935,187.18598134030577,180.21629054571991,185.19464111328125,9252600,0.0,0.0
2024-08-29 00:00:00+07:00,185.19464474239865,188.18165514146958,183.20330447635135,184.198974609375,6559500,0.0,0.0
2024-08-30 00:00:00+07:00,185.19463752297796,217.05608053768384,185.19463752297796,203.11669921875,75444200,0.0,0.0
2024-09-02 00:00:00+07:00,205.1080489114066,219.04743087625948,203.11670863071333,213.0734100341797,39798300,0.0,0.0
2024-09-03 00:00:00+07:00,213.07340108431302,217.05608147841235,203.11670009906476,207.09938049316406,9166200,0.0,0.0
2024-09-04 00:00:00+07:00,207.0993869894802,207.0993869894802,199.13402595142327,201.1253662109375,7127700,0.0,0.0
2024-09-05 00:00:00+07:00,201.12536695165542,207.09938775219965,196.14701628453525,205.10804748535156,7831500,0.0,0.0
2024-09-06 00:00:00+07:00,205.10804672996596,207.0993869894802,201.1253662109375,201.1253662109375,2416900,0.0,0.0
2024-09-09 00:00:00+07:00,201.1253690107153,223.03011217029814,201.1253690107153,217.05609130859375,37171800,0.0,0.0
2024-09-10 00:00:00+07:00,221.0387704031808,221.0387704031808,207.09938848586307,209.09072875976562,11550000,0.0,0.0
2024-09-11 00:00:00+07:00,209.09072801904773,213.07340855274387,203.1167072185035,205.10804748535156,4610800,0.0,0.0
2024-09-12 00:00:00+07:00,207.09938049316406,211.08206088726337,201.1253599020151,207.09938049316406,4452400,0.0,0.0
2024-09-13 00:00:00+07:00,207.09937959558823,209.09071978400738,201.12535903033088,203.11669921875,6356900,0.0,0.0
2024-09-17 00:00:00+07:00,203.11669830322265,207.0993786621094,193.15999740600586,199.13401794433594,10820600,0.0,0.0
2024-09-18 00:00:00+07:00,201.12535903033088,209.09071978400738,197.14267865349265,203.11669921875,8756700,0.0,0.0
2024-09-19 00:00:00+07:00,205.10804672996596,207.0993869894802,201.1253662109375,201.1253662109375,3534000,0.0,0.0
2024-09-20 00:00:00+07:00,205.10803940716912,205.10803940716912,199.13401884191177,203.11669921875,4304300,0.0,0.0
2024-09-23 00:00:00+07:00,203.11669830322265,205.10803848266602,199.13401794433594,199.13401794433594,5612300,0.0,0.0
2024-09-24 00:00:00+07:00,199.1340288656012,201.1253691542572,194.15567814396118,196.1470184326172,6763700,0.0,0.0
2024-09-25 00:00:00+07:00,197.14266967773438,201.12534987324418,197.14266967773438,197.14266967773438,3089700,0.0,0.0
2024-09-26 00:00:00+07:00,198.1383587212732,199.1340288656012,195.15134828828917,196.1470184326172,2073900,0.0,0.0
2024-09-27 00:00:00+07:00,198.13833972661183,198.13833972661183,196.14699962885695,197.14266967773438,1410500,0.0,0.0
2024-09-30 00:00:00+07:00,197.14269094264253,197.14269094264253,187.1859893798828,187.1859893798828,7894100,0.0,0.0
2024-10-01 00:00:00+07:00,189.1773260207403,191.16866629464283,186.1903156098865,188.18165588378906,3138800,0.0,0.0
2024-10-02 00:00:00+07:00,188.18163923783737,198.13833972661183,186.19029914008246,197.14266967773438,8278900,0.0,0.0
2024-10-03 00:00:00+07:00,211.08206284106078,215.0647432720242,193.16000090172543,198.1383514404297,34940500,0.0,0.0
2024-10-04 00:00:00+07:00,198.13835427195755,201.12536463786648,192.16433354013975,193.16000366210938,4556400,0.0,0.0
2024-10-07 00:00:00+07:00,193.1600072989192,194.1556774396353,190.17299687677098,192.16433715820312,3542800,0.0,0.0
2024-10-08 00:00:00+07:00,192.16433785530518,197.1426885769452,190.17299756664914,196.1470184326172,2918200,0.0,0.0
2024-10-09 00:00:00+07:00,196.1470140280183,198.13835427195755,192.16433354013975,193.16000366210938,3097000,0.0,0.0
2024-10-10 00:00:00+07:00,194.15567378407903,197.14268414998793,193.16000366210938,193.16000366210938,2003600,0.0,0.0
2024-10-11 00:00:00+07:00,194.15567378407903,196.1470140280183,193.16000366210938,193.16000366210938,788900,0.0,0.0
2024-10-14 00:00:00+07:00,193.16001524313901,196.147025788136,193.16001524313901,194.1556854248047,1490300,0.0,0.0
2024-10-15 00:00:00+07:00,193.1600146867842,194.15568486558206,189.17733397159276,190.17300415039062,10108100,0.0,0.0
2024-10-16 00:00:00+07:00,190.1730004946391,193.1600109736125,189.1773303349813,191.16867065429688,2524000,0.0,0.0
2024-10-17 00:00:00+07:00,191.16867065429688,194.15568113327026,190.1730004946391,191.16867065429688,2493700,0.0,0.0
2024-10-18 00:00:00+07:00,191.16866701748705,192.16433715820312,189.1773267360549,192.16433715820312,3210800,0.0,0.0
2024-10-21 00:00:00+07:00,191.1686743291885,192.16434450798633,189.17733397159276,190.17300415039062,3641100,0.0,0.0
2024-10-22 00:00:00+07:00,190.1730004946391,192.16434081395468,190.1730004946391,191.16867065429688,1688800,0.0,0.0
2024-10-23 00:00:00+07:00,191.16867127710458,205.1080535577268,191.16867127710458,195.15135192871094,12168900,0.0,0.0
2024-10-24 00:00:00+07:00,199.13402154817055,203.11670197913395,195.15134111720712,198.1383514404297,6502900,0.0,0.0
2024-10-25 00:00:00+07:00,199.13402154817055,207.09938241009738,197.14268133268885,198.1383514404297,14180100,0.0,0.0
2024-10-28 00:00:00+07:00,198.13835427195755,201.12536463786648,191.16866341817013,193.16000366210938,6143500,0.0,0.0
2024-10-29 00:00:00+07:00,193.16001524313901,196.147025788136,192.16434506147334,194.1556854248047,2461100,0.0,0.0
2024-10-30 00:00:00+07:00,194.15567593961148,195.15134607263514,182.2076343433277,184.198974609375,23773200,0.0,0.0
2024-10-31 00:00:00+07:00,185.19463939881058,187.18597960739993,172.25092804297972,177.22927856445312,14232400,0.0,0.0
2024-11-01 00:00:00+07:00,177.22927403041294,178.22494410923548,172.25092363630023,174.2422637939453,4345200,0.0,0.0
2024-11-04 00:00:00+07:00,177.22929329707705,177.22929329707705,172.2509423617659,173.24661254882812,1395500,0.0,0.0
2024-11-05 00:00:00+07:00,173.24660456457804,174.24227470575377,170.25959414105083,171.25526428222656,1565100,0.0,0.0
2024-11-06 00:00:00+07:00,171.25526355561755,172.25093369256882,167.2725830078125,167.2725830078125,2587200,0.0,0.0
2024-11-07 00:00:00+07:00,168.26824951171875,172.25092997353457,166.27690928081083,168.26824951171875,1396400,0.0,0.0
2024-11-08 00:00:00+07:00,169.2639239998751,172.2509344234023,168.26825385869935,171.25526428222656,1541000,0.0,0.0
2024-11-11 00:00:00+07:00,171.25525985808062,174.2422702044425,167.2725793962648,168.26824951171875,2822900,0.0,0.0
2024-11-12 00:00:00+07:00,169.2639177300957,181.21195898163185,169.2639177300957,177.22927856445312,13249800,0.0,0.0
2024-11-13 00:00:00+07:00,178.22495230981858,183.20330293299787,176.23361206054688,176.23361206054688,3487500,0.0,0.0
2024-11-14 00:00:00+07:00,176.2336039515904,187.18597481863839,171.2552535574777,174.2422637939453,2698000,0.0,0.0
2024-11-15 00:00:00+07:00,174.2422702044425,174.2422702044425,166.27690928081083,168.26824951171875,1135200,0.0,0.0
2024-11-18 00:00:00+07:00,168.26825078328451,170.25959102924054,151.34185869265826,155.3245391845703,16197200,0.0,0.0
2024-11-19 00:00:00+07:00,155.32454414601708,163.28990538427436,155.32454414601708,162.2942352294922,3349800,0.0,0.0
2024-11-20 00:00:00+07:00,162.2942345577216,164.28557485904335,157.31588380441727,158.31155395507812,1636400,0.0,0.0
2024-11-21 00:00:00+07:00,159.30722045898438,162.29423084259034,159.30722045898438,159.30722045898438,1134900,0.0,0.0
2024-11-22 00:00:00+07:00,161.29856071472167,163.289900970459,158.31155033111574,159.30722045898438,1349200,0.0,0.0
2024-11-25 00:00:00+07:00,160.3028833836685,162.29422354992525,159.30721330054013,161.29855346679688,1022000,0.0,0.0
2024-11-26 00:00:00+07:00,161.29856071472167,161.29856071472167,158.31155033111574,159.30722045898438,1729100,0.0,0.0
2024-11-28 00:00:00+07:00,159.30722045898438,161.29856071472167,159.30722045898438,159.30722045898438,752200,0.0,0.0
2024-11-29 00:00:00+07:00,159.30722045898438,160.30289058685304,156.3202100753784,159.30722045898438,1196900,0.0,0.0
2024-12-02 00:00:00+07:00,159.30721967648236,159.30721967648236,153.3331989386143,155.3245391845703,1538000,0.0,0.0
2024-12-03 00:00:00+07:00,156.32020568847656,159.30721598825636,156.32020568847656,156.32020568847656,1053700,0.0,0.0
2024-12-04 00:00:00+07:00,157.3158721923828,160.30288242388374,154.32886196088188,157.3158721923828,1040200,0.0,0.0
2024-12-05 00:00:00+07:00,157.31587664681192,164.2855673843289,153.33319622537365,160.30288696289062,2765700,0.0,0.0
2024-12-06 00:00:00+07:00,160.3028833836685,163.28989363305362,160.3028833836685,161.29855346679688,886000,0.0,0.0
2024-12-09 00:00:00+07:00,162.29422354992525,163.28989363305362,160.3028833836685,161.29855346679688,579000,0.0,0.0
2024-12-10 00:00:00+07:00,162.29422801624645,167.27257856889204,162.29422801624645,164.2855682373047,2072100,0.0,0.0
2024-12-11 00:00:00+07:00,166.27691650390625,169.26392698002434,165.28124634520023,166.27691650390625,2092900,0.0,0.0
2024-12-12 00:00:00+07:00,166.27690845836293,167.27257856889204,163.28989812677557,164.2855682373047,671700,0.0,0.0
2024-12-13 00:00:00+07:00,164.2855755390565,167.272586003403,161.29856507471004,162.2942352294922,1487200,0.0,0.0
2024-12-16 00:00:00+07:00,162.2942345577216,162.2942345577216,157.31588380441727,158.31155395507812,985800,0.0,0.0
2024-12-17 00:00:00+07:00,158.31154588832976,160.30288608818296,154.32886548862336,156.32020568847656,3732400,0.0,0.0
2024-12-18 00:00:00+07:00,156.32020930754834,158.31154955350436,155.3245391845703,155.3245391845703,838800,0.0,0.0
2024-12-19 00:00:00+07:00,155.32453753497148,156.32020764737516,141.3851559613202,147.3591766357422,4405400,0.0,0.0
2024-12-20 00:00:00+07:00,147.35918026878718,147.35918026878718,145.36783999488466,146.36351013183594,848700,0.0,0.0
2024-12-23 00:00:00+07:00,146.3635180172504,150.3461987796246,146.3635180172504,148.3548583984375,349400,0.0,0.0
2024-12-24 00:00:00+07:00,149.35052054268974,149.35052054268974,146.36351013183594,146.36351013183594,928900,0.0,0.0
2024-12-27 00:00:00+07:00,146.36350652333851,148.35484674814586,146.36350652333851,147.3591766357422,278600,0.0,0.0
2024-12-30 00:00:00+07:00,147.35918820784394,149.35052858903103,147.35918820784394,148.3548583984375,558500,0.0,0.0
2025-01-02 00:00:00+07:00,149.35052126448676,153.33320183153975,148.35485112272352,150.34619140625,652000,0.0,0.0
2025-01-03 00:00:00+07:00,151.34185791015625,153.3331981458162,150.34618779232628,151.34185791015625,745000,0.0,0.0
2025-01-06 00:00:00+07:00,152.33752802798622,154.32886826364617,151.34185791015625,151.34185791015625,1155300,0.0,0.0
2025-01-07 00:00:00+07:00,151.34185791015625,152.33752802798622,150.34618779232628,151.34185791015625,210500,0.0,0.0
2025-01-08 00:00:00+07:00,151.341865234375,151.341865234375,148.35485473632812,149.35052490234375,832400,0.0,0.0
2025-01-09 00:00:00+07:00,149.35052490234375,150.34619506835938,148.35485473632812,149.35052490234375,522600,0.0,0.0
2025-01-10 00:00:00+07:00,149.35052490234375,150.34619506835938,148.35485473632812,149.35052490234375,197400,0.0,0.0
2025-01-13 00:00:00+07:00,149.35052858903103,150.3461987796246,147.35918820784394,148.3548583984375,363800,0.0,0.0
2025-01-14 00:00:00+07:00,148.3548583984375,149.35052858903103,146.3635180172504,148.3548583984375,382200,0.0,0.0
2025-01-15 00:00:00+07:00,149.35052490234375,152.3375354003906,145.36784423828124,149.35052490234375,1958400,0.0,0.0
2025-01-16 00:00:00+07:00,149.35052490234375,150.34619506835938,147.3591845703125,149.35052490234375,1049900,0.0,0.0
2025-01-17 00:00:00+07:00,149.35052858903103,150.3461987796246,143.3765074454698,148.3548583984375,1098000,0.0,0.0
2025-01-20 00:00:00+07:00,148.3548583984375,150.3461987796246,148.3548583984375,148.3548583984375,471000,0.0,0.0
2025-01-21 00:00:00+07:00,149.35052054268974,150.34619067964098,145.36783999488466,146.36351013183594,1202300,0.0,0.0
2025-01-22 00:00:00+07:00,147.3591766357422,149.3505168605495,146.36350652333851,147.3591766357422,1161600,0.0,0.0
2025-01-23 00:00:00+07:00,147.3591766357422,150.34618697295318,146.36350652333851,147.3591766357422,609900,0.0,0.0
2025-01-24 00:00:00+07:00,148.35484674814586,148.35484674814586,146.36350652333851,147.3591766357422,515500,0.0,0.0
2025-01-30 00:00:00+07:00,147.35918026878718,147.35918026878718,145.36783999488466,146.36351013183594,1473400,0.0,0.0
2025-01-31 00:00:00+07:00,147.35918395159996,147.35918395159996,145.3678436279297,145.3678436279297,294300,0.0,0.0
2025-02-03 00:00:00+07:00,145.36784731108568,146.3635174981479,144.37217712402344,144.37217712402344,1189400,0.0,0.0
2025-02-04 00:00:00+07:00,145.3678355746799,146.3635056813558,143.37649536132812,143.37649536132812,657600,0.0,0.0
2025-02-05 00:00:00+07:00,143.37649536132812,145.3678355746799,143.37649536132812,143.37649536132812,1091700,0.0,0.0
2025-02-06 00:00:00+07:00,143.37649448939732,144.37216459001814,138.39814398629323,139.39381408691406,2617900,0.0,0.0
2025-02-07 00:00:00+07:00,141.3851542881557,141.3851542881557,138.39814398629323,139.39381408691406,980500,0.0,0.0
2025-02-10 00:00:00+07:00,139.39381318933823,139.39381318933823,134.41546271829046,135.4111328125,1569100,0.0,0.0
2025-02-11 00:00:00+07:00,135.41113642939814,136.40680655020253,132.42412606698494,134.41546630859375,885200,0.0,0.0
2025-02-12 00:00:00+07:00,134.41546630859375,135.41113642939814,131.42845594618055,134.41546630859375,560800,0.0,0.0
2025-02-13 00:00:00+07:00,134.41546630859375,135.41113642939814,131.42845594618055,134.41546630859375,547400,0.0,0.0
2025-02-14 00:00:00+07:00,134.41546707702196,143.3764982154901,133.41979695052552,138.3981475830078,2642000,0.0,0.0
2025-02-17 00:00:00+07:00,138.39815600165005,144.37217712402344,138.39815600165005,144.37217712402344,1499400,0.0,0.0
2025-02-18 00:00:00+07:00,144.372165468004,148.35484589470758,142.38082525465222,143.37649536132812,2094600,0.0,0.0
2025-02-19 00:00:00+07:00,144.37217658293162,145.36784676626218,139.39382566627881,140.38949584960938,420500,0.0,0.0
2025-02-20 00:00:00+07:00,141.38515796249717,142.38082808899364,136.40680733001489,138.3981475830078,1268800,0.0,0.0
2025-02-21 00:00:00+07:00,138.3981512318487,139.39382138459578,135.41114077360734,137.40248107910156,568200,0.0,0.0
2025-02-24 00:00:00+07:00,142.38082623225387,185.19464111328125,142.38082623225387,185.19464111328125,103654700,0.0,0.0
2025-02-25 00:00:00+07:00,209.09071350097656,244.93483581542966,178.22494150797525,179.22061157226562,457025200,0.0,0.0
2025-02-26 00:00:00+07:00,181.21197289156626,207.09939759036146,161.29856927710844,165.28125,121643300,0.0,0.0
2025-02-27 00:00:00+07:00,167.2725729640526,173.2465934270545,154.32886196088188,157.3158721923828,37821000,0.0,0.0
2025-02-28 00:00:00+07:00,156.32021606445312,157.31588623046875,141.38516357421875,149.35052490234375,14086900,0.0,0.0
2025-03-03 00:00:00+07:00,159.30722191220238,160.30289204915363,145.36783999488466,146.36351013183594,12337200,0.0,0.0
2025-03-04 00:00:00+07:00,147.35918329803036,147.35918329803036,140.3894921960965,141.38516235351562,7965000,0.0,0.0
2025-03-05 00:00:00+07:00,141.38515514797635,145.3678355746799,141.38515514797635,143.37649536132812,3354900,0.0,0.0
2025-03-06 00:00:00+07:00,150.34618841741505,193.16000366210938,150.34618841741505,193.16000366210938,132169700,0.0,0.0
2025-03-07 00:00:00+07:00,201.1253599020151,230.99546285775992,201.1253599020151,207.09938049316406,154296000,0.0,0.0
2025-03-10 00:00:00+07:00,207.09939002022526,219.04743175216134,195.15134828828917,196.1470184326172,29884400,0.0,0.0
2025-03-11 00:00:00+07:00,196.1470085592831,209.09071978400738,189.1773178998162,203.11669921875,25339800,0.0,0.0
2025-03-12 00:00:00+07:00,205.10804245498153,209.09072289100058,181.2119598388672,181.2119598388672,21713600,0.0,0.0
2025-03-13 00:00:00+07:00,181.21195898163185,195.15134044175738,176.23360846015845,177.22927856445312,16625700,0.0,0.0
2025-03-14 00:00:00+07:00,181.21196268372617,190.17299380544887,174.24227181127515,176.23361206054688,10786300,0.0,0.0
2025-03-17 00:00:00+07:00,176.2336013793945,179.22061157226562,172.25092112223305,179.22061157226562,4944500,0.0,0.0
2025-03-18 00:00:00+07:00,181.21197348201977,185.19465421788834,159.30722943474265,169.26393127441406,9723700,0.0,0.0
2025-03-19 00:00:00+07:00,169.2639318005792,183.20331441945044,167.27259142645474,173.24661254882812,7014500,0.0,0.0
2025-03-20 00:00:00+07:00,174.24227181127515,186.19031330690544,172.25093156200344,176.23361206054688,5906000,0.0,0.0
2025-03-21 00:00:00+07:00,179.2206285670846,180.2162987257906,166.27691650390625,166.27691650390625,3499600,0.0,0.0
2025-03-24 00:00:00+07:00,168.26825160980226,169.2639217376709,155.32453994750978,159.30722045898438,4615600,0.0,0.0
2025-03-25 00:00:00+07:00,163.28990470838247,166.27691516036506,157.31588380441727,158.31155395507812,3545900,0.0,0.0
2025-03-26 00:00:00+07:00,159.30722045898438,167.2725814819336,159.30722045898438,159.30722045898438,3499400,0.0,0.0
2025-03-27 00:00:00+07:00,161.29856980267692,180.21630329805262,160.3028996187098,169.26393127441406,12988300,0.0,0.0
2025-04-08 00:00:00+07:00,149.35051413143384,157.3158748851103,144.37216366038604,152.3375244140625,5484000,0.0,0.0
2025-04-09 00:00:00+07:00,152.3375354003906,155.3245458984375,148.35485473632812,149.35052490234375,4710300,0.0,0.0
2025-04-10 00:00:00+07:00,155.32453203804886,160.30288242388374,153.3331918837149,157.3158721923828,6250300,0.0,0.0
2025-04-11 00:00:00+07:00,157.31588020324708,162.29423084259034,152.33752956390381,159.30722045898438,3931000,0.0,0.0
2025-04-14 00:00:00+07:00,164.2855725969587,175.23794410342262,163.28990246000743,167.2725830078125,5256900,0.0,0.0
2025-04-15 00:00:00+07:00,167.27258371752362,178.22495527045672,165.28124343517214,171.25526428222656,11963500,0.0,0.0
2025-04-16 00:00:00+07:00,172.25093369256882,173.24660382952007,164.2855725969587,167.2725830078125,3071400,0.0,0.0
2025-04-17 00:00:00+07:00,167.27258666261227,173.24660761484844,165.28124634520023,166.27691650390625,2685700,0.0,0.0
2025-04-21 00:00:00+07:00,166.27691650390625,172.2509374561424,166.27691650390625,166.27691650390625,2776600,0.0,0.0
2025-04-22 00:00:00+07:00,169.2639239998751,173.24660456457804,167.27258371752362,171.25526428222656,4277300,0.0,0.0
2025-04-23 00:00:00+07:00,171.25526428222656,175.2379448469295,170.25959414105083,171.25526428222656,4477200,0.0,0.0
2025-04-24 00:00:00+07:00,171.56690897744085,172.56439100637945,166.5794988327478,168.574462890625,4186000,0.312428,0.0
2025-04-25 00:00:00+07:00,168.57446520516044,185.53165992993988,168.57446520516044,177.5518035888672,34700800,0.0,0.0
2025-04-28 00:00:00+07:00,177.55180384460107,185.5316601971674,177.55180384460107,178.54928588867188,6926900,0.0,0.0
2025-04-29 00:00:00+07:00,179.54676767413537,181.54173175940355,176.5543215462331,177.5518035888672,3675100,0.0,0.0
2025-04-30 00:00:00+07:00,177.55178999770533,193.51150145817323,176.5543080314261,182.53919982910156,17919700,0.0,0.0
2025-05-02 00:00:00+07:00,184.53417761851165,184.53417761851165,176.5543212890625,176.5543212890625,6015800,0.0,0.0
2025-05-05 00:00:00+07:00,177.55178967151014,185.5316453870836,177.55178967151014,181.54171752929688,2730000,0.0,0.0
2025-05-06 00:00:00+07:00,181.54171685112848,183.53668077256944,179.5467529296875,179.5467529296875,3676000,0.0,0.0
2025-05-07 00:00:00+07:00,179.54675457928633,188.52409230825063,179.54675457928633,184.53416442871094,7543800,0.0,0.0
2025-05-08 00:00:00+07:00,186.52912769421852,189.52157359305625,181.5417178628223,182.53919982910156,10663600,0.0,0.0
2025-05-09 00:00:00+07:00,182.53919881184896,183.53668077256944,179.5467529296875,179.5467529296875,2278800,0.0,0.0
2025-05-14 00:00:00+07:00,179.5467536004035,182.53919949374355,179.5467536004035,181.54171752929688,1548800,0.0,0.0
2025-05-15 00:00:00+07:00,181.54171752929688,182.53919949374355,179.5467536004035,181.54171752929688,2290400,0.0,0.0
2025-05-16 00:00:00+07:00,181.5417181927225,187.52661000127378,179.54675425653872,183.53668212890625,4963000,0.0,0.0
2025-05-19 00:00:00+07:00,183.5366852750483,196.50395108252457,183.5366852750483,193.51150512695312,16990500,0.0,0.0
2025-05-20 00:00:00+07:00,193.5115031790226,194.5089851541722,185.53164737782578,187.526611328125,5362200,0.0,0.0
2025-05-21 00:00:00+07:00,189.52157592773438,191.51653988486842,187.52661197060033,189.52157592773438,1857600,0.0,0.0
2025-05-22 00:00:00+07:00,188.524094581604,195.50646845499674,188.524094581604,191.51654052734375,3095300,0.0,0.0
2025-05-23 00:00:00+07:00,190.51905822753906,191.51654020778795,188.52409426704125,190.51905822753906,3106100,0.0,0.0
2025-05-26 00:00:00+07:00,190.5190572535738,192.514021203873,187.526611328125,187.526611328125,2950400,0.0,0.0
2025-05-27 00:00:00+07:00,187.52661197060033,191.51653988486842,187.52661197060033,189.52157592773438,3756400,0.0,0.0
2025-05-28 00:00:00+07:00,189.5215752784242,191.5165392287234,186.5291293529754,187.526611328125,1240200,0.0,0.0
2025-06-02 00:00:00+07:00,186.5291293529754,190.5190572535738,184.5341654026762,187.526611328125,3216900,0.0,0.0
2025-06-03 00:00:00+07:00,185.53164769732763,191.51653955853175,185.53164769732763,188.5240936279297,1067600,0.0,0.0
2025-06-04 00:00:00+07:00,188.52409330327458,190.5190572535738,186.5291293529754,187.526611328125,1766800,0.0,0.0
2025-06-05 00:00:00+07:00,187.526611328125,190.5190572535738,187.526611328125,187.526611328125,1151100,0.0,0.0
2025-06-10 00:00:00+07:00,188.5240958077567,197.50143370336417,188.5240958077567,195.5064697265625,8181300,0.0,0.0
2025-06-11 00:00:00+07:00,195.50647153948793,203.48632752069153,192.5140255465366,201.49136352539062,11033600,0.0,0.0
2025-06-12 00:00:00+07:00,201.49136291503908,205.4812908935547,198.49891693115237,199.49639892578125,32027300,0.0,0.0
2025-06-13 00:00:00+07:00,199.49639799631186,201.491361976275,196.5039520263672,196.5039520263672,4281200,0.0,0.0
2025-06-16 00:00:00+07:00,196.5039514003656,199.49639736077725,186.52913153232672,194.5089874267578,4444700,0.0,0.0
2025-06-17 00:00:00+07:00,194.5089877381617,199.4963976801658,193.51150574976086,195.5064697265625,2306000,0.0,0.0
2025-06-18 00:00:00+07:00,195.50647003638562,201.491361976275,195.50647003638562,196.5039520263672,2784300,0.0,0.0
2025-06-19 00:00:00+07:00,196.50395010903242,198.49891406953023,188.52409426704125,190.51905822753906,3827100,0.0,0.0
2025-06-20 00:00:00+07:00,190.5190579063014,194.50898582056948,187.52661197060033,189.52157592773438,2337600,0.0,0.0
2025-06-23 00:00:00+07:00,189.52157494856073,189.52157494856073,179.54675521442596,186.5291290283203,4132900,0.0,0.0
2025-06-24 00:00:00+07:00,186.52912999203332,191.51653988486842,181.5417200991982,189.52157592773438,2122300,0.0,0.0
2025-06-25 00:00:00+07:00,189.52157592773438,193.51150384200247,187.52661197060033,189.52157592773438,565200,0.0,0.0
2025-06-26 00:00:00+07:00,189.5215752784242,189.5215752784242,186.5291293529754,187.526611328125,1335000,0.0,0.0
2025-06-30 00:00:00+07:00,189.5215752784242,190.5190572535738,185.53164737782578,187.526611328125,1600700,0.0,0.0
2025-07-01 00:00:00+07:00,187.52661100173378,189.52157494856073,184.53416508149334,186.5291290283203,3005100,0.0,0.0
2025-07-02 00:00:00+07:00,186.5291290283203,188.52409297514725,184.53416508149334,186.5291290283203,713200,0.0,0.0
2025-07-03 00:00:00+07:00,189.52157560479705,196.5039494428685,186.529129674195,188.5240936279297,5917900,0.0,0.0
2025-07-04 00:00:00+07:00,189.52157560479705,192.5140215353991,187.52661165106232,188.5240936279297,456100,0.0,0.0
2025-07-07 00:00:00+07:00,188.5240936279297,190.51905758166438,187.52661165106232,188.5240936279297,552000,0.0,0.0
2025-07-08 00:00:00+07:00,189.52157560479705,193.51150351226644,187.52661165106232,188.5240936279297,3082200,0.0,0.0
2025-07-09 00:00:00+07:00,195.50646779913652,195.50646779913652,187.52661197060033,189.52157592773438,2045800,0.0,0.0
2025-07-10 00:00:00+07:00,189.5215771861912,194.50898711214361,189.5215771861912,193.51150512695312,1854900,0.0,0.0
2025-07-11 00:00:00+07:00,193.51150416828574,193.51150416828574,189.52157624729017,190.51905822753906,2902800,0.0,0.0
2025-07-14 00:00:00+07:00,190.5190572535738,191.5165392287234,187.526611328125,187.526611328125,2466300,0.0,0.0
2025-07-15 00:00:00+07:00,188.52409330327458,189.5215752784242,184.5341654026762,187.526611328125,726000,0.0,0.0
2025-07-16 00:00:00+07:00,189.5215752784242,190.5190572535738,185.53164737782578,187.526611328125,1455100,0.0,0.0
2025-07-17 00:00:00+07:00,188.52409394916737,190.5190579063014,187.52661197060033,189.52157592773438,1036200,0.0,0.0
2025-07-18 00:00:00+07:00,189.52157592773438,190.5190579063014,188.52409394916737,189.52157592773438,1572100,0.0,0.0
2025-07-21 00:00:00+07:00,189.52157461515037,190.51905658680906,177.55179095524613,185.53164672851562,8233200,0.0,0.0
2025-07-22 00:00:00+07:00,189.5215752784242,196.5039491044714,184.5341654026762,187.526611328125,7798500,0.0,0.0
2025-07-23 00:00:00+07:00,194.50898942493257,251.36546325683594,194.50898942493257,251.36546325683594,200740500,0.0,0.0
2025-07-24 00:00:00+07:00,289.269772391034,297.24962818113147,225.4309260702541,233.41078186035156,248736200,0.0,0.0
2025-07-25 00:00:00+07:00,223.43597519188597,235.40575957716558,217.45108299924615,227.4259033203125,30858300,0.0,0.0
2025-07-28 00:00:00+07:00,229.42085987000954,261.3402838519239,223.43596787340059,253.3604278564453,101267800,0.0,0.0
2025-07-29 00:00:00+07:00,253.36042407327446,255.35538804235537,237.40071232062726,241.39064025878906,29019300,0.0,0.0
2025-07-30 00:00:00+07:00,243.38560608894593,249.3704980419528,233.41078616726782,247.3755340576172,37941700,0.0,0.0
2025-07-31 00:00:00+07:00,251.3654587689568,253.36042272744058,235.40574710108652,237.4007110595703,20852800,0.0,0.0
2025-08-01 00:00:00+07:00,241.39063831911247,245.3805662252135,233.4107825069104,235.40574645996094,12796000,0.0,0.0
2025-08-04 00:00:00+07:00,235.40576012652855,243.38561640200408,223.43597571331523,229.42086791992188,16768400,0.0,0.0
2025-08-05 00:00:00+07:00,229.42085396530283,239.39567370292468,223.4359621227297,233.41078186035156,13556600,0.0,0.0
2025-08-06 00:00:00+07:00,239.3956756591797,241.39063962300617,227.4258918762207,239.3956756591797,19314600,0.0,0.0
2025-08-07 00:00:00+07:00,239.39567929222468,271.3151031978546,233.41078730991907,251.36546325683594,59164400,0.0,0.0
2025-08-08 00:00:00+07:00,249.37049926273406,261.3402832273453,243.38560728042845,251.36546325683594,32709000,0.0,0.0
2025-08-11 00:00:00+07:00,257.3503452130218,269.3201287113019,257.3503452130218,267.3251647949219,41782300,0.0,0.0
2025-08-12 00:00:00+07:00,267.32516410655546,277.2999836627702,261.3402723728266,265.3302001953125,22184100,0.0,0.0
2025-08-13 00:00:00+07:00,267.32516410655546,273.3100558402843,261.3402723728266,265.3302001953125,11771100,0.0,0.0
2025-08-14 00:00:00+07:00,267.3251654730903,271.3150933159722,261.34027370876737,269.32012939453125,8733600,0.0,0.0
2025-08-15 00:00:00+07:00,271.31510084502554,307.2244524274554,271.31510084502554,293.25970458984375,64314900,0.0,0.0
2025-08-19 00:00:00+07:00,299.24460134198586,309.21942138671875,277.29999724357356,309.21942138671875,33613500,0.0,0.0
2025-08-20 00:00:00+07:00,309.21940624265744,311.2143701539004,263.33523628406954,265.3302001953125,133014100,0.0,0.0
2025-08-21 00:00:00+07:00,265.33019735646803,265.33019735646803,253.36041401707848,257.350341796875,23449200,0.0,0.0
2025-08-22 00:00:00+07:00,257.35034319462665,265.3301987975608,257.35034319462665,261.34027099609375,10589900,0.0,0.0
2025-08-25 00:00:00+07:00,265.33019735646803,265.33019735646803,253.36041401707848,257.350341796875,13147600,0.0,0.0
2025-08-26 00:00:00+07:00,257.3503539792953,257.3503539792953,239.39567812027468,247.3755340576172,21024000,0.0,0.0
2025-08-27 00:00:00+07:00,249.37048623728197,271.3150890261628,245.38055845748545,257.350341796875,22747200,0.0,0.0
2025-08-28 00:00:00+07:00,261.34027029184193,265.3301980825571,247.37552302433895,259.3453063964844,10022300,0.0,0.0
2025-08-29 00:00:00+07:00,257.35035201143626,265.33020788775985,229.42085644430367,241.39064025878906,62629900,0.0,0.0
2025-09-01 00:00:00+07:00,227.4258912671514,243.38560293502167,217.4510714747325,237.4007110595703,24491100,0.0,0.0
2025-09-02 00:00:00+07:00,247.37553526863218,253.3604272509378,241.39064328632656,251.36546325683594,20239300,0.0,0.0
2025-09-03 00:00:00+07:00,255.355390625,257.3503546142578,243.38560668945314,249.37049865722656,12924400,0.0,0.0
2025-09-04 00:00:00+07:00,249.37049481047302,249.37049481047302,237.4007110595703,237.4007110595703,8872500,0.0,0.0
2025-09-08 00:00:00+07:00,243.385602272163,245.3805662252135,233.4107825069104,235.40574645996094,10790200,0.0,0.0
2025-09-09 00:00:00+07:00,235.40576012652855,239.3956882642663,223.43597571331523,229.42086791992188,10866500,0.0,0.0
2025-09-10 00:00:00+07:00,229.42086791992188,233.41079605765964,227.425903851053,229.42086791992188,7697800,0.0,0.0
2025-09-11 00:00:00+07:00,229.42085522563517,239.3956750180541,227.4258912671514,237.4007110595703,7936600,0.0,0.0
2025-09-12 00:00:00+07:00,237.40071413593907,251.3654620262884,233.41078616726782,247.3755340576172,17309200,0.0,0.0
2025-09-15 00:00:00+07:00,249.37049613511266,253.36042407327446,241.39064025878906,241.39064025878906,10706300,0.0,0.0
2025-09-16 00:00:00+07:00,241.39063388198167,287.27480395872203,241.39063388198167,267.3251647949219,156333600,0.0,0.0
2025-09-17 00:00:00+07:00,267.3251745605469,267.3251745605469,239.39567871093752,249.37049865722656,35170300,0.0,0.0
2025-09-18 00:00:00+07:00,251.3654620262884,257.3503539792953,241.39064210461032,247.3755340576172,20045000,0.0,0.0
2025-09-19 00:00:00+07:00,247.37553151448566,247.37553151448566,237.40071169535318,239.3956756591797,10103800,0.0,0.0
2025-09-22 00:00:00+07:00,239.39567628970815,245.38056819695086,233.41078438246547,241.39064025878906,8673900,0.0,0.0
2025-09-23 00:00:00+07:00,241.3906408841493,245.3805688326476,235.40574896140177,243.38560485839844,8624300,0.0,0.0
2025-09-24 00:00:00+07:00,245.3805662252135,247.37553017826403,233.4107825069104,235.40574645996094,13139500,0.0,0.0
2025-09-25 00:00:00+07:00,235.40574645996094,239.39567436606197,231.4158185538599,235.40574645996094,7662500,0.0,0.0
2025-09-26 00:00:00+07:00,235.40574710108652,249.37049481047302,235.40574710108652,237.4007110595703,13611100,0.0,0.0
2025-09-29 00:00:00+07:00,239.39567628970815,251.36546010419357,239.39567628970815,241.39064025878906,20028200,0.0,0.0
2025-09-30 00:00:00+07:00,245.3805688326476,259.3453166523918,241.3906408841493,243.38560485839844,28236500,0.0,0.0
2025-10-01 00:00:00+07:00,247.37553151448566,247.37553151448566,239.3956756591797,239.3956756591797,10800200,0.0,0.0
2025-10-02 00:00:00+07:00,241.39064270019531,255.355390625,241.39064270019531,249.37049865722656,15226300,0.0,0.0
2025-10-03 00:00:00+07:00,253.3604272509378,261.3402832273453,251.36546325683594,251.36546325683594,20088300,0.0,0.0
2025-10-06 00:00:00+07:00,251.3654607553951,253.36042472964428,241.3906408841493,243.38560485839844,9517300,0.0,0.0
2025-10-07 00:00:00+07:00,241.39064149934103,251.36546139600802,241.39064149934103,245.3805694580078,10260100,0.0,0.0
2025-10-08 00:00:00+07:00,243.38560422786998,249.37049613511266,239.39567628970815,241.39064025878906,8837000,0.0,0.0
2025-10-09 00:00:00+07:00,245.3805694580078,249.3704974166746,241.39064149934103,245.3805694580078,6305900,0.0,0.0
2025-10-10 00:00:00+07:00,251.3654607553951,251.3654607553951,241.3906408841493,243.38560485839844,9390900,0.0,0.0
2025-10-13 00:00:00+07:00,243.38560547867442,255.3553893546748,239.3956775200076,245.3805694580078,18938300,0.0,0.0
2025-10-14 00:00:00+07:00,247.37553216603177,247.37553216603177,239.39567628970815,241.39064025878906,11559800,0.0,0.0
2025-10-15 00:00:00+07:00,243.38560358683267,249.37049547831217,239.3956756591797,239.3956756591797,10059900,0.0,0.0
2025-10-16 00:00:00+07:00,239.39567628970815,243.38560422786998,239.39567628970815,241.39064025878906,4225400,0.0,0.0
2025-10-17 00:00:00+07:00,241.39063697025694,241.39063697025694,229.42085331883925,231.4158172607422,8709300,0.0,0.0
2025-10-20 00:00:00+07:00,235.40574710108652,237.4007110595703,231.41581918411896,237.4007110595703,3168900,0.0,0.0
2025-10-21 00:00:00+07:00,241.39064270019531,255.355390625,237.4007147216797,249.37049865722656,27492700,0.0,0.0
2025-10-22 00:00:00+07:00,249.370499858706,263.33524785079356,249.370499858706,253.3604278564453,35516400,0.0,0.0
2025-10-23 00:00:00+07:00,257.3503533340082,257.3503533340082,243.38560547867442,245.3805694580078,15211400,0.0,0.0
2025-10-24 00:00:00+07:00,249.37049678114596,253.36042472964428,241.3906408841493,243.38560485839844,10479900,0.0,0.0
2025-10-27 00:00:00+07:00,245.3805655454978,247.37552949302216,231.41581791282718,233.41078186035156,16801100,0.0,0.0
2025-10-28 00:00:00+07:00,233.41079605765964,235.40576012652855,221.44101164444632,229.42086791992188,10859200,0.0,0.0
2025-10-29 00:00:00+07:00,229.42085396530283,235.40574580787595,227.42589001777844,233.41078186035156,5887300,0.0,0.0
2025-10-30 00:00:00+07:00,239.3956882642663,241.3906523331352,229.42086791992188,229.42086791992188,14621200,0.0,0.0
2025-10-31 00:00:00+07:00,231.41583144873903,233.4107955129523,227.4259033203125,227.4259033203125,10481900,0.0,0.0
2025-11-03 00:00:00+07:00,233.4107955129523,235.40575957716558,227.4259033203125,227.4259033203125,6667000,0.0,0.0
2025-11-04 00:00:00+07:00,231.41583144873903,231.41583144873903,225.43093925609924,227.4259033203125,5978300,0.0,0.0
2025-11-05 00:00:00+07:00,227.42590278017838,229.42086683965363,223.43597466122787,225.43093872070312,5263300,0.0,0.0
2025-11-06 00:00:00+07:00,225.4309260702541,233.41078186035156,221.44099817520532,233.41078186035156,8765600,0.0,0.0
2025-11-07 00:00:00+07:00,237.40071169535318,245.38056755065918,235.40574773152667,239.3956756591797,21937100,0.0,0.0
2025-11-10 00:00:00+07:00,241.39063198875834,263.3352348968273,241.39063198875834,261.34027099609375,51212600,0.0,0.0
2025-11-11 00:00:00+07:00,265.3302099166378,267.3251739009734,245.38057007328155,247.3755340576172,25280800,0.0,0.0
2025-11-12 00:00:00+07:00,249.3704974166746,253.3604253753414,243.38560547867442,245.3805694580078,9634900,0.0,0.0
2025-11-13 00:00:00+07:00,245.3805688326476,251.3654607553951,241.3906408841493,243.38560485839844,12068200,0.0,0.0
2025-11-14 00:00:00+07:00,249.37049678114596,253.36042472964428,237.40071293565094,243.38560485839844,15424000,0.0,0.0
2025-11-17 00:00:00+07:00,245.38055979022542,285.2798378048962,239.3956680880248,261.34027099609375,105540000,0.0,0.0
2025-11-18 00:00:00+07:00,261.34027099609375,271.3150904997614,251.36545149242605,261.34027099609375,33193700,0.0,0.0
2025-11-19 00:00:00+07:00,261.34027808820696,293.2597013661559,261.34027808820696,283.2848815917969,79420700,0.0,0.0
2025-11-20 00:00:00+07:00,283.2848739041627,283.2848739041627,257.35034319462665,261.34027099609375,39950300,0.0,0.0
2025-11-21 00:00:00+07:00,257.350341796875,263.3352334665698,255.35537790697674,257.350341796875,13428900,0.0,0.0
2025-11-24 00:00:00+07:00,257.3503539792953,259.3453179636309,243.38560608894593,247.3755340576172,34975800,0.0,0.0
2025-11-25 00:00:00+07:00,247.37553216603177,249.37049613511266,239.39567628970815,241.39064025878906,19747800,0.0,0.0
2025-11-26 00:00:00+07:00,243.38560485839844,245.3805688326476,235.40574896140177,243.38560485839844,25047900,0.0,0.0
2025-11-27 00:00:00+07:00,239.39567690990012,247.37553280689679,237.40071293565094,243.38560485839844,11572600,0.0,0.0
2025-11-28 00:00:00+07:00,243.38559841579863,273.3100572374132,243.38559841579863,269.32012939453125,71939700,0.0,0.0
2025-12-01 00:00:00+07:00,240.40881291185215,245.75123807939823,229.72397779712767,231.50479125976562,26760971,0.0,0.0
2025-12-02 00:00:00+07:00,236.84720681205104,288.4906005859375,236.84720681205104,288.4906005859375,157742888,0.0,0.0
2025-12-03 00:00:00+07:00,356.16118210092185,359.7228088378906,315.2026572701837,359.7228088378906,498369629,0.0,0.0
2025-12-04 00:00:00+07:00,389.996529072458,430.95505545052515,373.9692690320891,414.92779541015625,313574502,0.0,0.0
2025-12-05 00:00:00+07:00,414.92779541015625,414.92779541015625,414.92779541015625,414.92779541015625,0,0.0,0.0
2025-12-08 00:00:00+07:00,458.5575461442936,489.7216435379923,413.14697204755646,436.2974548339844,315798440,0.0,0.0
2025-12-09 00:00:00+07:00,468.8165474825127,474.80143957803415,422.9323747501817,428.9172668457031,68608500,0.0,0.0
2025-12-10 00:00:00+07:00,436.89711364746097,444.8769696044922,395.0028698730469,398.9927978515625,54250900,0.0,0.0
2025-12-11 00:00:00+07:00,387.02301736479825,414.9525134632888,377.048197329623,410.96258544921875,57489100,0.0,0.0
2025-12-12 00:00:00+07:00,416.94747246636285,422.9323644156408,383.0330847537879,395.00286865234375,48011500,0.0,0.0
2025-12-15 00:00:00+07:00,395.0028579208877,396.9978218497811,359.093507200807,363.08343505859375,37486500,0.0,0.0
2025-12-16 00:00:00+07:00,359.09350915857266,395.0028600744299,345.1287615801837,369.0683288574219,72334100,0.0,0.0
2025-12-17 00:00:00+07:00,371.06328938802085,379.04314507378473,355.10357801649303,359.093505859375,23127500,0.0,0.0
2025-12-18 00:00:00+07:00,355.10360342996165,373.058280007881,333.1589987236157,341.13885498046875,36609600,0.0,0.0
2025-12-19 00:00:00+07:00,341.13884003308357,367.0733717315051,293.25970458984375,293.25970458984375,80730600,0.0,0.0
2025-12-22 00:00:00+07:00,297.2496257698449,307.2244454265511,273.31005859375,273.31005859375,54344300,0.0,0.0
2025-12-23 00:00:00+07:00,273.3100572374132,289.269768608941,261.34027370876737,269.32012939453125,41148700,0.0,0.0
2025-12-24 00:00:00+07:00,271.31510253906254,295.2546704101563,249.37049865722656,249.37049865722656,65235500,0.0,0.0
2025-12-29 00:00:00+07:00,253.36041738026177,275.30502046044194,253.36041738026177,267.3251647949219,44134300,0.0,0.0
2025-12-30 00:00:00+07:00,269.3201332903923,285.2798448927859,259.3453135388963,281.2899169921875,45829000,0.0,0.0
2026-01-02 00:00:00+07:00,277.2999890915891,283.28488094248667,269.3201332903923,281.2899169921875,31270900,0.0,0.0
2026-01-05 00:00:00+07:00,279.29494829320197,281.289912209582,263.33523696216184,267.3251647949219,54198100,0.0,0.0
2026-01-06 00:00:00+07:00,269.32013073106754,275.30502252509126,267.3251667997263,273.31005859375,35378300,0.0,0.0
2026-01-07 00:00:00+07:00,277.2999836627702,279.2949475740132,265.3302001953125,265.3302001953125,23366800,0.0,0.0
2026-01-08 00:00:00+07:00,267.3251626982944,271.3150904997614,261.34027099609375,261.34027099609375,18355800,0.0,0.0
2026-01-09 00:00:00+07:00,267.3251752096509,267.3251752096509,251.36546325683594,251.36546325683594,25495100,0.0,0.0
2026-01-12 00:00:00+07:00,251.3654620262884,259.3453179636309,241.39064210461032,247.3755340576172,33265600,0.0,0.0
2026-01-13 00:00:00+07:00,247.37552302433895,269.3201258732722,245.38055912898136,259.3453063964844,54312700,0.0,0.0
2026-01-14 00:00:00+07:00,259.34531985305426,261.3402838519239,251.36546385757566,253.3604278564453,16610600,0.0,0.0
2026-01-15 00:00:00+07:00,255.35539124503967,257.35035523914155,245.3805712745303,251.36546325683594,15369200,0.0,0.0
2026-01-19 00:00:00+07:00,251.36545472986558,271.3150939941406,245.38056295058306,271.3150939941406,53066100,0.0,0.0
2026-01-20 00:00:00+07:00,273.310054400495,275.30501830122853,261.34027099609375,261.34027099609375,39271800,0.0,0.0
2026-01-21 00:00:00+07:00,259.34531985305426,263.33524785079356,249.370499858706,253.3604278564453,23543500,0.0,0.0
2026-01-22 00:00:00+07:00,259.3453192332434,259.3453192332434,251.36546325683594,251.36546325683594,16386400,0.0,0.0
2026-01-23 00:00:00+07:00,253.36042472964428,255.35538870389345,241.3906408841493,243.38560485839844,25345000,0.0,0.0
2026-01-26 00:00:00+07:00,243.38561583401864,247.37554396244516,227.4259033203125,227.4259033203125,32649600,0.0,0.0
2026-01-27 00:00:00+07:00,223.43596149313038,233.41078120264513,221.44099755122744,231.4158172607422,16929400,0.0,0.0
2026-01-28 00:00:00+07:00,223.43596942608173,227.42589745154746,201.4913652860201,207.47625732421875,36292700,0.0,0.0
2026-01-29 00:00:00+07:00,205.48129331148587,209.4712213369516,176.55431512685922,207.47625732421875,30911900,0.0,0.0
2026-01-30 00:00:00+07:00,207.4762548828125,213.46114685058595,189.5215789794922,199.49639892578125,14839800,0.0,0.0
2026-02-02 00:00:00+07:00,199.49639361837637,203.4863214907439,177.55179032035497,183.53668212890625,16137500,0.0,0.0
2026-02-03 00:00:00+07:00,187.52661555828433,201.49136352539062,182.5392055700321,201.49136352539062,12594800,0.0,0.0
2026-02-04 00:00:00+07:00,201.49136291503908,205.4812908935547,197.50143493652345,199.49639892578125,8883300,0.0,0.0
2026-02-05 00:00:00+07:00,199.49639861907193,205.48129057764407,197.5014346328812,198.49891662597656,6637700,0.0,0.0
2026-02-06 00:00:00+07:00,197.50143175627056,197.50143175627056,187.52661197060033,189.52157592773438,12256400,0.0,0.0
2026-02-09 00:00:00+07:00,189.52157779615754,199.4963976801658,184.5341678541534,195.5064697265625,7256300,0.0,0.0
2026-02-10 00:00:00+07:00,195.50647212009804,203.486328125,195.50647212009804,203.486328125,9782600,0.0,0.0
2026-02-11 00:00:00+07:00,205.48129212622547,207.47625612745097,201.4913641237745,203.486328125,7181300,0.0,0.0
2026-02-12 00:00:00+07:00,205.48129388718377,221.44100603376117,205.48129388718377,209.47122192382812,35715000,0.0,0.0
2026-02-13 00:00:00+07:00,211.46618474571451,211.46618474571451,205.48129272460938,205.48129272460938,10013100,0.0,0.0
2026-02-18 00:00:00+07:00,205.48129388718377,211.4661859421503,203.48632986886162,209.47122192382812,7383200,0.0,0.0
2026-02-19 00:00:00+07:00,213.46114936241736,215.45611337515024,203.486329298753,207.47625732421875,12301600,0.0,0.0
2026-02-20 00:00:00+07:00,209.47122012867646,209.47122012867646,198.49891812193627,203.486328125,8358800,0.0,0.0
2026-02-23 00:00:00+07:00,203.486328125,207.47625612745097,201.4913641237745,203.486328125,3998700,0.0,0.0
2026-02-24 00:00:00+07:00,203.48632690429687,205.4812908935547,198.49891693115237,199.49639892578125,5376900,0.0,0.0
2026-02-25 00:00:00+07:00,199.49639861907193,201.49136260526262,197.5014346328812,198.49891662597656,6097000,0.0,0.0
2026-02-26 00:00:00+07:00,201.491361976275,205.48128993620122,192.51402406644095,196.5039520263672,7847900,0.0,0.0
2026-02-27 00:00:00+07:00,195.50646845499674,195.50646845499674,190.51905854543048,191.51654052734375,7404600,0.0,0.0
2026-03-02 00:00:00+07:00,179.54675425653872,190.51905590554944,177.55179032035497,183.53668212890625,15911500,0.0,0.0
2026-03-03 00:00:00+07:00,184.53416376166004,189.52157359305625,182.53919982910156,182.53919982910156,4283400,0.0,0.0
2026-03-04 00:00:00+07:00,184.5341770717076,185.53165910993303,168.57446446010044,174.55935668945312,22981400,0.0,0.0
2026-03-05 00:00:00+07:00,179.54676767413537,181.54173175940355,176.5543215462331,177.5518035888672,6549700,0.0,0.0
2026-03-06 00:00:00+07:00,177.55180199201718,177.55180199201718,169.57194572271302,171.56690979003906,7389900,0.0,0.0
2026-03-09 00:00:00+07:00,150.61978406906127,164.58453226089478,150.61978406906127,159.5971221923828,6431500,0.0,0.0
2026-03-10 00:00:00+07:00,161.59208650766692,167.5769786005435,158.59964046122866,160.5946044921875,3948400,0.0,0.0
2026-03-11 00:00:00+07:00,156.604677512429,168.5744617808949,156.604677512429,164.58453369140625,4152100,0.0,0.0
2026-03-12 00:00:00+07:00,168.57446120560536,168.57446120560536,161.5920870728288,162.58956909179688,1929400,0.0,0.0
2026-03-13 00:00:00+07:00,161.5920867919922,166.57949687816478,158.59964074028863,161.5920867919922,2439300,0.0,0.0
2026-03-16 00:00:00+07:00,164.58453226089478,164.58453226089478,155.60719413757323,159.5971221923828,2795300,0.0,0.0
2026-03-17 00:00:00+07:00,159.5971221923828,163.58705024719237,158.5996401786804,159.5971221923828,2252300,0.0,0.0
2026-03-25 00:00:00+07:00,156.60467777481998,167.5769800392978,156.60467777481998,165.58201599121094,2627600,0.0,0.0
2026-03-26 00:00:00+07:00,164.58453341228204,166.57949745364306,162.58956937092105,163.58705139160156,3826000,0.0,0.0
2026-03-27 00:00:00+07:00,162.58956937092105,166.57949745364306,162.58956937092105,163.58705139160156,1052900,0.0,0.0
2026-03-30 00:00:00+07:00,162.58956964666194,164.58453369140625,160.5946056019176,164.58453369140625,1797400,0.0,0.0
2026-03-31 00:00:00+07:00,166.57949598780218,166.57949598780218,153.61222983306308,158.59963989257812,16661500,0.0,0.0
2026-04-01 00:00:00+07:00,159.59712275752315,163.58705082646122,159.59712275752315,161.5920867919922,2572200,0.0,0.0
2026-04-02 00:00:00+07:00,161.5920867919922,165.58201486093026,160.59460477475767,161.5920867919922,1824600,0.0,0.0
2026-04-06 00:00:00+07:00,161.5920867919922,161.5920867919922,156.6046767058196,161.5920867919922,1248300,0.0,0.0
2026-04-07 00:00:00+07:00,159.59712161293513,160.59460362301598,157.60215759277344,157.60215759277344,1564500,0.0,0.0
2026-04-08 00:00:00+07:00,160.5946044921875,163.5870505386258,158.59964046122866,160.5946044921875,3885300,0.0,0.0
2026-04-09 00:00:00+07:00,161.59208650766692,161.59208650766692,159.59712247670808,160.5946044921875,1896700,0.0,0.0
2026-04-10 00:00:00+07:00,160.59460477475767,161.5920867919922,158.59964074028863,161.5920867919922,3493600,0.0,0.0
2026-04-13 00:00:00+07:00,160.59460477475767,162.5895688092267,158.59964074028863,161.5920867919922,4023900,0.0,0.0
2026-04-14 00:00:00+07:00,162.58957247300583,180.54424918781626,161.59209043329412,175.5568389892578,22778100,0.0,0.0
2026-04-15 00:00:00+07:00,175.5568389892578,179.54676714810458,172.56439287012273,175.5568389892578,9031700,0.0,0.0
2026-04-16 00:00:00+07:00,175.5568372338219,235.40575901807938,174.55935520408428,225.43093872070312,250399900,0.0,0.0
2026-04-17 00:00:00+07:00,227.42589477539065,227.42589477539065,199.49639892578125,199.49639892578125,84854700,0.0,0.0
2026-04-20 00:00:00+07:00,196.50395263978584,209.4712185500255,194.5089886535951,198.49891662597656,18116400,0.0,0.0
2026-04-21 00:00:00+07:00,198.49891693115237,205.4812908935547,196.50395294189454,199.49639892578125,9163700,0.0,0.0
2026-04-22 00:00:00+07:00,205.48129331148587,213.46114936241736,201.4913652860201,207.47625732421875,27590500,0.0,0.0
2026-04-23 00:00:00+07:00,207.47625358737247,207.47625358737247,195.5064697265625,195.5064697265625,13702900,0.0,0.0
2026-04-24 00:00:00+07:00,195.5064664451025,196.50394841676118,182.53920081353957,185.53164672851562,10593700,0.0,0.0
2026-04-27 00:00:00+07:00,184.53416603489927,207.4762515419408,182.53920207776522,189.52157592773438,50930600,0.0,0.0
2026-04-28 00:00:00+07:00,190.51905758166438,191.51653955853175,187.52661165106232,188.5240936279297,5192000,0.0,0.0
2026-04-29 00:00:00+07:00,184.534169565333,217.4510754877978,184.534169565333,201.49136352539062,68697800,0.0,0.0
2026-04-30 00:00:00+07:00,199.49639671207092,201.49136067919162,186.5291309257863,192.51402282714844,16817900,0.0,0.0
2026-05-04 00:00:00+07:00,193.51150512695312,198.49891505290552,192.51402314176264,193.51150512695312,4106400,0.0,0.0
2026-05-05 00:00:00+07:00,194.5089886535951,205.48129057764407,193.51150666049975,198.49891662597656,14260600,0.0,0.0
2026-05-06 00:00:00+07:00,203.4863262754498,205.48129025854246,197.50143432617188,197.50143432617188,6127900,0.0,0.0
2026-05-07 00:00:00+07:00,201.49136291503908,205.4812908935547,198.49891693115237,199.49639892578125,9011400,0.0,0.0
2026-05-08 00:00:00+07:00,201.491361334385,201.491361334385,192.51402345315003,194.5089874267578,10430500,0.0,0.0
2026-05-11 00:00:00+07:00,196.5039491044714,197.501431079621,186.5291293529754,187.526611328125,8512300,0.0,0.0
2026-05-12 00:00:00+07:00,189.5215752784242,195.5064671293218,186.5291293529754,187.526611328125,8003900,0.0,0.0
2026-05-13 00:00:00+07:00,188.52409162677702,190.5190555593355,170.56941623375064,182.53919982910156,7825200,0.0,0.0
2026-05-14 00:00:00+07:00,182.53919982910156,182.53919982910156,182.53919982910156,182.53919982910156,0,0.0,0.0
2026-05-15 00:00:00+07:00,182.53919982910156,182.53919982910156,182.53919982910156,182.53919982910156,0,0.0,0.0
2026-05-18 00:00:00+07:00,183.5366817953808,184.53416376166004,172.56438016630912,182.53919982910156,6290700,0.0,0.0
2026-05-19 00:00:00+07:00,184.5341750553676,184.5341750553676,160.59460639953613,167.5769805908203,16898700,0.0,0.0
2026-05-20 00:00:00+07:00,166.579498563494,177.55180086408342,164.5845345088414,167.5769805908203,7334600,0.0,0.0
2026-05-21 00:00:00+07:00,166.57949310302735,167.57697509765626,146.62985321044923,149.62229919433594,19398900,0.0,0.0
2026-05-22 00:00:00+07:00,148.62481719970702,153.61222717285156,140.64496124267578,149.62229919433594,9461100,0.0,0.0
2026-05-25 00:00:00+07:00,150.61978296133188,156.6046749995305,150.61978296133188,155.60719299316406,2706600,0.0,0.0
2026-05-26 00:00:00+07:00,155.6071917885228,158.59963778445595,151.6172637939453,151.6172637939453,2927000,0.0,0.0
2026-05-27 00:00:00+07:00,151.6172637939453,151.6172637939453,151.6172637939453,151.6172637939453,0,0.0,0.0
2026-05-28 00:00:00+07:00,151.6172637939453,151.6172637939453,151.6172637939453,151.6172637939453,0,0.0,0.0
2026-05-29 00:00:00+07:00,151.61726409313724,154.6097100949755,151.61726409313724,152.61474609375,811300,0.0,0.0
2026-06-02 00:00:00+07:00,152.61474639099916,156.60467440122136,152.61474639099916,153.6122283935547,1572500,0.0,0.0
2026-06-03 00:00:00+07:00,154.60970578874858,154.60970578874858,135.6575483049665,139.64747619628906,15017400,0.0,0.0
2026-06-04 00:00:00+07:00,139.64747450086804,139.64747450086804,129.6726548936632,134.66006469726562,4677900,0.0,0.0
2026-06-05 00:00:00+07:00,135.65755192313608,135.65755192313608,124.685249929353,126.68021392822266,10220000,0.0,0.0
2026-06-08 00:00:00+07:00,124.68524773915608,124.68524773915608,117.70287386576334,119.69783782958984,4866600,0.0,0.0
2026-06-09 00:00:00+07:00,119.69783372145433,133.66258098895733,119.69783372145433,129.6726531982422,4311800,0.0,0.0
2026-06-10 00:00:00+07:00,129.6726548936632,137.6525105794271,129.6726548936632,134.66006469726562,3124100,0.0,0.0
2026-06-11 00:00:00+07:00,135.6575466579861,136.6550286187066,130.67013685438368,134.66006469726562,2604300,0.0,0.0
2026-06-12 00:00:00+07:00,134.66006633213587,143.6374040876116,133.66258435930524,139.64747619628906,3619900,0.0,0.0
2026-06-15 00:00:00+07:00,140.64495913632265,147.6273329941543,139.64747715663242,142.63992309570312,7267900,0.0,0.0
2026-06-17 00:00:00+07:00,143.63740507539336,146.62985101446407,140.64495913632265,142.63992309570312,2167600,0.0,0.0
2026-06-18 00:00:00+07:00,142.63992277333435,143.63740475077026,136.6550309087189,141.64244079589844,1522000,0.0,0.0
2026-06-19 00:00:00+07:00,141.6424411160129,144.6348870550836,141.6424411160129,142.63992309570312,631700,0.0,0.0
2026-06-22 00:00:00+07:00,143.63740442154256,143.63740442154256,138.64999454579456,140.64495849609375,1081500,0.0,0.0
2026-06-23 00:00:00+07:00,139.64747586696268,141.6424398079193,138.64999389648438,138.64999389648438,1097400,0.0,0.0
2026-06-24 00:00:00+07:00,140.64495574262804,144.63488356511397,131.66761814203477,132.66510009765625,4509600,0.0,0.0
2026-06-25 00:00:00+07:00,134.66006664519614,140.64495849609375,132.66510269489694,140.64495849609375,2704700,0.0,0.0
2026-06-26 00:00:00+07:00,140.64495750095534,140.64495750095534,135.65754766049594,137.6525115966797,1691900,0.0,0.0
2026-06-29 00:00:00+07:00,138.64999254014757,140.64495646158855,130.67013685438368,134.66006469726562,1642100,0.0,0.0
2026-06-30 00:00:00+07:00,134.66006365689364,135.65754560990766,129.6726538918235,131.66761779785156,1303300,0.0,0.0
2026-07-01 00:00:00+07:00,129.6726535476801,135.6575452498807,129.6726535476801,130.67013549804688,1394200,0.0,0.0
2026-07-02 00:00:00+07:00,130.67013718100154,137.6525109234978,130.67013718100154,135.6575469970703,1831500,0.0,0.0
2026-07-03 00:00:00+07:00,135.65754766049594,141.64243946904722,135.65754766049594,137.6525115966797,2106300,0.0,0.0
2026-07-06 00:00:00+07:00,139.64747586696268,139.64747586696268,137.65251192600607,138.64999389648438,512600,0.0,0.0
2026-07-07 00:00:00+07:00,138.64999389648438,141.6424398079193,136.65502995552777,138.64999389648438,1698900,0.0,0.0
2026-07-08 00:00:00+07:00,139.0,139.0,135.0,136.0,967100,0.35,0.0
2026-07-09 00:00:00+07:00,138.0,142.0,136.0,139.0,1815600,0.0,0.0
2026-07-10 00:00:00+07:00,138.0,142.0,138.0,139.0,1017800,0.0,0.0
2026-07-13 00:00:00+07:00,139.0,140.0,138.0,138.0,812100,0.0,0.0
2026-07-14 00:00:00+07:00,139.0,146.0,139.0,142.0,3036200,0.0,0.0
2026-07-15 00:00:00+07:00,141.0,147.0,141.0,146.0,3121300,0.0,0.0
2026-07-16 00:00:00+07:00,146.0,157.0,145.0,151.0,9623500,0.0,0.0
2026-07-17 00:00:00+07:00,152.0,157.0,150.0,152.0,3935600,0.0,0.0
2026-07-20 00:00:00+07:00,155.0,158.0,154.0,155.0,2116900,0.0,0.0
2026-07-21 00:00:00+07:00,155.0,158.0,151.0,154.0,3091100,0.0,0.0
2026-07-22 00:00:00+07:00,156.0,156.0,148.0,150.0,2704700,0.0,0.0
2026-07-23 00:00:00+07:00,152.0,155.0,149.0,151.0,2664900,0.0,0.0
2026-07-24 00:00:00+07:00,149.0,150.0,143.0,147.0,2323400,0.0,0.0
2026-07-27 00:00:00+07:00,145.0,149.0,144.0,146.0,1573100,0.0,0.0
2026-07-28 00:00:00+07:00,146.0,149.0,145.0,148.0,1226100,0.0,0.0
2026-07-29 00:00:00+07:00,148.0,150.0,145.0,147.0,1465800,0.0,0.0
2026-07-30 00:00:00+07:00,147.0,154.0,146.0,153.0,1335500,0.0,0.0
2026-07-31 00:00:00+07:00,158.0,162.0,153.0,158.0,17336700,0.0,0.0
2026-08-03 00:00:00+07:00,159.0,168.0,158.0,162.0,11008500,0.0,0.0
2026-08-04 00:00:00+07:00,163.0,172.0,160.0,169.0,6476800,0.0,0.0
2026-08-05 00:00:00+07:00,170.0,171.0,165.0,165.0,3270700,0.0,0.0
2026-08-06 00:00:00+07:00,168.0,169.0,162.0,162.0,3927200,0.0,0.0
2026-08-07 00:00:00+07:00,161.0,166.0,159.0,162.0,2025600,0.0,0.0
2026-08-10 00:00:00+07:00,162.0,166.0,162.0,163.0,1792700,0.0,0.0
2026-08-11 00:00:00+07:00,164.0,165.0,160.0,160.0,2314200,0.0,0.0
2026-08-12 00:00:00+07:00,159.0,163.0,157.0,162.0,4745300,0.0,0.0
2026-08-13 00:00:00+07:00,162.0,164.0,156.0,158.0,2935200,0.0,0.0
2026-08-14 00:00:00+07:00,158.0,162.0,157.0,160.0,1694300,0.0,0.0
2026-08-18 00:00:00+07:00,161.0,163.0,159.0,163.0,2332700,0.0,0.0
2026-08-19 00:00:00+07:00,163.0,167.0,161.0,167.0,2970100,0.0,0.0
2026-08-20 00:00:00+07:00,168.0,172.0,166.0,171.0,6712700,0.0,0.0
2026-08-21 00:00:00+07:00,172.0,175.0,171.0,172.0,9658100,0.0,0.0
2026-08-24 00:00:00+07:00,173.0,178.0,173.0,173.0,5070200,0.0,0.0
2026-08-26 00:00:00+07:00,173.0,174.0,164.0,164.0,4166400,0.0,0.0
2026-08-27 00:00:00+07:00,164.0,173.0,164.0,173.0,4902900,0.0,0.0
2026-08-28 00:00:00+07:00,173.0,175.0,169.0,169.0,1720200,0.0,0.0
2026-08-31 00:00:00+07:00,173.0,173.0,168.0,168.0,1217900,0.0,0.0
2026-09-01 00:00:00+07:00,169.0,172.0,165.0,170.0,6115400,0.0,0.0
2026-09-02 00:00:00+07:00,171.0,171.0,166.0,169.0,2384700,0.0,0.0
2026-09-03 00:00:00+07:00,200.0,212.0,192.0,198.0,108370200,0.0,0.0
2026-09-04 00:00:00+07:00,198.0,200.0,187.0,188.0,17688000,0.0,0.0
2026-09-07 00:00:00+07:00,187.0,189.0,183.0,188.0,6037200,0.0,0.0
2026-09-08 00:00:00+07:00,190.0,194.0,188.0,194.0,5038400,0.0,0.0
2026-09-09 00:00:00+07:00,195.0,195.0,188.0,189.0,3792600,0.0,0.0
2026-09-10 00:00:00+07:00,189.0,191.0,186.0,186.0,4719500,0.0,0.0
2026-09-11 00:00:00+07:00,188.0,190.0,178.0,183.0,2924500,0.0,0.0
2026-09-14 00:00:00+07:00,183.0,187.0,178.0,186.0,2976500,0.0,0.0
2026-09-15 00:00:00+07:00,186.0,192.0,180.0,188.0,4129500,0.0,0.0
2026-09-16 00:00:00+07:00,189.0,190.0,185.0,185.0,2336100,0.0,0.0
2026-09-17 00:00:00+07:00,183.0,190.0,183.0,188.0,1652100,0.0,0.0
2026-09-18 00:00:00+07:00,188.0,189.0,179.0,185.0,1554100,0.0,0.0
