Date,Open,High,Low,Close,Volume,Dividends,Stock Splits
2021-09-20 00:00:00+07:00,100.54635095214843,100.54635095214843,97.42863464355469,97.42863464355469,15505000,0.0,0.0
2021-09-21 00:00:00+07:00,96.64921061197916,97.4286397298177,93.531494140625,95.86978149414062,42785000,0.0,0.0
2021-09-22 00:00:00+07:00,95.8697889418829,98.98750565544007,95.09035976349361,98.20807647705078,43918000,0.0,0.0
2021-09-23 00:00:00+07:00,99.76692199707031,100.54635107517242,98.20806384086609,99.76692199707031,21789500,0.0,0.0
2021-09-24 00:00:00+07:00,100.54635107517242,103.66406738758087,98.9874929189682,99.76692199707031,44206000,0.0,0.0
2021-09-27 00:00:00+07:00,99.76693220964567,101.32579052542138,98.20807389386997,98.98750305175781,16919000,0.0,0.0
2021-09-28 00:00:00+07:00,98.98748563810159,102.88463074196386,98.20805661732913,102.1052017211914,39368000,0.0,0.0
2021-09-29 00:00:00+07:00,102.10521443684895,109.89950561523438,100.54635620117188,107.56121826171875,112292500,0.0,0.0
2021-09-30 00:00:00+07:00,107.56123145540853,108.34066066885353,102.10522696129361,103.6640853881836,52226000,0.0,0.0
2021-10-01 00:00:00+07:00,103.66407743642029,111.45836897299324,102.884648282763,110.67893981933594,118901500,0.0,0.0
2021-10-04 00:00:00+07:00,112.23779801993535,116.13494378451644,108.34065225535426,113.01722717285156,141964500,0.0,0.0
2021-10-05 00:00:00+07:00,114.57608558762242,116.13494389493701,107.56122320470676,110.67893981933594,134600000,0.0,0.0
2021-10-06 00:00:00+07:00,109.8995105611867,116.13494378451644,109.12008140827048,113.01722717285156,75678500,0.0,0.0
2021-10-07 00:00:00+07:00,113.01722208658853,115.35550944010416,106.7817891438802,107.56121826171875,74825000,0.0,0.0
2021-10-08 00:00:00+07:00,107.56121826171875,109.89950561523438,107.56121826171875,109.89950561523438,14835000,0.0,0.0
2021-10-11 00:00:00+07:00,110.67893213505367,112.23779033413894,108.34064483642578,108.34064483642578,28133500,0.0,0.0
2021-10-12 00:00:00+07:00,109.1200712997548,111.4583585418924,103.66406773476706,106.78178405761719,49516500,0.0,0.0
2021-10-13 00:00:00+07:00,106.78180224196355,106.78180224196355,101.32579774784863,103.6640853881836,64646500,0.0,0.0
2021-10-14 00:00:00+07:00,103.6640552632949,106.78177121106316,102.88462627635282,106.0023422241211,30067500,0.0,0.0
2021-10-15 00:00:00+07:00,107.56121826171875,107.56121826171875,101.32578531901041,102.8846435546875,54385000,0.0,0.0
2021-10-18 00:00:00+07:00,103.66407267252603,109.89950561523438,101.32578531901041,109.89950561523438,77987000,0.0,0.0
2021-10-19 00:00:00+07:00,111.4583585418924,111.4583585418924,106.00235497690466,106.78178405761719,59339000,0.0,0.0
2021-10-21 00:00:00+07:00,106.78177121106316,108.34062918494729,104.44348425023696,106.0023422241211,46605000,0.0,0.0
2021-10-22 00:00:00+07:00,106.00235497690466,107.56121313832972,105.22292589619212,106.78178405761719,14751500,0.0,0.0
2021-10-25 00:00:00+07:00,106.7817891438802,109.89950561523438,106.7817891438802,109.89950561523438,43580500,0.0,0.0
2021-10-26 00:00:00+07:00,110.67893971410292,115.35551463160023,109.12008140827048,113.01722717285156,149302000,0.0,0.0
2021-10-27 00:00:00+07:00,113.01722717285158,118.47323124326509,112.23779801993535,113.01722717285156,91348000,0.0,0.0
2021-10-28 00:00:00+07:00,113.01722728030784,115.35551474127972,106.78179405104946,110.67893981933594,62697000,0.0,0.0
2021-10-29 00:00:00+07:00,110.67893725842029,113.796653800911,109.89950812279761,111.45836639404297,31772500,0.0,0.0
2021-11-01 00:00:00+07:00,132.5029417184683,137.1795161320613,118.4732184776893,121.59093475341797,322693500,0.0,0.0
2021-11-02 00:00:00+07:00,122.37036382235013,127.04693823594313,119.25264754662147,121.59093475341797,106770000,0.0,0.0
2021-11-03 00:00:00+07:00,121.59092741192512,125.4880725212817,121.59092741192512,123.92921447753906,53295000,0.0,0.0
2021-11-04 00:00:00+07:00,124.7086539811003,131.72351576753718,123.92922489371843,130.16465759277344,133906500,0.0,0.0
2021-11-05 00:00:00+07:00,130.16465225687787,133.2823684785995,126.26750697972584,127.04693603515625,76492500,0.0,0.0
2021-11-08 00:00:00+07:00,127.04694165240277,143.41495254013563,127.04694165240277,141.85609436035156,156053000,0.0,0.0
2021-11-09 00:00:00+07:00,142.6355140209198,154.32694959640503,139.5177978674571,149.65037536621094,132318000,0.0,0.0
2021-11-10 00:00:00+07:00,148.870956499552,156.6652474157589,145.75324013306923,151.20924377441406,78273500,0.0,0.0
2021-11-11 00:00:00+07:00,151.20922443654277,159.0035143559522,150.42979544460184,157.4446563720703,100436500,0.0,0.0
2021-11-12 00:00:00+07:00,157.44467658802944,159.78296386408928,151.20924385186984,153.5475311279297,64217000,0.0,0.0
2021-11-15 00:00:00+07:00,154.32694390479554,157.44465994327626,144.1943667797332,146.53265380859375,83754000,0.0,0.0
2021-11-16 00:00:00+07:00,147.312092822531,150.4298090727433,142.63551844721255,143.41494750976562,52104500,0.0,0.0
2021-11-17 00:00:00+07:00,143.41495262352194,145.75323989455762,136.4000908104149,144.1943817138672,58696500,0.0,0.0
2021-11-18 00:00:00+07:00,144.1943765723187,145.75323469742486,141.8560893846595,143.41494750976562,22881500,0.0,0.0
2021-11-19 00:00:00+07:00,143.41493777011303,150.42979885669465,142.63550876049285,146.53265380859375,59750500,0.0,0.0
2021-11-22 00:00:00+07:00,146.532664088199,149.65038034539472,145.7532350239001,148.09152221679688,23685000,0.0,0.0
2021-11-23 00:00:00+07:00,148.87095616937992,148.87095616937992,138.7383780007834,141.85609436035156,49945500,0.0,0.0
2021-11-24 00:00:00+07:00,141.8560893846595,145.75323469742486,141.8560893846595,143.41494750976562,18801000,0.0,0.0
2021-11-25 00:00:00+07:00,143.41494750976562,146.53266375997794,143.41494750976562,143.41494750976562,17985000,0.0,0.0
2021-11-26 00:00:00+07:00,143.4149415465607,144.19437057670504,134.84122221497282,135.6206512451172,55629000,0.0,0.0
2021-11-29 00:00:00+07:00,135.62066138824287,136.40009047668104,129.38522868073744,134.8412322998047,29569000,0.0,0.0
2021-11-30 00:00:00+07:00,134.84122732979912,144.9738051060268,134.84122732979912,136.40008544921875,84560500,0.0,0.0
2021-12-01 00:00:00+07:00,137.1795198209993,148.0915270794879,136.40009073110727,141.85609436035156,84863500,0.0,0.0
2021-12-02 00:00:00+07:00,141.8561045609785,142.63553370691795,137.9589588312813,141.07667541503906,27687000,0.0,0.0
2021-12-03 00:00:00+07:00,142.63550367712338,147.3120775681766,140.29721673159676,145.7532196044922,46263000,0.0,0.0
2021-12-06 00:00:00+07:00,145.7532196044922,152.76808044107202,144.97379062264997,145.7532196044922,57022500,0.0,0.0
2021-12-07 00:00:00+07:00,147.31209315249794,148.8709512810958,144.97380595960115,148.09152221679688,25274500,0.0,0.0
2021-12-08 00:00:00+07:00,148.0915065500188,150.42979349554543,144.19436164080778,145.7532196044922,37062000,0.0,0.0
2021-12-09 00:00:00+07:00,145.75324503580728,147.31210327148438,141.85609944661456,142.63552856445312,26796000,0.0,0.0
2021-12-10 00:00:00+07:00,144.19436164080778,146.5326485863344,143.41493265896557,145.7532196044922,15935000,0.0,0.0
2021-12-13 00:00:00+07:00,145.75324054933944,165.2389678955078,145.75324054933944,165.2389678955078,201549500,0.0,0.0
2021-12-14 00:00:00+07:00,169.13611857096353,184.72470092773438,162.9006856282552,182.38641357421875,328697500,0.0,0.0
2021-12-15 00:00:00+07:00,183.94525580512152,187.84240105523003,173.0332491048177,175.3715362548828,114968500,0.0,0.0
2021-12-16 00:00:00+07:00,175.37155151367188,178.48926798502603,164.45954386393228,170.69497680664062,63706000,0.0,0.0
2021-12-17 00:00:00+07:00,170.69498180167022,178.4892732081392,170.69498180167022,173.8126983642578,34292500,0.0,0.0
2021-12-20 00:00:00+07:00,174.5921171695814,175.37154626408847,165.2389680354967,169.91554260253906,43459500,0.0,0.0
2021-12-21 00:00:00+07:00,169.9155527985041,169.9155527985041,159.00354482061854,169.13612365722656,45720500,0.0,0.0
2021-12-22 00:00:00+07:00,169.13610810917137,176.15096973581902,164.45953369140625,164.45953369140625,36678500,0.0,0.0
2021-12-23 00:00:00+07:00,164.4595233241907,166.79781038567208,160.56237822172173,162.90066528320312,33752000,0.0,0.0
2021-12-24 00:00:00+07:00,162.90065481582124,168.35665760869566,160.56236790458937,161.341796875,37186500,0.0,0.0
2021-12-27 00:00:00+07:00,162.1212464825237,167.57724996991632,161.34181741289618,164.45953369140625,20005000,0.0,0.0
2021-12-28 00:00:00+07:00,166.01838106322057,166.79781008229673,160.5623779296875,160.5623779296875,19998500,0.0,0.0
2021-12-29 00:00:00+07:00,160.5623779296875,162.90066498691596,159.0035198915352,160.5623779296875,14396500,0.0,0.0
2021-12-30 00:00:00+07:00,161.3418168111063,162.90067494454695,151.98866801046245,155.10638427734375,53026500,0.0,0.0
2022-01-03 00:00:00+07:00,155.10638967550025,165.2389678955078,152.76810239396005,165.2389678955078,49005500,0.0,0.0
2022-01-04 00:00:00+07:00,166.0184070921164,172.25384022233675,165.23897795083886,169.13612365722656,52483000,0.0,0.0
2022-01-05 00:00:00+07:00,169.13609744715347,173.03324254962246,162.12123626270932,162.90066528320312,38935000,0.0,0.0
2022-01-06 00:00:00+07:00,162.12123626270932,163.6800943036969,157.44466213974655,162.90066528320312,22577500,0.0,0.0
2022-01-07 00:00:00+07:00,163.68010462177872,165.23896276103378,160.56238834326865,164.45953369140625,14662500,0.0,0.0
2022-01-10 00:00:00+07:00,164.4595385772254,164.4595385772254,157.44467674217788,158.22410583496094,31427500,0.0,0.0
2022-01-11 00:00:00+07:00,159.78296915690103,161.34182739257812,155.10639444986978,156.66525268554688,34293000,0.0,0.0
2022-01-12 00:00:00+07:00,158.22408536401127,159.0035143559522,155.88579838818845,157.4446563720703,14439500,0.0,0.0
2022-01-13 00:00:00+07:00,157.44467674217788,158.22410583496094,155.10638946382872,158.22410583496094,12643000,0.0,0.0
2022-01-14 00:00:00+07:00,159.00352478027344,159.00352478027344,155.8858086081112,159.00352478027344,13836500,0.0,0.0
2022-01-17 00:00:00+07:00,159.0035099637681,168.35665760869566,158.2240809933575,161.341796875,45048500,0.0,0.0
2022-01-18 00:00:00+07:00,161.34180633544923,162.12123535156252,151.98865814208986,155.88580322265625,38029500,0.0,0.0
2022-01-19 00:00:00+07:00,155.88580815479008,155.88580815479008,154.3269500732422,154.3269500732422,20989500,0.0,0.0
2022-01-20 00:00:00+07:00,154.32694959640503,155.10637863477072,148.09151728947958,149.65037536621094,53574000,0.0,0.0
2022-01-21 00:00:00+07:00,149.6503758285985,157.444666236338,143.41494350240689,154.3269500732422,58747000,0.0,0.0
2022-01-24 00:00:00+07:00,153.54753104927613,155.10638923251753,151.20924377441406,151.20924377441406,19743500,0.0,0.0
2022-01-25 00:00:00+07:00,149.65036984707444,151.20922786631482,144.1943667797332,146.53265380859375,32266000,0.0,0.0
2022-01-26 00:00:00+07:00,144.1943768953022,151.9886675382915,138.7383734452097,148.09152221679688,38514000,0.0,0.0
2022-01-27 00:00:00+07:00,148.09153772849405,149.65039602037294,139.51781712316017,141.07667541503906,44197000,0.0,0.0
2022-01-28 00:00:00+07:00,141.85608451597153,146.53265873078377,141.07665548016948,144.9738006591797,27857000,0.0,0.0
2022-01-31 00:00:00+07:00,146.53265873078377,148.8709458381899,144.19437162337766,144.9738006591797,18354000,0.0,0.0
2022-02-02 00:00:00+07:00,146.53265380859375,149.65036984707444,144.97379578935337,146.53265380859375,20918000,0.0,0.0
2022-02-03 00:00:00+07:00,146.53267910814037,151.98868311748603,144.9738208197559,150.42982482910156,32045500,0.0,0.0
2022-02-04 00:00:00+07:00,151.98866844177246,165.2389626136193,147.31209402817947,162.12124633789062,111384500,0.0,0.0
2022-02-07 00:00:00+07:00,162.1212614540742,170.69498201174156,162.1212614540742,166.79783630371094,82338500,0.0,0.0
2022-02-08 00:00:00+07:00,168.35668434320496,169.91554253156795,164.45953887229743,167.57725524902344,39724500,0.0,0.0
2022-02-09 00:00:00+07:00,174.59212239583331,178.48926798502603,167.57726033528644,177.7098388671875,76857000,0.0,0.0
2022-02-10 00:00:00+07:00,178.48926798502603,197.19556681315103,177.7098388671875,187.06298828125,167266000,0.0,0.0
2022-02-11 00:00:00+07:00,187.84241245638938,194.0778452350247,177.70983419110698,193.2984161376953,79100000,0.0,0.0
2022-02-14 00:00:00+07:00,194.0778654189337,204.2104447379945,190.18071952698722,196.41615295410156,123190000,0.0,0.0
2022-02-15 00:00:00+07:00,197.97495304598354,202.65152673998315,187.84237670898438,187.84237670898438,83032000,0.0,0.0
2022-02-16 00:00:00+07:00,187.84241245638938,195.63670342968356,183.16583787241288,193.2984161376953,55508000,0.0,0.0
2022-02-17 00:00:00+07:00,194.8572794596354,200.3132832845052,188.62184651692706,191.73956298828125,37727000,0.0,0.0
2022-02-18 00:00:00+07:00,193.2983900784465,195.63667705520191,188.6218161249357,189.4012451171875,24952000,0.0,0.0
2022-02-21 00:00:00+07:00,189.40127039763888,190.96012859021204,183.9452667236328,183.9452667236328,42603500,0.0,0.0
2022-02-22 00:00:00+07:00,183.94525580512152,183.94525580512152,171.4743910047743,175.3715362548828,53323500,0.0,0.0
2022-02-23 00:00:00+07:00,171.47440592447916,182.38641357421875,171.47440592447916,182.38641357421875,39286000,0.0,0.0
2022-02-24 00:00:00+07:00,182.38640826089042,185.50412464141846,170.69497183391024,174.5921173095703,75096500,0.0,0.0
2022-02-25 00:00:00+07:00,176.9303716862158,217.46067709451194,176.9303716862158,212.7841033935547,277670000,0.0,0.0
2022-03-01 00:00:00+07:00,212.78416477160508,222.9167440464434,204.21044384674187,208.1075897216797,144396000,0.0,0.0
2022-03-02 00:00:00+07:00,208.10757958754053,211.2252961356685,201.87214649128464,206.54872131347656,59996500,0.0,0.0
2022-03-04 00:00:00+07:00,207.3281559981699,214.34301841916061,197.19557694562778,197.97500610351562,100773000,0.0,0.0
2022-03-07 00:00:00+07:00,197.19555167403874,205.76927131204044,192.51897732603783,198.75440979003906,73424500,0.0,0.0
2022-03-08 00:00:00+07:00,200.3132454738144,202.65153238596008,188.62181091308594,188.62181091308594,53459500,0.0,0.0
2022-03-09 00:00:00+07:00,190.96012890576367,198.75441988150914,188.62184161304003,195.63670349121094,34220000,0.0,0.0
2022-03-10 00:00:00+07:00,197.97500575540636,207.32815563361453,194.07785997281962,204.9898681640625,77326000,0.0,0.0
2022-03-11 00:00:00+07:00,204.2104339023806,208.88700872457252,201.87214649128464,206.54872131347656,52843500,0.0,0.0
2022-03-14 00:00:00+07:00,206.5487003700406,210.44584566004136,197.97498073203892,198.75440979003906,44697000,0.0,0.0
2022-03-15 00:00:00+07:00,198.7544200021469,202.6515654923851,195.63670360995636,200.3132781982422,33419000,0.0,0.0
2022-03-16 00:00:00+07:00,200.3132631742037,208.10755357008713,198.75440509502704,202.65155029296875,30509500,0.0,0.0
2022-03-17 00:00:00+07:00,203.43097442161036,205.76926148392772,201.87211638006545,204.2104034423828,16096000,0.0,0.0
2022-03-18 00:00:00+07:00,204.98981935797187,220.57839877682903,203.43096141608615,215.90182495117188,146838000,0.0,0.0
2022-03-21 00:00:00+07:00,218.24012671889415,224.47555891086256,208.88697843094153,211.2252655029297,79936000,0.0,0.0
2022-03-22 00:00:00+07:00,212.00469452692573,215.90183964690598,207.32812038294944,211.2252655029297,38527000,0.0,0.0
2022-03-23 00:00:00+07:00,211.22527642501026,228.37271583958676,211.22527642501026,222.1372833251953,128196500,0.0,0.0
2022-03-24 00:00:00+07:00,222.91672246919262,224.47558066827787,215.12243147376628,216.68128967285156,41590500,0.0,0.0
2022-03-25 00:00:00+07:00,216.68128443808453,219.79900076093466,213.56356811523438,213.56356811523438,35005000,0.0,0.0
2022-03-28 00:00:00+07:00,213.5635683332171,218.24014282226562,211.2252810886928,218.24014282226562,37277500,0.0,0.0
2022-03-29 00:00:00+07:00,218.24015797434987,224.4755910593313,216.68129970310451,222.91673278808594,40620500,0.0,0.0
2022-03-30 00:00:00+07:00,226.03443924001226,238.50530485325433,224.475581038357,233.04930114746094,124040000,0.0,0.0
2022-03-31 00:00:00+07:00,241.6230015815059,248.63786291774315,232.2698531331895,246.29957580566406,173912000,0.0,0.0
2022-04-01 00:00:00+07:00,247.07901000976562,252.53501338537558,239.28471947317996,247.07901000976562,88264000,0.0,0.0
2022-04-04 00:00:00+07:00,247.07902103490224,269.6824645996094,247.07902103490224,269.6824645996094,101259000,0.0,0.0
2022-04-05 00:00:00+07:00,270.461872652217,280.59445001382744,260.3292952906065,264.2264404296875,86190500,0.0,0.0
2022-04-06 00:00:00+07:00,264.22646106621596,278.25618466265223,261.88817380014325,272.020751953125,49768500,0.0,0.0
2022-04-07 00:00:00+07:00,272.8001703614713,272.8001703614713,263.4470216633637,265.7853088378906,37146000,0.0,0.0
2022-04-08 00:00:00+07:00,266.5647483322887,276.6973264852704,257.99102835668873,272.020751953125,49515500,0.0,0.0
2022-04-11 00:00:00+07:00,272.0207252403358,302.41845671418423,268.12358017958604,300.0801696777344,86156500,0.0,0.0
2022-04-12 00:00:00+07:00,300.0801687037691,309.43331681921126,288.3887335594664,293.0653076171875,59261000,0.0,0.0
2022-04-13 00:00:00+07:00,293.06530793927277,303.9773140859478,289.9475918973656,295.4035949707031,40905000,0.0,0.0
2022-04-14 00:00:00+07:00,296.1830647786458,303.1979268391927,293.8447774251302,296.9624938964844,27104500,0.0,0.0
2022-04-18 00:00:00+07:00,296.9624523336702,300.0801683686694,290.7270202636719,290.7270202636719,31475500,0.0,0.0
2022-04-19 00:00:00+07:00,291.5064586292614,292.2858876630294,279.0355940889721,282.9327392578125,53063000,0.0,0.0
2022-04-20 00:00:00+07:00,282.9327591947976,282.9327591947976,263.44703197752506,272.020751953125,94358500,0.0,0.0
2022-04-21 00:00:00+07:00,272.0207819592353,286.829936277933,268.90306526056213,279.03564453125,44678500,0.0,0.0
2022-04-22 00:00:00+07:00,279.8150044813513,300.85958699109085,276.6972885539825,291.5064392089844,122525000,0.0,0.0
2022-04-25 00:00:00+07:00,293.0653072899213,299.3007393599196,281.37387215867443,290.7270202636719,73108000,0.0,0.0
2022-04-26 00:00:00+07:00,291.50649007161456,291.50649007161456,280.594482421875,285.27105712890625,39163000,0.0,0.0
2022-04-27 00:00:00+07:00,286.82987554022606,293.0653076171875,283.7121595017453,293.0653076171875,24931000,0.0,0.0
2022-04-28 00:00:00+07:00,293.06531005859375,316.4481805419922,290.7270230102539,311.7716064453125,109077000,0.0,0.0
2022-05-09 00:00:00+07:00,322.6836379394531,389.71453857421875,318.0070634765625,389.71453857421875,232594000,0.0,0.0
2022-05-10 00:00:00+07:00,397.50885009765625,462.98089599609375,367.89054361979163,439.5980224609375,292073000,0.0,0.0
2022-05-11 00:00:00+07:00,441.15693480986397,470.7752449207736,409.9797662720644,414.6563415527344,186111500,0.0,0.0
2022-05-12 00:00:00+07:00,411.53860439343396,439.5980546929863,392.83230419373245,416.2151794433594,82577500,0.0,0.0
2022-05-13 00:00:00+07:00,416.2150790270637,433.36251673978916,400.62649928822236,424.0093688964844,92438000,0.0,0.0
2022-05-17 00:00:00+07:00,470.7751757540224,470.7751757540224,411.53856423530436,419.3328552246094,71110500,0.0,0.0
2022-05-18 00:00:00+07:00,419.3328653971354,425.56829833984375,409.9797159830729,411.53857421875,38781500,0.0,0.0
2022-05-19 00:00:00+07:00,411.53856376915127,428.6860039261992,397.5088400042938,400.6265563964844,74937000,0.0,0.0
2022-05-20 00:00:00+07:00,400.6265084725839,436.4802426938657,400.6265084725839,420.89166259765625,97420000,0.0,0.0
2022-05-23 00:00:00+07:00,422.45059150749154,455.186615203644,417.77401669375547,445.8334655761719,96771500,0.0,0.0
2022-05-24 00:00:00+07:00,450.50993824005127,522.2174024581909,442.71564865112305,498.83453369140625,269182000,0.0,0.0
2022-05-25 00:00:00+07:00,497.2757667467909,519.0997815883428,477.01061010820695,484.8049011230469,111864500,0.0,0.0
2022-05-27 00:00:00+07:00,484.8049414256262,503.5112414163256,480.1283664279514,491.0403747558594,57997000,0.0,0.0
2022-05-30 00:00:00+07:00,506.62890764908667,556.5123693253045,491.0403258752686,544.04150390625,162420000,0.0,0.0
2022-05-31 00:00:00+07:00,559.6300648716518,567.42435546875,530.0117606026786,545.600341796875,84508500,0.0,0.0
2022-06-02 00:00:00+07:00,547.159165354706,615.7489182766635,545.6003073337524,590.8071899414062,142768500,0.0,0.0
2022-06-03 00:00:00+07:00,593.9249877929688,617.307861328125,583.0129801432291,593.9249877929688,94808000,0.0,0.0
2022-06-06 00:00:00+07:00,593.9249482446787,615.7489620909399,584.571799453424,611.0723876953125,88853000,0.0,0.0
2022-06-07 00:00:00+07:00,615.7489403088888,636.0140953063965,595.4837853113811,598.6015014648438,92523000,0.0,0.0
2022-06-08 00:00:00+07:00,592.3661295572916,603.2781372070312,592.3661295572916,593.9249877929688,33808500,0.0,0.0
2022-06-09 00:00:00+07:00,593.9249453191887,601.7192359401755,558.0712084626498,568.9832153320312,92619500,0.0,0.0
2022-06-10 00:00:00+07:00,561.18896484375,568.9832560221354,542.482666015625,556.5123901367188,87205000,0.0,0.0
2022-06-13 00:00:00+07:00,551.8358369286381,554.9535535214553,519.0998127040579,522.217529296875,86894000,0.0,0.0
2022-06-14 00:00:00+07:00,528.4529624825094,548.7181203358209,500.39351314715486,522.217529296875,99566500,0.0,0.0
2022-06-15 00:00:00+07:00,528.452820701721,534.6882522144257,486.36365799096444,487.9225158691406,92572000,0.0,0.0
2022-06-16 00:00:00+07:00,487.92260799052553,522.2174877853868,487.92260799052553,501.95233154296875,64726000,0.0,0.0
2022-06-17 00:00:00+07:00,497.2757570254877,514.4231969229184,491.04032433551293,501.95233154296875,34127000,0.0,0.0
2022-06-20 00:00:00+07:00,508.18781641400045,515.9821080767919,487.9226580907428,491.0403747558594,46137500,0.0,0.0
2022-06-21 00:00:00+07:00,492.5991240710747,517.5408518721418,491.040266083508,511.305419921875,42823000,0.0,0.0
2022-06-22 00:00:00+07:00,517.5409130706308,525.3352039301283,491.0403241483395,497.2757568359375,60249500,0.0,0.0
2022-06-23 00:00:00+07:00,501.95225262882735,503.511110556246,462.9808044433594,462.9808044433594,123769500,0.0,0.0
2022-06-24 00:00:00+07:00,448.9511416720361,470.7751555033156,433.36256036397924,453.6277160644531,121755500,0.0,0.0
2022-06-27 00:00:00+07:00,455.18658636815803,505.07004788795615,455.18658636815803,501.95233154296875,141287500,0.0,0.0
2022-06-28 00:00:00+07:00,506.6288232803345,511.3053970336914,487.92252826690674,498.83453369140625,51675000,0.0,0.0
2022-06-29 00:00:00+07:00,501.95232990444106,505.07004623925127,464.53973388671875,464.53973388671875,137316500,0.0,0.0
2022-06-30 00:00:00+07:00,436.4802957438736,436.4802957438736,433.3625793457031,433.3625793457031,16645500,0.0,0.0
2022-07-01 00:00:00+07:00,403.7442626953125,403.7442626953125,403.7442626953125,403.7442626953125,16753000,0.0,0.0
2022-07-04 00:00:00+07:00,375.68475341796875,375.68475341796875,375.68475341796875,375.68475341796875,8239000,0.0,0.0
2022-07-05 00:00:00+07:00,350.74310302734375,380.3614095052083,350.74310302734375,374.1259765625,220127000,0.0,0.0
2022-07-06 00:00:00+07:00,377.243682043893,380.36139842442105,349.1842346191406,349.1842346191406,256019500,0.0,0.0
2022-07-07 00:00:00+07:00,342.94877342911747,375.6847927109878,335.15448312391027,363.21392822265625,184682000,0.0,0.0
2022-07-08 00:00:00+07:00,366.40006336739395,411.0052884729897,366.40006336739395,391.8887634277344,151589500,10.0,0.0
2022-07-11 00:00:00+07:00,391.88869778380104,396.6678282445791,377.55130640146683,390.295654296875,48208000,0.0,0.0
2022-07-12 00:00:00+07:00,390.29569857728245,423.7496155981924,385.5165675742953,406.22613525390625,85855000,0.0,0.0
2022-07-13 00:00:00+07:00,409.4122044536697,418.9704660362457,396.66785567690175,399.85394287109375,50742500,0.0,0.0
2022-07-14 00:00:00+07:00,399.85400654498795,428.5287958589712,398.2609626942111,423.7496643066406,85525000,0.0,0.0
2022-07-15 00:00:00+07:00,425.3426995710893,436.49400630141747,417.3774804779977,420.5635681152344,51114000,0.0,0.0
2022-07-18 00:00:00+07:00,422.1565856933594,436.49397916973766,417.37745453456665,422.1565856933594,42253000,0.0,0.0
2022-07-19 00:00:00+07:00,422.15656849875376,428.52874311760286,418.97048118932923,426.9356994628906,26188500,0.0,0.0
2022-07-20 00:00:00+07:00,431.71480981709726,449.2382891823669,425.34263550245373,441.2730712890625,67439000,0.0,0.0
2022-07-21 00:00:00+07:00,441.27310619765905,449.2383247210825,438.08701878828964,442.86614990234375,28560500,0.0,0.0
2022-07-22 00:00:00+07:00,442.86615438394614,458.79659159200173,442.86615438394614,455.6105041503906,45127000,0.0,0.0
2022-07-25 00:00:00+07:00,457.2035851729544,461.9827167252849,423.7496643066406,423.7496643066406,106326000,0.0,0.0
2022-07-26 00:00:00+07:00,395.0748043060303,415.78437066078186,395.0748043060303,407.81915283203125,100407500,0.0,0.0
2022-07-27 00:00:00+07:00,407.81915283203125,415.78437066078186,401.44697856903076,407.81915283203125,45692000,0.0,0.0
2022-07-28 00:00:00+07:00,409.4121931236209,425.3426286537229,409.4121931236209,417.3774108886719,38053500,0.0,0.0
2022-07-29 00:00:00+07:00,420.56351521024374,430.1217769195675,406.22612264625815,412.5982971191406,58589000,0.0,0.0
2022-08-01 00:00:00+07:00,412.59826983038477,474.72696683187127,412.59826983038477,466.7617492675781,202625500,0.0,0.0
2022-08-02 00:00:00+07:00,476.31996735338413,498.62257452043224,468.35475050800983,473.1338806152344,156206000,0.0,0.0
2022-08-03 00:00:00+07:00,476.320068359375,482.69224318692517,455.61050016983694,476.320068359375,74668000,0.0,0.0
2022-08-04 00:00:00+07:00,477.91300110897777,481.09908778303765,466.7616977497683,469.9477844238281,37191000,0.0,0.0
2022-08-05 00:00:00+07:00,471.5409989030394,477.9131745638913,461.98273541176155,465.1688232421875,31233500,0.0,0.0
2022-08-08 00:00:00+07:00,469.9478615208676,471.54090511924346,452.4243819387336,454.0174255371094,40574000,0.0,0.0
2022-08-09 00:00:00+07:00,454.01744274382895,463.5757046963306,446.0522244500776,449.2383117675781,51098000,0.0,0.0
2022-08-10 00:00:00+07:00,452.4818544699929,458.9690495161577,444.37286066228694,445.9946594238281,42097000,10.0,0.0
2022-08-11 00:00:00+07:00,449.2382415771484,457.34723510742185,433.02025451660154,437.8856506347656,63497000,0.0,0.0
2022-08-12 00:00:00+07:00,437.885714959921,441.129312848513,424.911323405553,436.263916015625,41107000,0.0,0.0
2022-08-15 00:00:00+07:00,436.2638835026668,442.75107879638676,421.6676940917969,421.6676940917969,50326000,0.0,0.0
2022-08-16 00:00:00+07:00,421.66769093480605,424.91128855738145,413.55869687836747,423.28948974609375,41813500,0.0,0.0
2022-08-18 00:00:00+07:00,424.9113062444723,436.2638983960422,420.0459096080852,429.7767028808594,54600000,0.0,0.0
2022-08-19 00:00:00+07:00,431.3985357573538,434.642133770567,423.28954072432083,428.1549377441406,25931500,0.0,0.0
2022-08-22 00:00:00+07:00,429.7766794800287,431.3984782705194,398.9625024607059,410.3150939941406,54238000,0.0,0.0
2022-08-23 00:00:00+07:00,410.31510674043835,411.93690558130965,400.58431369521054,403.8279113769531,41756500,0.0,0.0
2022-08-24 00:00:00+07:00,403.8279622395833,418.4241536458333,403.8279622395833,408.693359375,35995000,0.0,0.0
2022-08-25 00:00:00+07:00,413.55870442218094,413.55870442218094,398.96251485433925,403.8279113769531,24447500,0.0,0.0
2022-08-26 00:00:00+07:00,403.82790292787155,405.44970173481084,390.85351247235764,392.4753112792969,49129000,0.0,0.0
2022-08-29 00:00:00+07:00,392.4752958351784,405.44968578014294,379.5009058902138,400.58428955078125,49881000,0.0,0.0
2022-08-30 00:00:00+07:00,405.44969980953306,428.1548829988669,402.20610221105676,424.9112854003906,74317500,0.0,0.0
2022-08-31 00:00:00+07:00,424.9112981751908,428.15489587118464,413.5587062392124,418.4241027832031,37885000,0.0,0.0
2022-09-01 00:00:00+07:00,420.04595269097223,420.04595269097223,407.0715603298611,408.693359375,25207500,0.0,0.0
2022-09-02 00:00:00+07:00,408.6933046875,416.802298828125,405.44970703125,405.44970703125,21874500,0.0,0.0
2022-09-05 00:00:00+07:00,389.2317044005102,405.44969208386476,389.2317044005102,397.3406982421875,38526500,0.0,0.0
2022-09-06 00:00:00+07:00,397.3406920645401,408.69328326638407,381.12270463333437,400.58428955078125,71158500,0.0,0.0
2022-09-07 00:00:00+07:00,402.2061529392149,408.69334895436356,394.09715792027913,398.9625549316406,27231000,0.0,0.0
2022-09-08 00:00:00+07:00,400.5842957788584,403.8278933155293,392.4753019371811,397.3406982421875,25101500,0.0,0.0
2022-09-09 00:00:00+07:00,397.34070136898856,402.20609771228226,392.4753050256948,395.7189025878906,20861000,0.0,0.0
2022-09-12 00:00:00+07:00,395.7189140625,405.44970703125,394.097115234375,405.44970703125,44624000,0.0,0.0
2022-09-13 00:00:00+07:00,407.07151857771964,436.2638983960422,407.07151857771964,429.7767028808594,128334000,0.0,0.0
2022-09-14 00:00:00+07:00,429.7767028808594,436.2638983960422,415.18051297169814,429.7767028808594,74782000,0.0,0.0
2022-09-15 00:00:00+07:00,431.39852845900714,433.02032743817637,416.8023376464844,416.8023376464844,53255000,0.0,0.0
2022-09-16 00:00:00+07:00,416.8023039352062,421.667700479197,407.0715108472248,418.4241027832031,40522500,0.0,0.0
2022-09-19 00:00:00+07:00,418.4241042598601,423.28950082102125,398.96251801521544,402.20611572265625,44384000,0.0,0.0
2022-09-20 00:00:00+07:00,402.20609771228226,405.44969527447813,392.4753050256948,395.7189025878906,24364000,0.0,0.0
2022-09-21 00:00:00+07:00,395.7189025878906,402.20609771228226,387.60990868240106,395.7189025878906,21974500,0.0,0.0
2022-09-22 00:00:00+07:00,395.71889947385205,400.5842957788584,390.85350316884563,397.3406982421875,18555500,0.0,0.0
2022-09-23 00:00:00+07:00,398.96250015008644,407.071494055576,394.09710380679275,395.7189025878906,28086500,0.0,0.0
2022-09-26 00:00:00+07:00,395.71891854896705,395.71891854896705,384.3663266233819,387.60992431640625,34352500,0.0,0.0
2022-09-27 00:00:00+07:00,387.60993075471384,387.60993075471384,381.1227352609111,384.3663330078125,25365000,0.0,0.0
2022-09-28 00:00:00+07:00,384.3663701420337,384.3663701420337,366.5265808105469,366.5265808105469,57517500,0.0,0.0
2022-09-29 00:00:00+07:00,371.3919569622775,374.63555483967735,358.41756545267833,361.6611633300781,30530000,0.0,0.0
2022-09-30 00:00:00+07:00,361.66116006033764,369.77015468052457,340.57777404785156,363.282958984375,65204500,0.0,0.0
2022-10-03 00:00:00+07:00,369.7701525565905,384.3663427890875,360.0393590682592,379.5009460449219,36642000,0.0,0.0
2022-10-04 00:00:00+07:00,381.1227320823349,394.09712296173353,376.2573355025604,385.9881286621094,35723000,0.0,0.0
2022-10-05 00:00:00+07:00,385.9881068638393,411.9368871572066,385.9881068638393,397.3406982421875,62114000,0.0,0.0
2022-10-06 00:00:00+07:00,398.96251171875,411.93690234375,397.340712890625,405.44970703125,40510500,0.0,0.0
2022-10-07 00:00:00+07:00,405.44970703125,410.31510351562497,402.206109375,405.44970703125,27255000,0.0,0.0
2022-10-10 00:00:00+07:00,405.44969208386476,405.44969208386476,389.2317044005102,397.3406982421875,23414500,0.0,0.0
2022-10-11 00:00:00+07:00,398.96251624199135,410.31510816757645,387.60992431640625,387.60992431640625,22766000,0.0,0.0
2022-10-12 00:00:00+07:00,387.60991916408784,397.3407121138139,364.90473561472703,374.6355285644531,26697000,0.0,0.0
2022-10-13 00:00:00+07:00,374.63553354430894,392.4753208559427,366.52653931174814,387.60992431640625,23982000,0.0,0.0
2022-10-14 00:00:00+07:00,389.23173620345744,394.09713290600064,377.87914389752325,381.12274169921875,11977000,0.0,0.0
2022-10-17 00:00:00+07:00,381.12272710385525,381.12272710385525,358.41754336149796,373.01373291015625,28007000,0.0,0.0
2022-10-18 00:00:00+07:00,381.1227471487863,381.1227471487863,355.17396436418807,363.282958984375,19184500,0.0,0.0
2022-10-19 00:00:00+07:00,363.28293987771735,377.87912942637564,363.28293987771735,373.01373291015625,18826000,0.0,0.0
2022-10-20 00:00:00+07:00,374.635531748896,377.87912942637564,368.1483363939368,373.01373291015625,15679500,0.0,0.0
2022-10-21 00:00:00+07:00,373.01373291015625,384.36632478133487,373.01373291015625,373.01373291015625,18854500,0.0,0.0
2022-10-24 00:00:00+07:00,376.2573681212308,381.12276512279846,368.1483731186181,369.7701721191406,14590500,0.0,0.0
2022-10-25 00:00:00+07:00,371.3919437089155,376.2573403513904,368.1483459472656,368.1483459472656,13197000,0.0,0.0
2022-10-26 00:00:00+07:00,374.6355691207083,374.6355691207083,364.904775117573,369.7701721191406,12793500,0.0,0.0
2022-10-27 00:00:00+07:00,374.63552227757003,381.12271746852366,369.77012588435485,377.8791198730469,24514000,0.0,0.0
2022-10-28 00:00:00+07:00,377.87913751400976,389.23172962816454,373.0137408936577,384.3663330078125,24931000,0.0,0.0
2022-10-31 00:00:00+07:00,385.9881318812632,390.85352850161524,377.87913751400976,384.3663330078125,29658500,0.0,0.0
2022-11-01 00:00:00+07:00,398.9625755310059,410.31516914367677,387.609981918335,389.2317810058594,83208500,0.0,0.0
2022-11-02 00:00:00+07:00,390.8535168139965,392.47531563895086,371.39193091454445,374.6355285644531,47327500,0.0,0.0
2022-11-03 00:00:00+07:00,376.2573084039727,405.44968578014294,373.01371091773154,400.58428955078125,67615000,0.0,0.0
2022-11-04 00:00:00+07:00,405.4497102178244,416.8023021039235,395.71891717259666,403.8279113769531,70108000,0.0,0.0
2022-11-07 00:00:00+07:00,408.693303504357,424.91129173865687,400.58430938720704,421.6676940917969,75451500,0.0,0.0
2022-11-08 00:00:00+07:00,424.9112831085567,426.5330818990474,405.44969762266857,410.3150939941406,40462000,0.0,0.0
2022-11-09 00:00:00+07:00,411.9369469619379,416.80234397329934,392.475358916492,398.9625549316406,46673000,0.0,0.0
2022-11-10 00:00:00+07:00,398.96252622442734,398.96252622442734,379.5009395793333,382.7445373535156,48648000,0.0,0.0
2022-11-11 00:00:00+07:00,382.74455050764413,389.23174627896014,373.0137568506701,376.2573547363281,54254000,0.0,0.0
2022-11-14 00:00:00+07:00,377.87914713019995,385.9881417038094,374.6355493007562,379.5009460449219,29195500,0.0,0.0
2022-11-15 00:00:00+07:00,381.1227320823349,387.60992752203424,377.8791343624853,385.9881286621094,20664000,0.0,0.0
2022-11-16 00:00:00+07:00,387.6099373026097,390.8535351043052,377.87914389752325,381.12274169921875,22480000,0.0,0.0
2022-11-17 00:00:00+07:00,381.12273846642444,382.7445373535156,376.257341805151,382.7445373535156,11707500,0.0,0.0
2022-11-18 00:00:00+07:00,384.36634945047314,385.98814839330214,376.2573547363281,376.2573547363281,15906500,0.0,0.0
2022-11-21 00:00:00+07:00,376.2573210753085,379.50091867078527,374.63552227757003,377.8791198730469,10940500,0.0,0.0
2022-11-22 00:00:00+07:00,377.8791536791571,379.50095262198613,374.6355557934991,376.2573547363281,13171500,0.0,0.0
2022-11-23 00:00:00+07:00,376.25734499667556,385.98813840176194,376.25734499667556,381.12274169921875,12578000,0.0,0.0
2022-11-24 00:00:00+07:00,382.74451626626205,384.36631506400045,376.2573210753085,377.8791198730469,15635500,0.0,0.0
2022-11-25 00:00:00+07:00,381.12271746852366,382.74451626626205,376.2573210753085,377.8791198730469,11230000,0.0,0.0
2022-11-28 00:00:00+07:00,377.8791262143618,381.1227238642705,374.6355285644531,374.6355285644531,20224500,0.0,0.0
2022-11-29 00:00:00+07:00,374.6355657452579,377.8791637170783,366.52657081570686,371.3919677734375,18708000,0.0,0.0
2022-11-30 00:00:00+07:00,371.3919437089155,374.63554147056544,366.5265470664406,368.1483459472656,12917000,0.0,0.0
2022-12-01 00:00:00+07:00,368.1483557564872,371.39195360456193,363.282958984375,363.282958984375,22492000,0.0,0.0
2022-12-02 00:00:00+07:00,363.282958984375,369.77015468052457,361.66116006033764,363.282958984375,13694500,0.0,0.0
2022-12-05 00:00:00+07:00,363.28295572916664,369.7701513671875,363.28295572916664,364.9047546386719,11149500,0.0,0.0
2022-12-06 00:00:00+07:00,368.1483590848777,368.1483590848777,360.03936439137823,361.6611633300781,14557500,0.0,0.0
2022-12-07 00:00:00+07:00,361.66114891122237,363.28294778526373,342.1995624227261,353.5521545410156,34298500,0.0,0.0
2022-12-08 00:00:00+07:00,353.5521374870749,358.4175338745117,329.2251555498908,330.8469543457031,72285000,0.0,0.0
2022-12-09 00:00:00+07:00,332.4687969747014,332.4687969747014,308.14181183021105,309.76361083984375,92160000,0.0,0.0
2022-12-12 00:00:00+07:00,309.76360795509754,332.4687938785078,299.22191449065707,325.9815979003906,46573500,0.0,0.0
2022-12-13 00:00:00+07:00,327.6033793028236,332.46877602514274,317.06168640446543,319.494384765625,28225000,0.0,0.0
2022-12-14 00:00:00+07:00,320.30529454613213,329.225188824632,318.6834955864049,321.9270935058594,15761500,0.0,0.0
2022-12-15 00:00:00+07:00,321.9270661559286,325.9815632107892,318.6834685120402,320.3052673339844,9762000,0.0,0.0
2022-12-16 00:00:00+07:00,320.3052673339844,324.35976438884495,317.87256910106805,320.3052673339844,9414000,0.0,0.0
2022-12-19 00:00:00+07:00,321.1161804199219,325.981577092951,319.4943815289122,321.1161804199219,6340500,0.0,0.0
2022-12-20 00:00:00+07:00,321.92704160256153,322.73794095168637,317.0616455078125,317.0616455078125,7900500,0.0,0.0
2022-12-21 00:00:00+07:00,317.06168319239765,322.7379793109316,317.06168319239765,321.1161804199219,9219000,0.0,0.0
2022-12-22 00:00:00+07:00,321.9270874767769,340.57777516434834,321.1161880120998,332.4687805175781,29521500,0.0,0.0
2022-12-23 00:00:00+07:00,332.4687938785078,335.71239186756645,325.9815979003906,325.9815979003906,10498000,0.0,0.0
2022-12-26 00:00:00+07:00,325.9815909051775,329.225188824632,321.11619402599575,321.9270935058594,13343000,0.0,0.0
2022-12-27 00:00:00+07:00,321.92708312678457,323.5488820342243,317.8725858581853,319.494384765625,8850500,0.0,0.0
2022-12-28 00:00:00+07:00,320.30529080904444,321.92708974984976,316.25079345703125,316.25079345703125,9930000,0.0,0.0
2022-12-29 00:00:00+07:00,316.2507830479348,319.49438082278544,312.19628582937156,313.8180847167969,9211000,0.0,0.0
2022-12-30 00:00:00+07:00,314.6290011232999,315.43990061073106,309.76360419871276,313.0072021484375,11388500,0.0,0.0
2023-01-02 00:00:00+07:00,313.00717480977374,313.00717480977374,309.7635771433512,311.3853759765625,7207500,0.0,0.0
2023-01-03 00:00:00+07:00,312.19628968214624,321.1161836730647,311.3853902284264,319.494384765625,10366500,0.0,0.0
2023-01-04 00:00:00+07:00,319.49438082278544,321.11617971021076,313.8180847167969,313.8180847167969,10430500,0.0,0.0
2023-01-05 00:00:00+07:00,313.8180789842131,313.8180789842131,292.73469383281895,293.54559326171875,29352500,0.0,0.0
2023-01-06 00:00:00+07:00,293.5456138279127,299.22191022789997,283.8148199993631,298.4110107421875,14083500,0.0,0.0
2023-01-09 00:00:00+07:00,300.03282335069446,312.1963161892361,298.41102430555554,306.52001953125,17583000,0.0,0.0
2023-01-10 00:00:00+07:00,306.519978515625,308.95267675781247,301.65458203125,304.0872802734375,6444000,0.0,0.0
2023-01-11 00:00:00+07:00,304.08725584292347,307.3308532385813,298.41096040052224,300.8436584472656,8865000,0.0,0.0
2023-01-12 00:00:00+07:00,300.8436857739978,306.51998173199775,300.03278635142635,302.4654846191406,6011000,0.0,0.0
2023-01-13 00:00:00+07:00,302.46547830515897,308.14177414466593,301.6545788995151,305.7090759277344,10043500,0.0,0.0
2023-01-16 00:00:00+07:00,305.7090759277344,308.14177414466593,304.08727711644667,305.7090759277344,5529500,0.0,0.0
2023-01-17 00:00:00+07:00,305.709113315762,314.62900786874184,304.89821381094566,309.76361083984375,11269500,0.0,0.0
2023-01-18 00:00:00+07:00,309.76356042639003,314.6289566634538,305.7090635621703,312.1962585449219,11120000,0.0,0.0
2023-01-19 00:00:00+07:00,311.3853591720779,313.8180572906098,311.3853591720779,312.1962585449219,4628000,0.0,0.0
2023-01-20 00:00:00+07:00,312.19627418140374,327.6033630371094,311.38537476794556,327.6033630371094,24509500,0.0,0.0
2023-01-24 00:00:00+07:00,332.468783347529,332.468783347529,321.11619074541824,323.54888916015625,13341500,0.0,0.0
2023-01-25 00:00:00+07:00,323.5489063878213,351.9303894042969,318.68350929928266,351.9303894042969,51333500,0.0,0.0
2023-01-26 00:00:00+07:00,353.5522010803223,394.09717826843263,353.5522010803223,389.2317810058594,154453500,0.0,0.0
2023-01-27 00:00:00+07:00,390.8535384479751,397.3407341068626,369.7701525565905,379.5009460449219,96568500,0.0,0.0
2023-01-30 00:00:00+07:00,382.74457111189855,384.3663701420337,364.9047817804117,366.5265808105469,52643500,0.0,0.0
2023-01-31 00:00:00+07:00,369.7701787289386,382.74457096504176,348.6867913452711,351.9303894042969,62795700,0.0,5.0
2023-02-01 00:00:00+07:00,351.9303507486979,353.5521496000744,335.71236223493304,340.5777587890625,39358000,0.0,0.0
2023-02-02 00:00:00+07:00,340.57776354868474,366.52654553334645,340.57776354868474,353.5521545410156,61315400,0.0,0.0
2023-02-03 00:00:00+07:00,356.79577233656397,358.41757130173016,342.1995816500682,343.8213806152344,29919400,0.0,0.0
2023-02-06 00:00:00+07:00,343.82135327958383,351.93034746070606,334.0905602622371,342.1995544433594,22609200,0.0,0.0
2023-02-07 00:00:00+07:00,342.1995816500682,351.9303754410654,342.1995816500682,343.8213806152344,18746300,0.0,0.0
2023-02-08 00:00:00+07:00,345.44317298960465,348.68677085805166,343.82137405538117,347.0649719238281,10545600,0.0,0.0
2023-02-09 00:00:00+07:00,347.06497854556676,351.9303754410654,343.8213806152344,343.8213806152344,9812800,0.0,0.0
2023-02-10 00:00:00+07:00,343.821386840213,343.821386840213,324.3597989058613,325.9815979003906,49358200,0.0,0.0
2023-02-13 00:00:00+07:00,325.9815579582663,332.4687531415154,314.6289663875804,330.8469543457031,19644400,0.0,0.0
2023-02-14 00:00:00+07:00,330.846988170605,337.33418401708747,329.2251892089844,329.2251892089844,17323500,0.0,0.0
2023-02-15 00:00:00+07:00,329.2251892089844,332.4687871322256,325.98159128574315,329.2251892089844,12473000,0.0,0.0
2023-02-16 00:00:00+07:00,330.846988170605,335.7123850554668,329.2251892089844,329.2251892089844,10570600,0.0,0.0
2023-02-17 00:00:00+07:00,330.8469606909421,330.8469606909421,325.98156421019297,327.6033630371094,5791900,0.0,0.0
2023-02-20 00:00:00+07:00,329.22519588944925,330.84699488397854,324.3597989058613,325.9815979003906,9382800,0.0,0.0
2023-02-21 00:00:00+07:00,327.60335888213393,347.06494455830034,325.9815600757868,345.4431457519531,44327500,0.0,0.0
2023-02-22 00:00:00+07:00,347.06490101100167,350.30849821671194,332.4687135853053,335.7123107910156,33540200,0.0,0.0
2023-02-23 00:00:00+07:00,337.33410939387073,343.82130380529134,332.4687135853053,335.7123107910156,18858700,0.0,0.0
2023-02-24 00:00:00+07:00,337.3341369628906,340.5777344336876,334.09053949209357,337.3341369628906,9092400,0.0,0.0
2023-02-27 00:00:00+07:00,337.33410939387073,345.4431024081465,334.09051218816046,335.7123107910156,18456300,0.0,0.0
2023-02-28 00:00:00+07:00,337.3341338965311,340.5777313378439,334.0905364552183,338.9559326171875,16437700,0.0,0.0
2023-03-01 00:00:00+07:00,338.9559079967259,342.1995052024362,335.7123107910156,335.7123107910156,9385400,0.0,0.0
2023-03-02 00:00:00+07:00,338.9559079967259,338.9559079967259,335.7123107910156,335.7123107910156,10371500,0.0,0.0
2023-03-03 00:00:00+07:00,332.4687135853053,342.1995052024362,332.4687135853053,335.7123107910156,11309000,0.0,0.0
2023-03-06 00:00:00+07:00,335.71235291386995,350.3085421709947,334.09055410752273,345.4431457519531,41061500,0.0,0.0
2023-03-07 00:00:00+07:00,345.44315534319196,348.68675304594495,338.955959937686,340.5777587890625,17192400,0.0,0.0
2023-03-08 00:00:00+07:00,340.5777819403287,340.5777819403287,324.35979232412257,329.2251892089844,24971800,0.0,0.0
2023-03-09 00:00:00+07:00,329.2251892089844,334.09058609384624,327.6033902473638,329.2251892089844,10118700,0.0,0.0
2023-03-10 00:00:00+07:00,330.8469606909421,332.46875951785853,324.3597653832766,327.6033630371094,11812400,0.0,0.0
2023-03-13 00:00:00+07:00,327.60338604266826,327.60338604266826,314.62899451622593,316.25079345703125,23019900,0.0,0.0
2023-03-14 00:00:00+07:00,316.2507924725933,316.2507924725933,296.7892052435106,301.65460205078125,50513200,0.0,0.0
2023-03-15 00:00:00+07:00,301.65458103867826,309.76357515262123,290.30198927915814,296.7891845703125,29058100,0.0,0.0
2023-03-16 00:00:00+07:00,296.78918580512783,296.78918580512783,278.9493986802294,280.5711975097656,34288500,0.0,0.0
2023-03-17 00:00:00+07:00,282.19300435384116,293.5455964830187,282.19300435384116,291.9237976074219,18541100,0.0,0.0
2023-03-20 00:00:00+07:00,293.54558157784595,295.1673803710937,280.57119123186385,283.8147888183594,13324000,0.0,0.0
2023-03-21 00:00:00+07:00,293.5456105825063,304.8982032569679,291.9238116290118,300.0328063964844,41647500,0.0,0.0
2023-03-24 00:00:00+07:00,304.8981966232871,309.76359337791405,301.65459878686914,303.2763977050781,32514500,0.0,0.0
2023-03-27 00:00:00+07:00,304.89820662788725,306.5200055993122,296.78921177076256,298.4110107421875,17765700,0.0,0.0
2023-03-28 00:00:00+07:00,298.4110041792675,303.27640098653814,298.4110041792675,301.65460205078125,13975200,0.0,0.0
2023-03-29 00:00:00+07:00,301.6545955576795,309.7635900619182,301.6545955576795,304.898193359375,20266300,0.0,0.0
2023-03-30 00:00:00+07:00,304.8981966232871,306.5199955414961,301.65459878686914,303.2763977050781,8255400,0.0,0.0
2023-03-31 00:00:00+07:00,301.65459878686914,309.76359337791405,301.65459878686914,303.2763977050781,19429700,0.0,0.0
2023-04-03 00:00:00+07:00,306.5199988580519,306.5199988580519,301.65460205078125,301.65460205078125,7294500,0.0,0.0
2023-04-04 00:00:00+07:00,303.2764076564623,304.89820662788725,295.1674127993376,298.4110107421875,21006900,0.0,0.0
2023-04-05 00:00:00+07:00,298.4109833931011,300.0327822158897,296.7891845703125,296.7891845703125,8471700,0.0,0.0
2023-04-06 00:00:00+07:00,296.7891845703125,300.0327822158897,296.7891845703125,296.7891845703125,9818300,0.0,0.0
2023-04-10 00:00:00+07:00,296.7891845703125,301.65458103867826,295.1673857475239,296.7891845703125,9049400,0.0,0.0
2023-04-11 00:00:00+07:00,298.4110107421875,300.03280971361244,296.78921177076256,298.4110107421875,5326700,0.0,0.0
2023-04-12 00:00:00+07:00,300.0327822158897,300.0327822158897,296.7891845703125,296.7891845703125,6938100,0.0,0.0
2023-04-13 00:00:00+07:00,298.4110107421875,298.4110107421875,295.1674127993376,298.4110107421875,6097300,0.0,0.0
2023-04-14 00:00:00+07:00,298.4109865964114,298.4109865964114,295.1673889160156,295.1673889160156,7100700,0.0,0.0
2023-04-17 00:00:00+07:00,296.7892287270317,296.7892287270317,287.0584343425389,290.3020324707031,13199600,0.0,0.0
2023-04-18 00:00:00+07:00,290.3020052106193,291.9238041224105,278.9494128280811,288.6802062988281,29375400,0.0,0.0
2023-04-26 00:00:00+07:00,290.3020165003643,313.0072021484375,287.05841855063954,313.0072021484375,51469000,0.0,0.0
2023-04-27 00:00:00+07:00,313.0072021484375,317.8725990730246,308.1418052238504,313.0072021484375,28542200,0.0,0.0
2023-04-28 00:00:00+07:00,313.0072021484375,316.25080009816224,313.0072021484375,313.0072021484375,12816700,0.0,0.0
2023-05-02 00:00:00+07:00,316.2508138020833,316.2508138020833,301.6546223958333,306.52001953125,22015700,0.0,0.0
2023-05-03 00:00:00+07:00,311.38537397540983,311.38537397540983,295.1673857475239,296.7891845703125,29113600,0.0,0.0
2023-05-04 00:00:00+07:00,296.7891845703125,301.65458103867826,293.5455869247353,296.7891845703125,17519000,0.0,0.0
2023-05-05 00:00:00+07:00,298.4109833931011,301.65458103867826,296.7891845703125,296.7891845703125,14474700,0.0,0.0
2023-05-08 00:00:00+07:00,296.7891926012541,309.76358353464224,295.16739373458057,308.14178466796875,24302100,0.0,0.0
2023-05-09 00:00:00+07:00,308.14179445970507,311.38539229612303,303.2763977050781,303.2763977050781,12323700,0.0,0.0
2023-05-10 00:00:00+07:00,306.51999226022275,308.1417911610705,303.27639445852725,304.898193359375,10156600,0.0,0.0
2023-05-11 00:00:00+07:00,306.5199858012952,308.14178466796875,300.03279033460115,308.14178466796875,17025200,0.0,0.0
2023-05-12 00:00:00+07:00,308.14181857638886,309.76361762152777,301.6546223958333,306.52001953125,12643300,0.0,0.0
2023-05-15 00:00:00+07:00,306.5199858012952,314.6289801346628,304.8981869346217,308.14178466796875,23341900,0.0,0.0
2023-05-16 00:00:00+07:00,308.14179445970507,313.007191214332,301.65459878686914,303.2763977050781,16674100,0.0,0.0
2023-05-17 00:00:00+07:00,303.2764043034734,304.8982032569679,300.0328063964844,300.0328063964844,11132300,0.0,0.0
2023-05-19 00:00:00+07:00,300.0327919854058,303.2763897365994,290.3019987318251,291.9237976074219,28561300,0.0,0.0
2023-05-22 00:00:00+07:00,291.9238041224105,295.1674019459928,287.058407387037,288.6802062988281,12316000,0.0,0.0
2023-05-23 00:00:00+07:00,288.68019355522404,300.0327854366093,288.68019355522404,295.1673889160156,12260400,0.0,0.0
2023-05-24 00:00:00+07:00,296.78919097731784,296.78919097731784,291.9237944039192,293.54559326171875,0,0.0,0.0
2023-05-25 00:00:00+07:00,295.1674296629496,296.7892287270317,290.3020324707031,290.3020324707031,8233600,0.0,0.0
2023-05-26 00:00:00+07:00,287.05841064453125,291.92380743511654,287.05841064453125,287.05841064453125,10119000,0.0,0.0
2023-05-29 00:00:00+07:00,287.0584139390425,288.6802128878507,283.81481604142624,285.4366149902344,10921600,0.0,0.0
2023-05-30 00:00:00+07:00,285.4366149902344,288.6802128878507,283.81481604142624,285.4366149902344,4331200,0.0,0.0
2023-05-31 00:00:00+07:00,285.43658761160714,288.68018519810266,283.8147888183594,283.8147888183594,7532000,0.0,0.0
2023-06-05 00:00:00+07:00,285.4366149902344,288.6802128878507,283.81481604142624,285.4366149902344,9441500,0.0,0.0
2023-06-06 00:00:00+07:00,287.0584009806315,291.9237976074219,283.8148032294379,291.9237976074219,12779000,0.0,0.0
2023-06-07 00:00:00+07:00,291.9237976074219,293.5455964830187,290.3019987318251,291.9237976074219,18849200,0.0,0.0
2023-06-08 00:00:00+07:00,291.92378810194674,298.4109833931011,290.30198927915814,296.7891845703125,22540100,0.0,0.0
2023-06-09 00:00:00+07:00,300.0327919854058,300.0327919854058,291.9237976074219,291.9237976074219,12455700,0.0,0.0
2023-06-12 00:00:00+07:00,293.5456105825063,308.1418011639569,290.3020126755173,300.0328063964844,34706400,0.0,0.0
2023-06-13 00:00:00+07:00,301.65459878686914,303.2763977050781,296.78920203224226,303.2763977050781,15174000,0.0,0.0
2023-06-14 00:00:00+07:00,303.27642144097223,309.76361762152777,301.6546223958333,306.52001953125,14782200,0.0,0.0
2023-06-15 00:00:00+07:00,306.52001953125,309.76361762152777,303.27642144097223,306.52001953125,6772800,0.0,0.0
2023-06-16 00:00:00+07:00,306.5199988580519,306.5199988580519,301.65460205078125,301.65460205078125,12393800,0.0,0.0
2023-06-19 00:00:00+07:00,304.8981869346217,309.76358353464224,301.6545892012747,308.14178466796875,11319600,0.0,0.0
2023-06-20 00:00:00+07:00,308.1417911610705,309.7635900619182,303.27639445852725,304.898193359375,6197000,0.0,0.0
2023-06-21 00:00:00+07:00,304.898193359375,309.7635900619182,303.27639445852725,304.898193359375,11518300,0.0,0.0
2023-06-22 00:00:00+07:00,306.51999226022275,308.1417911610705,304.898193359375,304.898193359375,5960800,0.0,0.0
2023-06-23 00:00:00+07:00,304.8981869346217,311.3853824013158,303.2763880679482,308.14178466796875,17167900,0.0,0.0
2023-06-26 00:00:00+07:00,308.1417911610705,311.38538896276594,304.898193359375,304.898193359375,13324400,0.0,0.0
2023-06-27 00:00:00+07:00,304.89821381094566,311.38540984947645,304.89821381094566,309.76361083984375,14205400,0.0,0.0
2023-07-03 00:00:00+07:00,313.00721571180554,316.2508138020833,304.8982204861111,306.52001953125,23881300,0.0,0.0
2023-07-04 00:00:00+07:00,308.14181183021105,309.76361083984375,306.52001282057836,309.76361083984375,12107600,0.0,0.0
2023-07-05 00:00:00+07:00,309.763614367001,329.2252027041948,308.14181533890155,322.7380065917969,66706900,0.0,0.0
2023-07-06 00:00:00+07:00,324.35978148794413,327.6033793028236,317.8725858581853,319.494384765625,30591200,0.0,0.0
2023-07-07 00:00:00+07:00,321.1161836730647,321.1161836730647,314.6289880433058,319.494384765625,31461000,0.0,0.0
2023-07-10 00:00:00+07:00,324.35978148794413,324.35978148794413,316.2507869507456,319.494384765625,55747800,0.0,0.0
2023-07-11 00:00:00+07:00,321.24984641697097,326.51623734183937,317.7389191337254,323.00531005859375,53647200,30.0,0.0
2023-07-12 00:00:00+07:00,324.7607747062308,326.5162383532915,319.49438376504867,321.2498474121094,22296200,0.0,0.0
2023-07-13 00:00:00+07:00,323.00531005859375,324.7607737002166,319.4943827753482,323.00531005859375,12014000,0.0,0.0
2023-07-14 00:00:00+07:00,323.00531005859375,324.7607737002166,321.24984641697097,323.00531005859375,7912700,0.0,0.0
2023-07-17 00:00:00+07:00,323.0053061627327,331.7826242649809,321.2498425422831,330.02716064453125,25131700,0.0,0.0
2023-07-18 00:00:00+07:00,331.7826262443296,333.538089875252,324.7607717206401,326.5162353515625,11343200,0.0,0.0
2023-07-20 00:00:00+07:00,328.2716951069079,338.8044767680921,326.51623149671053,333.5380859375,36011400,0.0,0.0
2023-07-21 00:00:00+07:00,335.29354954769735,338.8044767680921,330.02715871710524,333.5380859375,19151500,0.0,0.0
2023-07-24 00:00:00+07:00,333.5380859375,335.29354954769735,331.78262232730265,333.5380859375,12918700,0.0,0.0
2023-07-25 00:00:00+07:00,335.29354954769735,335.29354954769735,330.02715871710524,333.5380859375,18874300,0.0,0.0
2023-07-26 00:00:00+07:00,333.5380859375,338.8044767680921,331.78262232730265,333.5380859375,18216500,0.0,0.0
2023-07-27 00:00:00+07:00,335.29354763031006,340.55993843078613,333.53808403015137,337.04901123046875,26499300,0.0,0.0
2023-07-28 00:00:00+07:00,337.0490451388889,337.0490451388889,328.27172625506364,331.78265380859375,19389500,0.0,0.0
2023-07-31 00:00:00+07:00,331.7826282667077,333.5380919083305,321.24984641697097,323.00531005859375,31003200,0.0,0.0
2023-08-01 00:00:00+07:00,323.00530712107286,328.2716979980469,319.49437986975687,328.2716979980469,20184300,0.0,0.0
2023-08-02 00:00:00+07:00,328.27169898248485,330.02716261340726,324.7607717206401,326.5162353515625,7487600,0.0,0.0
2023-08-03 00:00:00+07:00,326.5162363413218,326.5162363413218,323.00530906883444,324.7607727050781,8056800,0.0,0.0
2023-08-04 00:00:00+07:00,324.7607707467309,328.2716979980469,324.7607707467309,328.2716979980469,6595200,0.0,0.0
2023-08-07 00:00:00+07:00,328.2716979980469,330.0271616237049,324.7607707467309,328.2716979980469,6227700,0.0,0.0
2023-08-08 00:00:00+07:00,328.2716979980469,330.0271616237049,324.7607707467309,328.2716979980469,16457800,0.0,0.0
2023-08-09 00:00:00+07:00,331.8206063359161,331.8206063359161,324.72283935546875,324.72283935546875,13759300,4.0,0.0
2023-08-10 00:00:00+07:00,324.72283935546875,328.27172284569247,322.9483976103569,324.72283935546875,7096900,0.0,0.0
2023-08-11 00:00:00+07:00,324.7228058196686,328.27168894338087,322.9483642578125,322.9483642578125,7649200,0.0,0.0
2023-08-14 00:00:00+07:00,322.9483612229152,324.7228027680961,319.3994781325535,321.1739196777344,11016100,0.0,0.0
2023-08-15 00:00:00+07:00,321.1739443986775,326.4972694439595,315.8506193533956,317.62506103515625,20285400,0.0,0.0
2023-08-16 00:00:00+07:00,324.7227934076545,324.7227934076545,314.0761444434691,315.8505859375,16644300,0.0,0.0
2023-08-18 00:00:00+07:00,315.8506193533956,319.3995027169169,314.0761776716349,317.62506103515625,11416000,0.0,0.0
2023-08-21 00:00:00+07:00,317.6250551730226,319.39949682203394,314.076171875,314.076171875,10171400,0.0,0.0
2023-08-22 00:00:00+07:00,315.8505859375,317.6250274315309,312.3017029494382,315.8505859375,8673300,0.0,0.0
2023-08-23 00:00:00+07:00,315.8505833263703,333.5949981199866,315.8505833263703,331.820556640625,47125100,0.0,0.0
2023-08-24 00:00:00+07:00,333.59499181798986,337.1438747096706,326.4972260346284,328.27166748046875,27044900,0.0,0.0
2023-08-25 00:00:00+07:00,328.27172284569247,331.8206063359161,321.17395586524503,324.72283935546875,12525400,0.0,0.0
2023-08-28 00:00:00+07:00,328.2716858584578,328.2716858584578,319.3994781325535,321.1739196777344,15311400,0.0,0.0
2023-08-29 00:00:00+07:00,319.39947509765625,322.9483581542969,319.39947509765625,319.39947509765625,5784000,0.0,0.0
2023-08-30 00:00:00+07:00,319.3994781325535,324.7228027680961,319.3994781325535,321.1739196777344,12116000,0.0,0.0
2023-08-31 00:00:00+07:00,322.9483581542969,326.4972412109375,317.6250335693359,319.39947509765625,15580900,0.0,0.0
2023-09-01 00:00:00+07:00,321.1739166259766,321.1739166259766,317.6250335693359,319.39947509765625,10445600,0.0,0.0
2023-09-04 00:00:00+07:00,319.3995027169169,322.9483860804382,315.8506193533956,317.62506103515625,10716500,0.0,0.0
2023-09-05 00:00:00+07:00,317.62506103515625,319.3995027169169,315.8506193533956,317.62506103515625,11014400,0.0,0.0
2023-09-06 00:00:00+07:00,319.3995027169169,319.3995027169169,315.8506193533956,317.62506103515625,16079000,0.0,0.0
2023-09-07 00:00:00+07:00,317.6250274315309,319.3994689255618,315.8505859375,315.8505859375,8263100,0.0,0.0
2023-09-08 00:00:00+07:00,315.8506193533956,319.3995027169169,315.8506193533956,317.62506103515625,8156600,0.0,0.0
2023-09-11 00:00:00+07:00,317.62506103515625,319.3995027169169,315.8506193533956,317.62506103515625,7354500,0.0,0.0
2023-09-12 00:00:00+07:00,315.8505859375,317.6250274315309,312.3017029494382,315.8505859375,11509000,0.0,0.0
2023-09-13 00:00:00+07:00,315.8506193533956,317.62506103515625,314.0761776716349,317.62506103515625,6756000,0.0,0.0
2023-09-14 00:00:00+07:00,317.6250274315309,317.6250274315309,315.8505859375,315.8505859375,7818200,0.0,0.0
2023-09-15 00:00:00+07:00,315.8505859375,319.3994689255618,314.0761444434691,315.8505859375,13242300,0.0,0.0
2023-09-18 00:00:00+07:00,319.39949682203394,319.39949682203394,314.076171875,314.076171875,13885200,0.0,0.0
2023-09-19 00:00:00+07:00,314.0761444434691,317.6250274315309,310.5272614554073,315.8505859375,13827200,0.0,0.0
2023-09-20 00:00:00+07:00,315.8505950421918,328.2716858584578,314.076153497011,321.1739196777344,31394400,0.0,0.0
2023-09-21 00:00:00+07:00,321.1739226959564,330.04613050523693,319.39948113410026,322.9483642578125,34222600,0.0,0.0
2023-09-22 00:00:00+07:00,322.9483612229152,324.7228027680961,319.3994781325535,321.1739196777344,10219200,0.0,0.0
2023-09-25 00:00:00+07:00,319.3994689255618,321.1739104195927,315.8505859375,315.8505859375,13282900,0.0,0.0
2023-09-26 00:00:00+07:00,317.6250274315309,319.3994689255618,314.0761444434691,315.8505859375,10382100,0.0,0.0
2023-09-27 00:00:00+07:00,315.8506135240113,317.6250551730226,312.3017302259887,314.076171875,11188900,0.0,0.0
2023-09-29 00:00:00+07:00,314.076171875,317.6250551730226,312.3017302259887,314.076171875,7255400,0.0,0.0
2023-10-02 00:00:00+07:00,314.07613823630595,317.6250211542303,312.30169677734375,312.30169677734375,8018900,0.0,0.0
2023-10-03 00:00:00+07:00,314.07613823630595,315.8505796952681,312.30169677734375,312.30169677734375,7253100,0.0,0.0
2023-10-04 00:00:00+07:00,312.3016595950072,315.850542090405,303.4294533565127,308.7527770996094,18566200,0.0,0.0
2023-10-05 00:00:00+07:00,310.52727671716946,310.52727671716946,305.2039519734465,306.9783935546875,9595800,0.0,0.0
2023-10-06 00:00:00+07:00,306.97833585191046,312.3016595950072,306.97833585191046,308.7527770996094,6460800,0.0,0.0
2023-10-09 00:00:00+07:00,308.7527770996094,312.3016595950072,306.97833585191046,308.7527770996094,8876800,0.0,0.0
2023-10-10 00:00:00+07:00,310.52727671716946,310.52727671716946,306.9783935546875,306.9783935546875,8957300,0.0,0.0
2023-10-11 00:00:00+07:00,306.97833585191046,310.5272183473083,306.97833585191046,308.7527770996094,7416600,0.0,0.0
2023-10-12 00:00:00+07:00,308.7528351359285,310.52727671716946,305.2039519734465,306.9783935546875,11069600,0.0,0.0
2023-10-13 00:00:00+07:00,308.7528321022211,308.7528321022211,303.42950741080347,305.2039489746094,7464300,0.0,0.0
2023-10-16 00:00:00+07:00,306.9783812754253,308.75282278568784,298.1061737241124,299.880615234375,15148400,0.0,0.0
2023-10-17 00:00:00+07:00,299.8806399042735,303.4295232167501,292.78287327932026,296.3317565917969,17529900,0.0,0.0
2023-10-18 00:00:00+07:00,296.3317843517625,298.10622617422814,292.78290070683124,294.5573425292969,8393800,0.0,0.0
2023-10-19 00:00:00+07:00,294.5572937011719,296.3317352294922,283.91064453125,283.91064453125,20492600,0.0,0.0
2023-10-20 00:00:00+07:00,283.91066028225805,285.6851019090222,266.16624401461695,275.0384521484375,28422600,0.0,0.0
2023-10-23 00:00:00+07:00,276.8128185145902,276.8128185145902,264.39173050432015,267.94061279296875,20687500,0.0,0.0
2023-10-24 00:00:00+07:00,267.94068564138104,275.0384521484375,267.94068564138104,275.0384521484375,12162000,0.0,0.0
2023-10-25 00:00:00+07:00,276.81289377520164,283.91066028225805,273.2640105216734,275.0384521484375,10965400,0.0,0.0
2023-10-26 00:00:00+07:00,275.03844616459867,276.8128877527574,269.71512140012254,271.48956298828125,8961300,0.0,0.0
2023-10-27 00:00:00+07:00,273.26404356345154,278.58736908741486,267.94071803948816,276.81292724609375,7287300,0.0,0.0
2023-10-30 00:00:00+07:00,276.8128907835329,280.3617739987064,269.7151243531859,273.2640075683594,7423900,0.0,0.0
2023-10-31 00:00:00+07:00,273.2639362259417,273.2639362259417,262.6172893599959,267.94061279296875,11362800,0.0,0.0
2023-11-01 00:00:00+07:00,267.94069349262077,267.94069349262077,248.4218350262709,251.97071838378906,31768100,0.0,0.0
2023-11-02 00:00:00+07:00,251.9707418507543,264.39183475889007,250.1963000067349,257.2940673828125,11150800,0.0,0.0
2023-11-03 00:00:00+07:00,257.2940673828125,262.61739291487066,253.74518369477371,257.2940673828125,7623700,0.0,0.0
2023-11-06 00:00:00+07:00,257.2940094830239,264.3917752618659,253.74512659360286,259.0684509277344,7507700,0.0,0.0
2023-11-07 00:00:00+07:00,259.0684509277344,262.6173338171554,257.2940094830239,259.0684509277344,5152400,0.0,0.0
2023-11-08 00:00:00+07:00,259.0684509277344,260.8428923724449,253.74512659360286,259.0684509277344,5387900,0.0,0.0
2023-11-09 00:00:00+07:00,259.0685092268319,259.0685092268319,253.74518369477371,257.2940673828125,3026000,0.0,0.0
2023-11-10 00:00:00+07:00,257.2940434200663,257.2940434200663,250.19627670503,251.97071838378906,4792600,0.0,0.0
2023-11-13 00:00:00+07:00,253.74516006254817,255.51960174130724,248.4218350262709,251.97071838378906,7516400,0.0,0.0
2023-11-14 00:00:00+07:00,251.97071838378906,255.51960174130724,248.4218350262709,251.97071838378906,4756900,0.0,0.0
2023-11-15 00:00:00+07:00,251.97067580856643,255.51955856643357,250.19623442963288,253.7451171875,9092600,0.0,0.0
2023-11-16 00:00:00+07:00,255.51958869485296,278.5873293409161,253.74514710669425,271.48956298828125,36161800,0.0,0.0
2023-11-17 00:00:00+07:00,271.4895820361656,273.26402374882025,264.3918151855469,264.3918151855469,9130000,0.0,0.0
2023-11-20 00:00:00+07:00,264.3918180338542,269.7151432291667,264.3918180338542,266.166259765625,6996100,0.0,0.0
2023-11-21 00:00:00+07:00,266.166259765625,269.7151432291667,264.3918180338542,266.166259765625,6313300,0.0,0.0
2023-11-22 00:00:00+07:00,266.1662230620513,267.94066454913167,260.84289860081026,262.6173400878906,6520400,0.0,0.0
2023-11-23 00:00:00+07:00,266.1662230620513,266.1662230620513,260.84289860081026,262.6173400878906,5868200,0.0,0.0
2023-11-24 00:00:00+07:00,264.39178157497093,264.39178157497093,262.6173400878906,262.6173400878906,2598000,0.0,0.0
2023-11-27 00:00:00+07:00,262.6173400878906,269.715106036212,262.6173400878906,262.6173400878906,6240900,0.0,0.0
2023-11-28 00:00:00+07:00,264.3917784398916,266.16621990593114,259.06845404177295,260.8428955078125,5404400,0.0,0.0
2023-11-29 00:00:00+07:00,262.61733697385205,264.3917784398916,259.06845404177295,260.8428955078125,6088000,0.0,0.0
2023-11-30 00:00:00+07:00,260.8429317602375,266.16625689820154,257.29404833492816,264.3918151855469,11534900,0.0,0.0
2023-12-01 00:00:00+07:00,266.1662230620513,266.1662230620513,262.6173400878906,262.6173400878906,3075500,0.0,0.0
2023-12-04 00:00:00+07:00,262.61737630208336,267.9407014973958,262.61737630208336,266.166259765625,7961000,0.0,0.0
2023-12-05 00:00:00+07:00,267.94066454913167,276.81287198453333,262.6173400878906,262.6173400878906,21658400,0.0,0.0
2023-12-06 00:00:00+07:00,264.39178157497093,267.94066454913167,259.06845711372995,262.6173400878906,13590800,0.0,0.0
2023-12-07 00:00:00+07:00,262.61739291487066,264.39183475889007,257.2940673828125,257.2940673828125,6891100,0.0,0.0
2023-12-08 00:00:00+07:00,259.0684413243007,259.0684413243007,253.7451171875,253.7451171875,8516800,0.0,0.0
2023-12-11 00:00:00+07:00,257.2939933614528,257.2939933614528,248.4217866938165,250.19622802734375,7843200,0.0,0.0
2023-12-12 00:00:00+07:00,250.19627670503,253.74516006254817,250.19627670503,251.97071838378906,4722300,0.0,0.0
2023-12-13 00:00:00+07:00,251.9706940121121,257.29401853349475,250.19625250498453,255.5195770263672,5723700,0.0,0.0
2023-12-14 00:00:00+07:00,257.2940125757334,260.8428955078125,255.51957110969389,260.8428955078125,4680800,0.0,0.0
2023-12-15 00:00:00+07:00,260.8428923724449,262.6173338171554,257.2940094830239,259.0684509277344,1459200,0.0,0.0
2023-12-18 00:00:00+07:00,259.0684509277344,262.6173338171554,253.74512659360286,259.0684509277344,5682800,0.0,0.0
2023-12-19 00:00:00+07:00,257.29404833492816,269.7151403235109,255.5196066222735,264.3918151855469,10774000,0.0,0.0
2023-12-20 00:00:00+07:00,269.71511518585015,287.45953065860346,262.61734899674883,285.6850891113281,53207300,0.0,0.0
2023-12-21 00:00:00+07:00,292.7828461783273,338.9183249700637,287.4595217023577,298.1061706542969,500904500,0.0,0.0
2023-12-22 00:00:00+07:00,301.6550565515674,314.07614711545546,282.1361999511719,282.1361999511719,101551400,0.0,0.0
2023-12-27 00:00:00+07:00,283.9106416420118,303.4294982549001,282.13620013174926,299.880615234375,80086600,0.0,0.0
2023-12-28 00:00:00+07:00,301.6550440932765,305.20392696496214,292.7828369140625,292.7828369140625,36518400,0.0,0.0
2023-12-29 00:00:00+07:00,292.78285217285156,294.5572937011719,282.1362030029297,283.91064453125,25368400,0.0,0.0
2024-01-02 00:00:00+07:00,285.68511496151194,310.52729887120864,283.91067325367646,301.65509033203125,86284800,0.0,0.0
2024-01-03 00:00:00+07:00,301.6550567446376,306.9783812754253,298.1061737241124,299.880615234375,21780600,0.0,0.0
2024-01-04 00:00:00+07:00,301.65508033192094,317.6250551730226,299.88063868290965,314.076171875,90251700,0.0,0.0
2024-01-05 00:00:00+07:00,322.9483860804382,326.4972694439595,306.9784109445923,317.62506103515625,115037000,0.0,0.0
2024-01-08 00:00:00+07:00,328.27167639571627,328.27167639571627,312.3017029494382,315.8505859375,47283600,0.0,0.0
2024-01-09 00:00:00+07:00,319.39949812289484,319.39949812289484,294.55731493555857,296.3317565917969,70275000,0.0,0.0
2024-01-10 00:00:00+07:00,296.33174115558,306.9783905384152,296.33174115558,305.2039489746094,16240000,0.0,0.0
2024-01-11 00:00:00+07:00,306.9784052789548,319.39949682203394,306.9784052789548,314.076171875,47033500,0.0,0.0
2024-01-12 00:00:00+07:00,317.6250274315309,321.1739104195927,312.3017029494382,315.8505859375,33427600,0.0,0.0
2024-01-15 00:00:00+07:00,317.6250420604963,346.0161072726077,317.6250420604963,342.46722412109375,238099000,0.0,0.0
2024-01-16 00:00:00+07:00,346.016104221344,351.33942890167236,333.59501330057776,340.6927795410156,116107200,0.0,0.0
2024-01-17 00:00:00+07:00,344.2416626612345,354.88831202189124,335.36945486068726,340.6927795410156,153643500,0.0,0.0
2024-01-18 00:00:00+07:00,342.46721496582035,346.01609802246094,333.5950073242188,337.1438903808594,61341900,0.0,0.0
2024-01-19 00:00:00+07:00,344.2416469961564,344.2416469961564,328.27167368190175,331.820556640625,51965000,0.0,0.0
2024-01-22 00:00:00+07:00,335.3694427165579,342.46720869997716,331.8205597248483,333.5950012207031,32693400,0.0,0.0
2024-01-23 00:00:00+07:00,333.5950073242188,337.1438903808594,315.85059204101566,319.39947509765625,51130600,0.0,0.0
2024-01-24 00:00:00+07:00,319.3994602512669,331.8205503721495,315.85057735958617,328.27166748046875,34197200,0.0,0.0
2024-01-25 00:00:00+07:00,330.04616459080427,331.8206063359161,322.9483976103569,324.72283935546875,15436300,0.0,0.0
2024-01-26 00:00:00+07:00,324.7228061764739,328.27168930408567,303.42950741080347,305.2039489746094,38304100,0.0,0.0
2024-01-29 00:00:00+07:00,310.527273666027,319.3994814850563,303.42950741080347,305.2039489746094,33348700,0.0,0.0
2024-01-30 00:00:00+07:00,306.9783905384152,312.30171522983284,303.42950741080347,305.2039489746094,16693900,0.0,0.0
2024-01-31 00:00:00+07:00,306.9783905384152,308.7528321022211,303.42950741080347,305.2039489746094,14633500,0.0,0.0
2024-02-01 00:00:00+07:00,305.2039397651627,308.75282278568784,294.5572907035873,299.880615234375,23732600,0.0,0.0
2024-02-02 00:00:00+07:00,299.8806564896195,301.65509824399595,285.68512245460795,287.4595642089844,64314400,0.0,0.0
2024-02-05 00:00:00+07:00,289.2340059633608,296.3317729808666,283.91068070023147,287.4595642089844,41643200,0.0,0.0
2024-02-06 00:00:00+07:00,289.2339722058788,292.78285530042945,285.6850891113281,285.6850891113281,13257300,0.0,0.0
2024-02-07 00:00:00+07:00,280.36175573439823,299.88061214628675,280.36175573439823,298.1061706542969,35165200,0.0,0.0
2024-02-12 00:00:00+07:00,299.8806277784102,301.6550693628978,289.2339782714844,289.2339782714844,18955600,0.0,0.0
2024-02-13 00:00:00+07:00,291.0084228515625,294.55730605706935,289.2339812488091,291.0084228515625,11883900,0.0,0.0
2024-02-15 00:00:00+07:00,292.7828644543159,294.55730605706935,285.6850980433022,291.0084228515625,15607800,0.0,0.0
2024-02-16 00:00:00+07:00,292.7828894721137,292.7828894721137,285.68512245460795,287.4595642089844,6271600,0.0,0.0
2024-02-19 00:00:00+07:00,291.0084137531541,291.0084137531541,283.9106475640528,285.6850891113281,7401700,0.0,0.0
2024-02-20 00:00:00+07:00,285.6850891113281,289.2339722058788,283.9106475640528,285.6850891113281,7827200,0.0,0.0
2024-02-21 00:00:00+07:00,283.91064146029873,287.45952447855245,280.361758442045,282.1361999511719,10392400,0.0,0.0
2024-02-22 00:00:00+07:00,282.13621193353384,291.008419855972,282.13621193353384,289.2339782714844,9073600,0.0,0.0
2024-02-23 00:00:00+07:00,292.7828894721137,292.7828894721137,285.68512245460795,287.4595642089844,4464000,0.0,0.0
2024-02-26 00:00:00+07:00,287.45953964605565,296.3317476598228,285.6850980433022,291.0084228515625,12698200,0.0,0.0
2024-02-27 00:00:00+07:00,291.00841064453124,291.00841064453124,283.91064453125,283.91064453125,7802200,0.0,0.0
2024-02-28 00:00:00+07:00,287.4595642089844,287.4595642089844,283.91068070023147,287.4595642089844,5945900,0.0,0.0
2024-02-29 00:00:00+07:00,287.45952758789065,287.45952758789065,282.1362030029297,283.91064453125,12482800,0.0,0.0
2024-03-01 00:00:00+07:00,285.68507984016514,285.68507984016514,278.5873138814033,280.36175537109375,14986400,0.0,0.0
2024-03-04 00:00:00+07:00,280.3617678190532,280.3617678190532,269.7151184082031,269.7151184082031,29795300,0.0,0.0
2024-03-05 00:00:00+07:00,269.71512140012254,278.5873293409161,267.94067981196383,271.48956298828125,10048300,0.0,0.0
2024-03-06 00:00:00+07:00,273.2640015451532,275.0384431136282,264.39179370277805,269.7151184082031,13558400,0.0,0.0
2024-03-07 00:00:00+07:00,269.71512140012254,273.26400457643996,266.1662382238051,271.48956298828125,8005400,0.0,0.0
2024-03-08 00:00:00+07:00,271.48956298828125,280.36177092907474,269.71512140012254,271.48956298828125,19320900,0.0,0.0
2024-03-13 00:00:00+07:00,271.48955997667815,275.0384431136282,267.9406768397281,269.7151184082031,13127400,0.0,0.0
2024-03-14 00:00:00+07:00,271.48956298828125,273.26400457643996,269.71512140012254,271.48956298828125,12871000,0.0,0.0
2024-03-15 00:00:00+07:00,271.48951517092956,278.5872802734375,269.71507389530257,278.5872802734375,15763600,0.0,0.0
2024-03-18 00:00:00+07:00,278.5872802734375,280.3617215490645,273.26395644655656,278.5872802734375,18130000,0.0,0.0
2024-03-19 00:00:00+07:00,276.81292724609375,283.91069461137823,273.26404356345154,276.81292724609375,24885200,0.0,0.0
2024-03-20 00:00:00+07:00,275.0384521484375,276.81289377520164,273.2640105216734,275.0384521484375,10954000,0.0,0.0
2024-03-21 00:00:00+07:00,275.03848540477264,278.58736908741486,267.94071803948816,276.81292724609375,22243600,0.0,0.0
2024-03-22 00:00:00+07:00,276.81289377520164,276.81289377520164,273.2640105216734,275.0384521484375,6957400,0.0,0.0
2024-03-25 00:00:00+07:00,292.7828894721137,292.7828894721137,275.0384719283493,287.4595642089844,73410000,0.0,0.0
2024-03-26 00:00:00+07:00,291.0084137531541,291.0084137531541,282.13620601677746,285.6850891113281,15150600,0.0,0.0
2024-03-27 00:00:00+07:00,287.45952447855245,287.45952447855245,282.1361999511719,282.1361999511719,11674300,0.0,0.0
2024-03-28 00:00:00+07:00,282.13621251723345,283.91065410539215,269.71512140012254,271.48956298828125,36138800,0.0,0.0
2024-04-01 00:00:00+07:00,282.1361964457744,282.1361964457744,259.06845711372995,262.6173400878906,32595300,0.0,0.0
2024-04-02 00:00:00+07:00,262.61737630208336,267.9407014973958,260.84293457031254,266.166259765625,13958500,0.0,0.0
2024-04-03 00:00:00+07:00,266.16624113801237,273.2640075683594,266.16624113801237,273.2640075683594,16270500,0.0,0.0
2024-04-04 00:00:00+07:00,273.2640075683594,275.03844917594614,271.48956596077267,273.2640075683594,8976000,0.0,0.0
2024-04-05 00:00:00+07:00,273.26400457643996,275.03844616459867,269.71512140012254,271.48956298828125,5706100,0.0,0.0
2024-04-16 00:00:00+07:00,275.03848540477264,280.36181092873596,267.94071803948816,276.81292724609375,27123100,0.0,0.0
2024-04-17 00:00:00+07:00,276.81289377520164,280.3617770287299,275.0384521484375,275.0384521484375,9256600,0.0,0.0
2024-04-18 00:00:00+07:00,275.03844917594614,280.3617739987064,271.48956596077267,273.2640075683594,8564900,0.0,0.0
2024-04-19 00:00:00+07:00,273.2639362259417,273.2639362259417,266.1661716486445,267.94061279296875,13119100,0.0,0.0
2024-04-22 00:00:00+07:00,267.94068274559913,275.03844917594614,267.94068274559913,273.2640075683594,7194000,0.0,0.0
2024-04-23 00:00:00+07:00,273.2640015451532,275.0384431136282,267.9406768397281,269.7151184082031,8285400,0.0,0.0
2024-04-24 00:00:00+07:00,269.7150539372931,273.2639362259417,267.94061279296875,267.94061279296875,7156000,0.0,0.0
2024-04-25 00:00:00+07:00,269.7151403235109,271.4895820361656,264.3918151855469,264.3918151855469,14207400,0.0,0.0
2024-04-26 00:00:00+07:00,266.1662766029095,267.9407184469289,257.2940673828125,257.2940673828125,15564900,0.0,0.0
2024-04-29 00:00:00+07:00,259.0685092268319,260.8429510708513,253.74518369477371,257.2940673828125,11241400,0.0,0.0
2024-04-30 00:00:00+07:00,257.29403122611666,262.6173560101053,243.0984984688137,244.87294006347656,53997100,0.0,0.0
2024-05-02 00:00:00+07:00,244.8729509626116,246.64739263625373,223.57965087890625,223.57965087890625,52067300,0.0,0.0
2024-05-03 00:00:00+07:00,225.354052901268,228.90293562412262,223.5796115398407,227.1284942626953,10353300,0.0,0.0
2024-05-06 00:00:00+07:00,230.67740469267872,236.00072941635594,225.35407996900153,234.22628784179688,12373200,0.0,0.0
2024-05-07 00:00:00+07:00,237.77516174316406,241.32404475425608,232.45183722652607,237.77516174316406,8557400,0.0,0.0
2024-05-08 00:00:00+07:00,237.775170990915,237.775170990915,232.45184626723778,234.22628784179688,6291000,0.0,0.0
2024-05-13 00:00:00+07:00,234.2262786155523,236.0007201202156,223.57962958757267,228.9029541015625,11428800,0.0,0.0
2024-05-14 00:00:00+07:00,228.90294201190653,232.45182483379656,225.35405919001653,230.67738342285156,6486200,0.0,0.0
2024-05-15 00:00:00+07:00,230.67741685241234,236.00074185669877,228.90297518431686,232.4518585205078,6654600,0.0,0.0
2024-05-16 00:00:00+07:00,230.67741685241234,236.00074185669877,228.90297518431686,232.4518585205078,8616900,0.0,0.0
2024-05-17 00:00:00+07:00,232.45184626723778,237.775170990915,228.90296311811966,234.22628784179688,8836400,0.0,0.0
2024-05-20 00:00:00+07:00,234.2262786155523,239.54960312954213,227.1285125968992,228.9029541015625,26446500,0.0,0.0
2024-05-21 00:00:00+07:00,228.90297518431686,236.00074185669877,228.90297518431686,232.4518585205078,11381800,0.0,0.0
2024-05-22 00:00:00+07:00,232.45182483379656,234.22626624474157,228.90294201190653,230.67738342285156,8463200,0.0,0.0
2024-05-27 00:00:00+07:00,232.4518585205078,236.00074185669877,230.67741685241234,232.4518585205078,11818500,0.0,0.0
2024-05-28 00:00:00+07:00,234.2263001886033,236.00074185669877,228.90297518431686,232.4518585205078,12123700,0.0,0.0
2024-05-29 00:00:00+07:00,234.2262904954993,257.29403122611666,232.45184890083644,244.87294006347656,74647000,0.0,0.0
2024-05-30 00:00:00+07:00,244.87294006347656,248.42182325280228,234.2262904954993,244.87294006347656,18857100,0.0,0.0
2024-05-31 00:00:00+07:00,244.87295242643705,248.42183579493613,241.32406905793798,243.0985107421875,6961200,0.0,0.0
2024-06-03 00:00:00+07:00,244.87295166875276,253.74516006254817,243.0985099899937,251.97071838378906,17312900,0.0,0.0
2024-06-04 00:00:00+07:00,253.74513551923962,257.29401853349475,250.19625250498453,255.5195770263672,18839300,0.0,0.0
2024-06-05 00:00:00+07:00,255.51960853192446,257.2940502578406,244.8729581764276,246.64739990234375,14909900,0.0,0.0
2024-06-06 00:00:00+07:00,248.4218350262709,257.2940434200663,246.64739334751184,251.97071838378906,12763800,0.0,0.0
2024-06-07 00:00:00+07:00,251.97068514889236,267.9406581512869,251.97068514889236,259.0684509277344,30658600,0.0,0.0
2024-06-10 00:00:00+07:00,259.06849283854166,266.166259765625,257.29405110677084,266.166259765625,25560600,0.0,0.0
2024-06-11 00:00:00+07:00,266.1662230620513,267.94066454913167,260.84289860081026,262.6173400878906,13683000,0.0,0.0
2024-06-12 00:00:00+07:00,264.39175869556186,264.39175869556186,250.19622802734375,250.19622802734375,21324700,0.0,0.0
2024-06-13 00:00:00+07:00,250.19622802734375,253.74511069439828,246.64734536028922,250.19622802734375,6460400,0.0,0.0
2024-06-14 00:00:00+07:00,250.19625865711885,255.51958330939797,241.3240509033203,241.3240509033203,11135200,0.0,0.0
2024-06-19 00:00:00+07:00,244.87293090820313,248.42181396484375,237.7751647949219,239.5496063232422,12385600,0.0,0.0
2024-06-20 00:00:00+07:00,239.54962737368842,244.87295242643705,239.54962737368842,243.0985107421875,5526000,0.0,0.0
2024-06-21 00:00:00+07:00,243.09851725260418,266.166259765625,243.09851725260418,266.166259765625,26287400,0.0,0.0
2024-06-24 00:00:00+07:00,267.94068274559913,276.8128907835329,264.39179953042566,273.2640075683594,38124200,0.0,0.0
2024-06-25 00:00:00+07:00,275.03846842447916,282.1362353515625,264.3918180338542,266.166259765625,16845200,0.0,0.0
2024-06-26 00:00:00+07:00,267.94067981196383,276.8128877527574,264.3917966356465,271.48956298828125,13517400,0.0,0.0
2024-06-27 00:00:00+07:00,269.7151184082031,275.0384431136282,267.9406768397281,269.7151184082031,16799900,0.0,0.0
2024-06-28 00:00:00+07:00,269.7151466652199,289.2340059633608,269.7151466652199,287.4595642089844,56566600,0.0,0.0
2024-07-01 00:00:00+07:00,287.45951695596017,342.46720229938467,287.45951695596017,330.0461120605469,259946000,0.0,0.0
2024-07-02 00:00:00+07:00,335.36944237183985,335.36944237183985,314.0761444434691,315.8505859375,82917300,0.0,0.0
2024-07-03 00:00:00+07:00,315.8505950421918,330.04612740363865,314.076153497011,321.1739196777344,75192100,0.0,0.0
2024-07-04 00:00:00+07:00,337.143902985946,337.143902985946,310.52727906600285,326.49725341796875,64320900,0.0,0.0
2024-07-05 00:00:00+07:00,330.16571044921875,343.0054880777995,326.49720255533856,330.16571044921875,62338100,12.0,0.0
2024-07-08 00:00:00+07:00,333.83425414364643,337.50276243093924,320.9944751381215,332.0,24500800,0.0,0.0
2024-07-09 00:00:00+07:00,330.16574585635357,337.50276243093924,322.82872928176795,332.0,22756400,0.0,0.0
2024-07-10 00:00:00+07:00,330.1657506921789,333.8342590332031,326.49724235115474,333.8342590332031,35082500,0.0,0.0
2024-07-11 00:00:00+07:00,333.8342425760799,363.18230785749347,333.8342425760799,350.342529296875,183678000,0.0,0.0
2024-07-12 00:00:00+07:00,350.3425243176912,357.67954053376855,337.50274593955595,348.5082702636719,56738900,0.0,0.0
2024-07-15 00:00:00+07:00,350.34255343067406,363.18233287577726,348.5082992242307,359.5138244628906,79208400,0.0,0.0
2024-07-16 00:00:00+07:00,359.5138244628906,361.348078669334,350.34255343067406,359.5138244628906,42436100,0.0,0.0
2024-07-17 00:00:00+07:00,357.6795654296875,363.18232797475963,352.1768028846154,357.6795654296875,34350800,0.0,0.0
2024-07-18 00:00:00+07:00,357.6795654296875,359.5138196113782,352.1768028846154,357.6795654296875,30400200,0.0,0.0
2024-07-19 00:00:00+07:00,357.67954053376855,359.51379458778786,341.1712540475946,348.5082702636719,41450500,0.0,0.0
2024-07-22 00:00:00+07:00,348.50828729281767,348.50828729281767,330.16574585635357,332.0,68769500,0.0,0.0
2024-07-23 00:00:00+07:00,332.0000327845982,335.6685414341518,313.6574895368304,320.9945068359375,88137800,0.0,0.0
2024-07-24 00:00:00+07:00,317.3259981863839,322.8287611607143,311.8232352120536,320.9945068359375,38154300,0.0,0.0
2024-07-25 00:00:00+07:00,320.994531323096,320.994531323096,297.1492232819517,306.32049560546875,69244100,0.0,0.0
2024-07-26 00:00:00+07:00,308.15471741781073,317.32598876953125,302.65195460677836,317.32598876953125,24194700,0.0,0.0
2024-07-29 00:00:00+07:00,317.3259692671736,319.1602234247873,306.3204443214913,309.98895263671875,29547700,0.0,0.0
2024-07-30 00:00:00+07:00,309.9889279136175,309.9889279136175,280.64086373244663,289.8121337890625,118437500,0.0,0.0
2024-07-31 00:00:00+07:00,291.64640751591435,298.9834240571952,287.97789924527393,297.149169921875,55690600,0.0,0.0
2024-08-01 00:00:00+07:00,297.14917959818024,300.81768798828125,291.6464170130288,300.81768798828125,23768300,0.0,0.0
2024-08-02 00:00:00+07:00,300.81767320336763,300.81767320336763,291.6464026788747,295.3149108886719,14158000,0.0,0.0
2024-08-05 00:00:00+07:00,293.48065776209677,293.48065776209677,276.9723707629788,284.30938720703125,44358400,0.0,0.0
2024-08-06 00:00:00+07:00,286.14365109972135,291.6464136208698,282.475142752289,287.9779052734375,18782000,0.0,0.0
2024-08-07 00:00:00+07:00,289.8121387793583,297.1491549509876,286.1436306935436,291.6463928222656,23815500,0.0,0.0
2024-08-08 00:00:00+07:00,293.4922403188852,293.4922403188852,282.41706143892725,287.95465087890625,12363900,2.0,0.0
2024-08-09 00:00:00+07:00,289.800537109375,293.4922636967556,286.1088105219944,289.800537109375,9350900,0.0,0.0
2024-08-12 00:00:00+07:00,289.800537109375,291.6464004030653,286.1088105219944,289.800537109375,8798100,0.0,0.0
2024-08-13 00:00:00+07:00,289.80056651722305,306.4133378462358,287.9547030362216,304.5674743652344,34940300,0.0,0.0
2024-08-14 00:00:00+07:00,306.4133378462358,313.7967917702415,300.8757474032315,304.5674743652344,29455500,0.0,0.0
2024-08-15 00:00:00+07:00,306.4133225891488,306.4133225891488,295.3381422546012,300.875732421875,11431200,0.0,0.0
2024-08-16 00:00:00+07:00,300.8757108195444,334.1012494376536,300.8757108195444,328.56365966796875,109807800,0.0,0.0
2024-08-19 00:00:00+07:00,330.4095153808594,347.02228431062326,328.56365216644116,330.4095153808594,84493700,0.0,0.0
2024-08-20 00:00:00+07:00,332.2553785952776,335.947105024114,317.4884728799319,330.4095153808594,43909900,0.0,0.0
2024-08-21 00:00:00+07:00,332.2554167024382,341.4847338330615,326.71782642406424,335.9471435546875,34222900,0.0,0.0
2024-08-22 00:00:00+07:00,335.9471358836023,337.7929992675781,328.56368234769894,337.7929992675781,28115000,0.0,0.0
2024-08-23 00:00:00+07:00,339.63885498046875,348.86817169189453,335.94712829589844,339.63885498046875,56203600,0.0,0.0
2024-08-26 00:00:00+07:00,341.4847183227539,343.33058166503906,328.5636749267578,332.2554016113281,18208600,0.0,0.0
2024-08-27 00:00:00+07:00,332.25540945870534,334.1012728445871,319.3343657575335,323.0260925292969,32731100,0.0,0.0
2024-08-28 00:00:00+07:00,324.87193280801006,326.71779606260105,321.1802062988281,321.1802062988281,17110500,0.0,0.0
2024-08-29 00:00:00+07:00,323.0260695534191,324.87193280801006,321.1802062988281,321.1802062988281,11571600,0.0,0.0
2024-08-30 00:00:00+07:00,323.0261075294624,334.10128835904396,321.1802440578655,326.71783447265625,21362700,0.0,0.0
2024-09-02 00:00:00+07:00,330.40953826904297,337.7929916381836,326.71781158447266,332.2554016113281,21778500,0.0,0.0
2024-09-03 00:00:00+07:00,332.255424887447,337.79301530223785,326.71783447265625,326.71783447265625,13646300,0.0,0.0
2024-09-04 00:00:00+07:00,326.71780377867594,330.40953037504516,319.3343505859375,319.3343505859375,22462200,0.0,0.0
2024-09-05 00:00:00+07:00,321.18023717543656,321.18023717543656,310.10505658318016,313.7967834472656,22478400,0.0,0.0
2024-09-06 00:00:00+07:00,313.79676818847656,317.4884948730469,308.2591781616211,310.10504150390625,18481200,0.0,0.0
2024-09-09 00:00:00+07:00,310.1050491789858,310.1050491789858,304.5674590150753,308.2591857910156,17780100,0.0,0.0
2024-09-10 00:00:00+07:00,308.2591706225153,323.02607699964176,306.41330732537443,311.9508972167969,29441800,0.0,0.0
2024-09-11 00:00:00+07:00,311.9509048461914,313.79676818847656,306.41331481933594,310.10504150390625,12925500,0.0,0.0
2024-09-12 00:00:00+07:00,310.1050339196561,319.3343504053601,310.1050339196561,311.9508972167969,9594200,0.0,0.0
2024-09-13 00:00:00+07:00,311.9508972167969,315.6426238110785,310.1050339196561,311.9508972167969,8658100,0.0,0.0
2024-09-17 00:00:00+07:00,313.79677577325475,315.64263916015625,310.10504899945175,315.64263916015625,11088400,0.0,0.0
2024-09-18 00:00:00+07:00,317.4885103113511,319.3343737433938,311.9509200152229,313.7967834472656,13325500,0.0,0.0
2024-09-19 00:00:00+07:00,313.79679835119913,317.488525390625,313.79679835119913,317.488525390625,7084200,0.0,0.0
2024-09-20 00:00:00+07:00,317.4885103113511,317.4885103113511,311.9509200152229,313.7967834472656,11430900,0.0,0.0
2024-09-23 00:00:00+07:00,313.79676818847656,315.6426315307617,308.2591781616211,310.10504150390625,13959000,0.0,0.0
2024-09-24 00:00:00+07:00,310.10504899945175,317.48850254705775,308.25918561255025,315.64263916015625,22081800,0.0,0.0
2024-09-25 00:00:00+07:00,319.3343657575335,326.7178193010603,311.9509122140067,323.0260925292969,38702900,0.0,0.0
2024-09-26 00:00:00+07:00,324.87193280801006,330.409522571783,319.3343430442372,321.1802062988281,37087200,0.0,0.0
2024-09-27 00:00:00+07:00,323.0260695534191,324.87193280801006,315.64261653505525,321.1802062988281,30231500,0.0,0.0
2024-09-30 00:00:00+07:00,321.1802142232821,337.79298392448635,319.3343509231483,334.10125732421875,49457200,0.0,0.0
2024-10-01 00:00:00+07:00,334.1012494376536,337.79297595077685,324.8719331548455,328.56365966796875,31034900,0.0,0.0
2024-10-02 00:00:00+07:00,328.56366707686055,334.1012569714144,317.4884872877529,319.3343505859375,31075100,0.0,0.0
2024-10-03 00:00:00+07:00,319.3343430442372,328.563659317192,319.3343430442372,321.1802062988281,16733300,0.0,0.0
2024-10-04 00:00:00+07:00,321.18022914341515,330.4095460728237,319.3343657575335,323.0260925292969,21271000,0.0,0.0
2024-10-07 00:00:00+07:00,323.0260695534191,326.71779606260105,319.3343430442372,321.1802062988281,12271700,0.0,0.0
2024-10-08 00:00:00+07:00,326.71780359392335,326.71780359392335,306.41330732537443,311.9508972167969,32975500,0.0,0.0
2024-10-09 00:00:00+07:00,297.18399810791016,313.79676818847656,297.18399810791016,310.10504150390625,14109700,0.0,0.0
2024-10-10 00:00:00+07:00,311.9508972167969,313.79676051393767,308.2591706225153,311.9508972167969,5158900,0.0,0.0
2024-10-11 00:00:00+07:00,311.9509200152229,317.4885103113511,311.9509200152229,313.7967834472656,5951700,0.0,0.0
2024-10-14 00:00:00+07:00,315.64263916015625,317.48850254705775,311.95091238635325,315.64263916015625,10330200,0.0,0.0
2024-10-15 00:00:00+07:00,315.6426239895683,321.1802138841221,311.95089739319906,319.3343505859375,9995600,0.0,0.0
2024-10-16 00:00:00+07:00,319.33436593395925,321.18022932086075,315.64263916015625,315.64263916015625,5286900,0.0,0.0
2024-10-17 00:00:00+07:00,317.4885103113511,319.3343737433938,313.7967834472656,313.7967834472656,14275800,0.0,0.0
2024-10-18 00:00:00+07:00,315.64264687930836,315.64264687930836,311.9509200152229,313.7967834472656,9566500,0.0,0.0
2024-10-21 00:00:00+07:00,313.79676051393767,315.6426238110785,308.2591706225153,311.9508972167969,21275700,0.0,0.0
2024-10-22 00:00:00+07:00,311.9509048461914,313.79676818847656,304.5674514770508,310.10504150390625,16654600,0.0,0.0
2024-10-23 00:00:00+07:00,310.10503409501445,321.1802138841221,306.4133074986452,319.3343505859375,46632400,0.0,0.0
2024-10-24 00:00:00+07:00,321.18022932086075,323.02609270776225,313.79677577325475,315.64263916015625,19947600,0.0,0.0
2024-10-25 00:00:00+07:00,315.6426238110785,319.3343504053601,310.1050339196561,311.9508972167969,11314100,0.0,0.0
2024-10-28 00:00:00+07:00,315.6426315307617,315.6426315307617,310.10504150390625,310.10504150390625,7793800,0.0,0.0
2024-10-29 00:00:00+07:00,310.1050491789858,313.7967759549261,308.2591857910156,308.2591857910156,8138900,0.0,0.0
2024-10-30 00:00:00+07:00,310.10504150390625,311.9509048461914,306.41331481933594,310.10504150390625,7490900,0.0,0.0
2024-10-31 00:00:00+07:00,310.10505658318016,324.871964039522,306.4133297190947,313.7967834472656,44974200,0.0,0.0
2024-11-01 00:00:00+07:00,313.7967759549261,317.4885027308664,306.41332240304547,308.2591857910156,18959400,0.0,0.0
2024-11-04 00:00:00+07:00,310.10505732783565,311.95092076431087,299.0298767089844,299.0298767089844,19035500,0.0,0.0
2024-11-05 00:00:00+07:00,299.02982975886414,302.7215560521835,286.1087877322466,287.95465087890625,33041900,0.0,0.0
2024-11-06 00:00:00+07:00,282.41706143892725,293.4922403188852,282.41706143892725,287.95465087890625,13523200,0.0,0.0
2024-11-07 00:00:00+07:00,289.8005607096354,289.8005607096354,276.8795166015625,276.8795166015625,24889200,0.0,0.0
2024-11-08 00:00:00+07:00,280.5712434895833,282.41710693359374,276.8795166015625,276.8795166015625,14265700,0.0,0.0
2024-11-11 00:00:00+07:00,278.72534890370827,280.57121214148117,263.95844300152504,269.49603271484375,23384900,0.0,0.0
2024-11-12 00:00:00+07:00,271.3419189453125,275.0336457336841,269.4960555511267,271.3419189453125,9833100,0.0,0.0
2024-11-13 00:00:00+07:00,271.3419189453125,282.4170993104273,271.3419189453125,271.3419189453125,21933500,0.0,0.0
2024-11-14 00:00:00+07:00,273.187766870959,276.8794934502963,267.6501770019531,267.6501770019531,13539200,0.0,0.0
2024-11-15 00:00:00+07:00,269.4960479736328,271.34191131591797,262.1125946044922,265.8043212890625,12184200,0.0,0.0
2024-11-18 00:00:00+07:00,265.8043212890625,267.65018463134766,258.4208679199219,258.4208679199219,14317400,0.0,0.0
2024-11-19 00:00:00+07:00,254.7291560643156,267.6502002125055,254.7291560643156,262.11260986328125,9554300,0.0,0.0
2024-11-20 00:00:00+07:00,263.95845794677734,269.4960479736328,258.4208679199219,258.4208679199219,12252700,0.0,0.0
2024-11-21 00:00:00+07:00,260.2667236328125,265.80431349734044,260.2667236328125,260.2667236328125,8353700,0.0,0.0
2024-11-22 00:00:00+07:00,262.1125946044922,263.95845794677734,258.4208679199219,258.4208679199219,10663600,0.0,0.0
2024-11-25 00:00:00+07:00,260.26673126220703,265.8043212890625,258.4208679199219,265.8043212890625,9427900,0.0,0.0
2024-11-26 00:00:00+07:00,265.80431349734044,269.49604007369237,260.2667236328125,260.2667236328125,8137300,0.0,0.0
2024-11-28 00:00:00+07:00,263.9584733130227,263.9584733130227,258.4208829637984,262.11260986328125,11235600,0.0,0.0
2024-11-29 00:00:00+07:00,262.11258692098846,263.9584502091644,256.5749970564605,260.2667236328125,8382000,0.0,0.0
2024-12-02 00:00:00+07:00,258.4208679199219,262.1125946044922,256.5750045776367,258.4208679199219,8124100,0.0,0.0
2024-12-03 00:00:00+07:00,258.4208833998528,260.26674685270893,251.03742958842844,254.72915649414062,15962800,0.0,0.0
2024-12-04 00:00:00+07:00,254.72914123535156,262.1125946044922,254.72914123535156,258.4208679199219,9241700,0.0,0.0
2024-12-05 00:00:00+07:00,258.4208829637984,263.9584733130227,258.4208829637984,262.11260986328125,5064500,0.0,0.0
2024-12-06 00:00:00+07:00,262.11258692098846,263.9584502091644,258.42086034463654,260.2667236328125,4904800,0.0,0.0
2024-12-09 00:00:00+07:00,260.26673878489675,265.80432897180947,260.26673878489675,263.9584655761719,11711300,0.0,0.0
2024-12-10 00:00:00+07:00,263.95845042261584,273.187766870959,263.95845042261584,267.6501770019531,13580700,0.0,0.0
2024-12-11 00:00:00+07:00,269.49604007369237,269.49604007369237,260.2667236328125,260.2667236328125,10606800,0.0,0.0
2024-12-12 00:00:00+07:00,262.11258692098846,263.9584502091644,260.2667236328125,260.2667236328125,5243800,0.0,0.0
2024-12-13 00:00:00+07:00,260.2667236328125,262.11258692098846,258.42086034463654,260.2667236328125,4366100,0.0,0.0
2024-12-16 00:00:00+07:00,260.26674685270893,260.26674685270893,251.03742958842844,254.72915649414062,16717700,0.0,0.0
2024-12-17 00:00:00+07:00,254.72914123535156,256.5750045776367,251.03741455078125,251.03741455078125,8198700,0.0,0.0
2024-12-18 00:00:00+07:00,251.03743760850696,252.8833011203342,247.34571058485244,249.1915740966797,6355600,0.0,0.0
2024-12-19 00:00:00+07:00,249.1915512084961,249.1915512084961,238.11637115478516,243.65396118164062,10805000,0.0,0.0
2024-12-20 00:00:00+07:00,243.65396118164062,249.1915512084961,241.80809783935547,243.65396118164062,8815700,0.0,0.0
2024-12-23 00:00:00+07:00,243.6539461505947,249.19153583583548,243.6539461505947,247.34567260742188,8136200,0.0,0.0
2024-12-24 00:00:00+07:00,247.34569555296935,249.19155895261838,243.6539687536713,245.4998321533203,3573100,0.0,0.0
2024-12-27 00:00:00+07:00,245.49984674384123,252.88330078125,245.49984674384123,252.88330078125,5148900,0.0,0.0
2024-12-30 00:00:00+07:00,252.88326229266266,256.5749887494899,247.34567260742188,247.34567260742188,6751200,0.0,0.0
2025-01-02 00:00:00+07:00,249.19156613557237,256.57501994699675,247.34570268271628,254.72915649414062,6073000,0.0,0.0
2025-01-03 00:00:00+07:00,254.72915649414062,258.4208833998528,252.88329304128453,254.72915649414062,4051900,0.0,0.0
2025-01-06 00:00:00+07:00,254.7291642906022,258.42089130930657,249.19157376254563,252.88330078125,5739400,0.0,0.0
2025-01-07 00:00:00+07:00,252.8832778930664,254.72914123535156,249.1915512084961,251.03741455078125,3923700,0.0,0.0
2025-01-08 00:00:00+07:00,251.03743760850696,252.8833011203342,245.4998470730252,249.1915740966797,5519500,0.0,0.0
2025-01-09 00:00:00+07:00,249.19155895261838,251.0374223522674,245.49983215332034,245.4998321533203,4626800,0.0,0.0
2025-01-10 00:00:00+07:00,247.34567260742188,249.19153583583548,245.49980937900827,247.34567260742188,2552300,0.0,0.0
2025-01-13 00:00:00+07:00,247.3457112785514,247.3457112785514,239.96225721053494,241.80812072753906,14193200,0.0,0.0
2025-01-14 00:00:00+07:00,241.80809783935547,245.49982452392578,239.9622344970703,239.9622344970703,5489800,0.0,0.0
2025-01-15 00:00:00+07:00,241.80810535402227,247.34569555296935,241.80810535402227,245.4998321533203,4575000,0.0,0.0
2025-01-16 00:00:00+07:00,247.34568786621094,247.34568786621094,239.9622344970703,243.65396118164062,6051100,0.0,0.0
2025-01-17 00:00:00+07:00,243.65396118164062,247.34568786621094,241.80809783935547,243.65396118164062,3181000,0.0,0.0
2025-01-20 00:00:00+07:00,243.6539461505947,247.34567260742188,243.6539461505947,247.34567260742188,3864400,0.0,0.0
2025-01-21 00:00:00+07:00,247.34569555296935,247.34569555296935,241.80810535402227,245.4998321533203,18171500,0.0,0.0
2025-01-22 00:00:00+07:00,245.49983215332034,247.34569555296935,243.6539687536713,245.4998321533203,4894900,0.0,0.0
2025-01-23 00:00:00+07:00,245.49983215332034,247.34569555296935,243.6539687536713,245.4998321533203,5637400,0.0,0.0
2025-01-24 00:00:00+07:00,247.34568786621094,247.34568786621094,239.9622344970703,243.65396118164062,12784900,0.0,0.0
2025-01-30 00:00:00+07:00,243.65398460210756,243.65398460210756,238.11639404296875,238.11639404296875,7836000,0.0,0.0
2025-01-31 00:00:00+07:00,238.11637115478516,239.9622344970703,230.73291778564453,236.2705078125,12116100,0.0,0.0
2025-02-03 00:00:00+07:00,236.2705155019685,238.11637890432763,232.57878869725025,234.42465209960938,7332300,0.0,0.0
2025-02-04 00:00:00+07:00,234.42464447021484,238.11637115478516,234.42464447021484,236.2705078125,4024500,0.0,0.0
2025-02-05 00:00:00+07:00,236.2705078125,238.11637115478516,232.5787811279297,236.2705078125,4897000,0.0,0.0
2025-02-06 00:00:00+07:00,236.2705157520325,236.2705157520325,227.04119873046875,227.04119873046875,19173200,0.0,0.0
2025-02-07 00:00:00+07:00,227.04119898691897,227.04119898691897,214.12015514213496,219.65774536132812,16616000,0.0,0.0
2025-02-10 00:00:00+07:00,221.50360107421875,223.3494644165039,214.12014770507812,217.81187438964844,7246800,0.0,0.0
2025-02-11 00:00:00+07:00,219.6577456266984,219.6577456266984,210.4284285835598,212.2742919921875,10190200,0.0,0.0
2025-02-12 00:00:00+07:00,212.2742919921875,214.12015540081524,210.4284285835598,212.2742919921875,4447900,0.0,0.0
2025-02-13 00:00:00+07:00,212.27429949004073,214.1201629638672,208.58257254238785,214.1201629638672,3430600,0.0,0.0
2025-02-14 00:00:00+07:00,214.12015490027946,227.04119873046875,214.12015490027946,227.04119873046875,11376400,0.0,0.0
2025-02-17 00:00:00+07:00,225.19534253317212,238.11638677687873,221.50361560639882,232.57879638671875,13493300,0.0,0.0
2025-02-18 00:00:00+07:00,230.73293316748837,234.42466009816818,225.19534277146863,228.88706970214844,7764900,0.0,0.0
2025-02-19 00:00:00+07:00,230.73292553909425,232.578788943407,225.195335326156,227.04119873046875,4667700,0.0,0.0
2025-02-20 00:00:00+07:00,227.041206741333,228.88707021077474,219.6577528635661,221.5036163330078,5374200,0.0,0.0
2025-02-21 00:00:00+07:00,221.50360107421875,247.34568786621094,221.50360107421875,243.65396118164062,21607900,0.0,0.0
2025-02-24 00:00:00+07:00,249.19153583583548,269.49603134838503,247.34567260742188,247.34567260742188,65274600,0.0,0.0
2025-02-25 00:00:00+07:00,247.34569591612328,258.4208763302781,234.42465209960938,234.42465209960938,17948200,0.0,0.0
2025-02-26 00:00:00+07:00,236.2704932369403,254.72912552107627,234.4246300085267,247.34567260742188,14370500,0.0,0.0
2025-02-27 00:00:00+07:00,247.34569591612328,251.03742272084153,232.57878869725025,234.42465209960938,11376300,0.0,0.0
2025-02-28 00:00:00+07:00,236.2705320247934,238.1163955562371,221.50362377324382,223.3494873046875,11094200,0.0,0.0
2025-03-03 00:00:00+07:00,223.34947930612873,234.42466009816818,219.65775237544892,228.88706970214844,11920100,0.0,0.0
2025-03-04 00:00:00+07:00,228.88706239331668,230.73292579971442,217.8118819549304,219.65774536132812,8502400,0.0,0.0
2025-03-05 00:00:00+07:00,219.6577602418001,228.8870778990186,219.6577602418001,223.3494873046875,7232300,0.0,0.0
2025-03-06 00:00:00+07:00,227.04119110107422,228.88705444335938,223.3494644165039,225.19532775878906,3903700,0.0,0.0
2025-03-07 00:00:00+07:00,225.19532775878906,228.88705444335938,223.3494644165039,225.19532775878906,4444200,0.0,0.0
2025-03-10 00:00:00+07:00,227.041206741333,227.041206741333,219.6577528635661,221.5036163330078,7066700,0.0,0.0
2025-03-11 00:00:00+07:00,221.50360876772584,223.34947217412355,217.8118819549304,219.65774536132812,4922800,0.0,0.0
2025-03-12 00:00:00+07:00,219.6577602418001,223.3494873046875,217.81189671035642,223.3494873046875,5032600,0.0,0.0
2025-03-13 00:00:00+07:00,223.34947980244954,223.34947980244954,217.81188939412434,221.5036163330078,3376400,0.0,0.0
2025-03-14 00:00:00+07:00,221.50360107421875,221.50360107421875,215.96601104736328,217.81187438964844,8356700,0.0,0.0
2025-03-17 00:00:00+07:00,219.65774536132812,223.34947217412355,217.8118819549304,219.65774536132812,6519000,0.0,0.0
2025-03-18 00:00:00+07:00,221.50361685917295,223.34948033299938,199.35325517325566,214.1201629638672,15883200,0.0,0.0
2025-03-19 00:00:00+07:00,214.12014770507812,217.81187438964844,208.58255767822266,217.81187438964844,3812500,0.0,0.0
2025-03-20 00:00:00+07:00,217.81188991152007,221.50361685917295,214.1201629638672,214.1201629638672,4542000,0.0,0.0
2025-03-21 00:00:00+07:00,214.12015540081524,215.96601880944294,208.58256517493209,212.2742919921875,7252100,0.0,0.0
2025-03-24 00:00:00+07:00,210.4284131849134,212.2742764584653,199.3532335436022,204.8908233642578,14483400,0.0,0.0
2025-03-25 00:00:00+07:00,204.89083099365234,208.58255767822266,203.0449676513672,206.7366943359375,7340700,0.0,0.0
2025-03-26 00:00:00+07:00,206.73670906856142,215.9660264376936,206.73670906856142,214.1201629638672,9933100,0.0,0.0
2025-03-27 00:00:00+07:00,219.6577456266984,219.6577456266984,208.58256517493209,212.2742919921875,9195700,0.0,0.0
2025-04-08 00:00:00+07:00,195.6615222893139,197.5073857071376,184.5863417823716,186.4322052001953,22602400,0.0,0.0
2025-04-09 00:00:00+07:00,179.04873741219896,206.73668649655963,177.20287413990826,201.1990966796875,22862300,0.0,0.0
2025-04-10 00:00:00+07:00,203.0449676513672,212.27428436279297,203.0449676513672,206.7366943359375,13761500,0.0,0.0
2025-04-11 00:00:00+07:00,206.73670906856142,214.1201629638672,201.1991186470821,214.1201629638672,12683600,0.0,0.0
2025-04-14 00:00:00+07:00,214.1201624552409,221.5036163330078,214.1201624552409,221.5036163330078,13030900,0.0,0.0
2025-04-15 00:00:00+07:00,221.50360107421875,223.3494644165039,217.81187438964844,217.81187438964844,7547800,0.0,0.0
2025-04-16 00:00:00+07:00,221.5035932491987,221.5035932491987,215.96600341796875,215.96600341796875,4823300,0.0,0.0
2025-04-17 00:00:00+07:00,215.9660259246826,225.19534327189126,215.9660259246826,221.5036163330078,9413300,0.0,0.0
2025-04-21 00:00:00+07:00,225.19533558052126,227.04119898691897,217.8118819549304,219.65774536132812,7316500,0.0,0.0
2025-04-22 00:00:00+07:00,219.6577377319336,227.04119110107422,217.81187438964844,225.19532775878906,6440900,0.0,0.0
2025-04-23 00:00:00+07:00,225.1953508361312,228.8870778990186,221.50362377324382,223.3494873046875,5674600,0.0,0.0
2025-04-24 00:00:00+07:00,225.195335326156,232.578788943407,223.34947192184322,227.04119873046875,8529000,0.0,0.0
2025-04-25 00:00:00+07:00,227.0412059965588,234.42465985010543,225.19534253317212,232.57879638671875,10260700,0.0,0.0
2025-04-28 00:00:00+07:00,234.42465985010543,236.27052331349208,228.88706945994545,232.57879638671875,6160000,0.0,0.0
2025-04-29 00:00:00+07:00,232.57879638671875,234.42465985010543,227.0412059965588,232.57879638671875,8157900,0.0,0.0
2025-04-30 00:00:00+07:00,234.42465209960938,238.11637890432763,230.73292529489112,234.42465209960938,11202700,0.0,0.0
2025-05-02 00:00:00+07:00,239.96224195437324,251.0374223522674,239.96224195437324,245.4998321533203,21277600,0.0,0.0
2025-05-05 00:00:00+07:00,249.19157409667972,256.57502814398873,245.4998470730252,249.1915740966797,15218800,0.0,0.0
2025-05-06 00:00:00+07:00,251.03739906424906,251.03739906424906,243.6539461505947,247.34567260742188,13018200,0.0,0.0
2025-05-07 00:00:00+07:00,245.49982452392578,249.1915512084961,241.80809783935547,243.65396118164062,15000700,0.0,0.0
2025-05-08 00:00:00+07:00,245.49982452392578,251.03741455078125,239.9622344970703,239.9622344970703,13751900,0.0,0.0
2025-05-09 00:00:00+07:00,239.96225756268169,243.65398460210756,238.11639404296875,238.11639404296875,6920300,0.0,0.0
2025-05-14 00:00:00+07:00,245.49983922986019,265.8043372112772,243.6539757770041,254.72915649414062,67909800,0.0,0.0
2025-05-15 00:00:00+07:00,254.72914859798405,265.80432897180947,252.88328520234649,263.9584655761719,35760000,0.0,0.0
2025-05-16 00:00:00+07:00,265.8043367627641,267.6502002125055,260.2667464135398,262.11260986328125,19209200,0.0,0.0
2025-05-19 00:00:00+07:00,263.9584437779018,286.10880269632713,260.26671729149757,284.262939453125,64017700,0.0,0.0
2025-05-20 00:00:00+07:00,286.10881011758073,291.64639999082425,275.03363037109375,275.03363037109375,45571900,0.0,0.0
2025-05-21 00:00:00+07:00,276.8795091278699,278.7253725220557,271.3419189453125,271.3419189453125,14695200,0.0,0.0
2025-05-22 00:00:00+07:00,273.1877897135417,276.8795166015625,267.65019938151045,276.8795166015625,18853100,0.0,0.0
2025-05-23 00:00:00+07:00,278.7253569532561,280.57122024433727,275.03363037109375,275.03363037109375,6305100,0.0,0.0
2025-05-26 00:00:00+07:00,276.8794934502963,278.725356739965,263.95845042261584,267.6501770019531,19852100,0.0,0.0
2025-05-27 00:00:00+07:00,267.650192367447,269.4960557630846,262.11260218053434,263.9584655761719,9810700,0.0,0.0
2025-05-28 00:00:00+07:00,265.80432897180947,269.4960557630846,262.11260218053434,263.9584655761719,7063000,0.0,0.0
2025-06-02 00:00:00+07:00,269.4960479736328,276.87950134277344,262.1125946044922,273.1877746582031,26414200,0.0,0.0
2025-06-03 00:00:00+07:00,275.0336457336841,276.8795091278699,263.9584653685693,271.3419189453125,24297500,0.0,0.0
2025-06-04 00:00:00+07:00,271.3419035812904,271.3419035812904,263.95845042261584,267.6501770019531,11503300,0.0,0.0
2025-06-05 00:00:00+07:00,267.65019259006857,267.65019259006857,256.57501220703125,256.57501220703125,21154200,0.0,0.0
2025-06-10 00:00:00+07:00,258.4208679199219,267.65018463134766,258.4208679199219,265.8043212890625,11401100,0.0,0.0
2025-06-11 00:00:00+07:00,267.65017740087575,284.2629470326542,265.8043141084559,282.4170837402344,53084400,0.0,0.0
2025-06-12 00:00:00+07:00,284.26295471191406,284.26295471191406,273.1877746582031,273.1877746582031,22468800,0.0,0.0
2025-06-13 00:00:00+07:00,273.1877817597779,299.0298692235407,273.1877817597779,293.4922790527344,86858100,0.0,0.0
2025-06-16 00:00:00+07:00,302.7215960040782,315.6426397359596,293.4922790527344,293.4922790527344,133350800,0.0,0.0
2025-06-17 00:00:00+07:00,293.49227851733826,319.33436593395925,282.41709819592927,315.64263916015625,108691900,0.0,0.0
2025-06-18 00:00:00+07:00,317.48850254705775,330.40954625536824,306.41332222564876,315.64263916015625,112179300,0.0,0.0
2025-06-19 00:00:00+07:00,315.6426315307617,315.6426315307617,289.80054473876953,295.338134765625,61286800,0.0,0.0
2025-06-20 00:00:00+07:00,295.3381631540698,319.33438891033796,293.4922996343568,317.488525390625,125095500,0.0,0.0
2025-06-23 00:00:00+07:00,324.8719482421875,339.63885498046875,323.02608489990234,339.63885498046875,262850300,0.0,0.0
2025-06-24 00:00:00+07:00,323.02609289477687,326.7178196707171,299.02986885116485,308.2591857910156,112122700,0.0,0.0
2025-06-25 00:00:00+07:00,310.10503333996814,310.10503333996814,287.9546738156847,289.800537109375,49616000,0.0,0.0
2025-06-26 00:00:00+07:00,291.6464156624656,300.8757326138094,291.6464156624656,293.4922790527344,24131500,0.0,0.0
2025-06-30 00:00:00+07:00,295.33810346554486,297.18396661220453,287.95465087890625,287.95465087890625,22528000,0.0,0.0
2025-07-01 00:00:00+07:00,289.8005607096354,297.1840144856771,273.1877897135417,276.8795166015625,37768900,0.0,0.0
2025-07-02 00:00:00+07:00,278.7253569532561,289.8005366997431,275.03363037109375,275.03363037109375,31287100,0.0,0.0
2025-07-03 00:00:00+07:00,278.7253571553947,284.2629470326542,276.87949386297487,282.4170837402344,16548200,0.0,0.0
2025-07-04 00:00:00+07:00,284.26293983942344,291.6463928222656,282.4170765937129,291.6463928222656,25074400,0.0,0.0
2025-07-07 00:00:00+07:00,293.49229402719817,299.0298844805415,291.6464305427504,297.18402099609375,38600800,0.0,0.0
2025-07-08 00:00:00+07:00,297.18398255939724,299.0298458051078,289.8005295765551,291.6463928222656,26057100,0.0,0.0
2025-07-09 00:00:00+07:00,294.4963764694502,305.89623620375147,290.6964232246831,302.0962829589844,25213300,9.0,0.0
2025-07-10 00:00:00+07:00,302.09627793474897,317.29609066102563,298.2963247531798,311.5961608886719,40591200,0.0,0.0
2025-07-11 00:00:00+07:00,313.49616439254197,315.39614114643615,305.8962573769652,307.7962341308594,17708600,0.0,0.0
2025-07-14 00:00:00+07:00,307.7961994171143,322.9960117340088,303.9962463378906,303.9962463378906,25597800,0.0,0.0
2025-07-15 00:00:00+07:00,305.8962311163181,311.5961608886719,294.4963715716106,311.5961608886719,22117800,0.0,0.0
2025-07-16 00:00:00+07:00,311.5961741816047,315.3961275252828,305.8962441660875,309.6961975097656,19309400,0.0,0.0
2025-07-17 00:00:00+07:00,313.4961374794565,313.4961374794565,305.8962311163181,311.5961608886719,8654300,0.0,0.0
2025-07-18 00:00:00+07:00,319.1960887794723,338.1958559687266,315.39613534162146,317.2961120605469,82441700,0.0,0.0
2025-07-21 00:00:00+07:00,317.2961065602857,328.6959666762241,313.4961531883062,326.7959899902344,43689200,0.0,0.0
2025-07-22 00:00:00+07:00,328.69594926443716,332.49590243512426,319.1960663377193,324.89599609375,44369900,0.0,0.0
2025-07-23 00:00:00+07:00,332.49590947077826,349.595699100704,326.7959795941363,345.7957458496094,121552500,0.0,0.0
2025-07-24 00:00:00+07:00,349.59569606891256,351.4956726779828,322.99602354193013,328.6959533691406,72227200,0.0,0.0
2025-07-25 00:00:00+07:00,328.6959450625809,328.6959450625809,315.3961091351932,321.0960388183594,27434100,0.0,0.0
2025-07-28 00:00:00+07:00,322.99603271484375,328.69596270392924,321.09605605181525,322.99603271484375,19484100,0.0,0.0
2025-07-29 00:00:00+07:00,322.99602354193013,334.3958831963512,315.3961171056494,328.6959533691406,55785700,0.0,0.0
2025-07-30 00:00:00+07:00,332.49591602998623,336.2958693560432,321.09605605181525,322.99603271484375,31929000,0.0,0.0
2025-07-31 00:00:00+07:00,321.09604384259484,326.7959736149486,305.8962311163181,311.5961608886719,41814000,0.0,0.0
2025-08-01 00:00:00+07:00,313.49615478515625,317.2961081764915,311.59617808948866,313.49615478515625,21146900,0.0,0.0
2025-08-04 00:00:00+07:00,313.4961531883062,330.59594336221386,309.6961998163267,326.7959899902344,38309900,0.0,0.0
2025-08-05 00:00:00+07:00,326.79598604090074,332.49591602998623,321.09605605181525,322.99603271484375,25123800,0.0,0.0
2025-08-06 00:00:00+07:00,322.99603271484375,324.89600937787225,317.29610272575826,322.99603271484375,18579400,0.0,0.0
2025-08-07 00:00:00+07:00,322.9960382634943,324.8960149591619,311.59617808948866,313.49615478515625,38728100,0.0,0.0
2025-08-08 00:00:00+07:00,315.8892517089844,319.71821233576,308.23133045543324,315.8892517089844,20613400,2.5,0.0
2025-08-11 00:00:00+07:00,315.8892474258155,331.20508972524897,315.8892474258155,327.3761291503906,33655700,0.0,0.0
2025-08-12 00:00:00+07:00,327.3761270457301,336.9485284213362,325.4616467706088,333.11956787109375,36859100,0.0,0.0
2025-08-13 00:00:00+07:00,335.03404814621496,336.9485284213362,331.20508759597254,333.11956787109375,26466800,0.0,0.0
2025-08-14 00:00:00+07:00,338.8630086964574,340.77748897157863,329.2906073208513,333.11956787109375,22444400,0.0,0.0
2025-08-15 00:00:00+07:00,333.11957223074774,335.03405253092444,321.6326904296875,321.6326904296875,23224700,0.0,0.0
2025-08-19 00:00:00+07:00,321.63268092720807,329.2906019016654,317.80372043997943,319.71820068359375,35085100,0.0,0.0
2025-08-20 00:00:00+07:00,319.71820068359375,327.3761216580511,317.80372043997943,319.71820068359375,32380700,0.0,0.0
2025-08-21 00:00:00+07:00,321.6326789407169,327.37611963608686,319.71819870892693,325.4616394042969,14937400,0.0,0.0
2025-08-22 00:00:00+07:00,327.3761176842485,340.7774792268786,327.3761176842485,331.205078125,62959600,0.0,0.0
2025-08-25 00:00:00+07:00,333.11954870889355,338.86298920387446,329.29058837890625,329.29058837890625,30325600,0.0,0.0
2025-08-26 00:00:00+07:00,329.2905979046243,333.1195583453757,327.3761176842485,331.205078125,18139800,0.0,0.0
2025-08-27 00:00:00+07:00,333.11954694475446,346.5209080287388,329.29058663504463,335.0340270996094,64765800,0.0,0.0
2025-08-28 00:00:00+07:00,335.03402887388717,340.7774693688681,323.54714788392533,329.29058837890625,52478600,0.0,0.0
2025-08-29 00:00:00+07:00,327.3761291503906,327.3761291503906,312.06028685095714,327.3761291503906,53933400,0.0,0.0
2025-09-01 00:00:00+07:00,313.9747427481192,319.7181831642433,302.48786191587095,310.1457824707031,70625000,0.0,0.0
2025-09-02 00:00:00+07:00,313.9747692289806,325.4616510300409,312.0602889288039,321.6326904296875,24870600,0.0,0.0
2025-09-03 00:00:00+07:00,321.6326789407169,335.0340405632468,321.6326789407169,325.4616394042969,31139600,0.0,0.0
2025-09-04 00:00:00+07:00,327.3761313302176,329.2906116303943,319.7182101295108,321.6326904296875,13793700,0.0,0.0
2025-09-08 00:00:00+07:00,321.63268298637576,323.54716324224705,313.9747619628906,313.9747619628906,25693100,0.0,0.0
2025-09-09 00:00:00+07:00,313.9747427481192,317.8037030255353,308.2313023319951,310.1457824707031,20554500,0.0,0.0
2025-09-10 00:00:00+07:00,312.06029108220883,321.6326926491477,312.06029108220883,315.8892517089844,13173900,0.0,0.0
2025-09-11 00:00:00+07:00,319.71821233576,321.6326926491477,315.8892517089844,315.8892517089844,11195800,0.0,0.0
2025-09-12 00:00:00+07:00,317.8037298293341,321.6326904296875,315.8892495291573,321.6326904296875,8413500,0.0,0.0
2025-09-15 00:00:00+07:00,321.6326694827108,327.37611000918776,317.8037091317261,323.5471496582031,18276000,0.0,0.0
2025-09-16 00:00:00+07:00,327.3761216580511,327.3761216580511,319.71820068359375,319.71820068359375,10287100,0.0,0.0
2025-09-17 00:00:00+07:00,319.71822182528945,321.63270219550077,313.9747807146555,317.8037414550781,11757900,0.0,0.0
2025-09-18 00:00:00+07:00,317.8037224746332,319.71820273050446,313.9747619628906,313.9747619628906,9666700,0.0,0.0
2025-09-19 00:00:00+07:00,313.9747427481192,315.88922288682727,310.1457824707031,310.1457824707031,16711200,0.0,0.0
2025-09-22 00:00:00+07:00,312.06026260941115,315.88922288682727,306.316822193287,310.1457824707031,13622500,0.0,0.0
2025-09-23 00:00:00+07:00,310.1457824707031,312.06026260941115,306.316822193287,310.1457824707031,16871900,0.0,0.0
2025-09-24 00:00:00+07:00,312.0602741241455,312.0602741241455,306.31683349609375,306.31683349609375,12842600,0.0,0.0
2025-09-25 00:00:00+07:00,306.31683349609375,308.23131370544434,304.40235328674316,306.31683349609375,11457600,0.0,0.0
2025-09-26 00:00:00+07:00,306.31682389937106,310.14578419811323,304.40234375,304.40234375,8726800,0.0,0.0
2025-09-29 00:00:00+07:00,306.31682389937106,310.14578419811323,302.48786360062894,304.40234375,20292200,0.0,0.0
2025-09-30 00:00:00+07:00,304.40234375,312.0602643474843,302.48786360062894,304.40234375,18426000,0.0,0.0
2025-10-01 00:00:00+07:00,302.4878845214844,308.231325366829,300.5734042397028,302.4878845214844,18185700,0.0,0.0
2025-10-02 00:00:00+07:00,302.4878653501853,302.4878653501853,296.74442486885266,298.6589050292969,13561100,0.0,0.0
2025-10-03 00:00:00+07:00,298.65892609627014,298.65892609627014,291.00100491431454,296.74444580078125,18102100,0.0,0.0
2025-10-06 00:00:00+07:00,296.7444480092902,298.65892831902755,289.08652677034075,291.0010070800781,20929800,0.0,0.0
2025-10-07 00:00:00+07:00,291.0009975812293,292.91547782847425,289.0865173339844,289.0865173339844,13306900,0.0,0.0
2025-10-08 00:00:00+07:00,289.0865077718099,292.91546813964845,287.1720275878906,287.1720275878906,18536400,0.0,0.0
2025-10-09 00:00:00+07:00,287.17202579273896,292.91546630859375,287.17202579273896,292.91546630859375,18362600,0.0,0.0
2025-10-10 00:00:00+07:00,294.82996550529236,308.23132757371474,292.9154852098034,296.74444580078125,32456200,0.0,0.0
2025-10-13 00:00:00+07:00,292.91546630859375,302.4878671683517,287.17202579273896,292.91546630859375,17448500,0.0,0.0
2025-10-14 00:00:00+07:00,296.7444480092902,298.65892831902755,287.17204646060344,291.0010070800781,23645400,0.0,0.0
2025-10-15 00:00:00+07:00,291.00099965688344,292.91547991778395,283.34307861328125,283.34307861328125,29794700,0.0,0.0
2025-10-16 00:00:00+07:00,283.34307861328125,285.25755887418177,279.51411809148016,283.34307861328125,25122500,0.0,0.0
2025-10-17 00:00:00+07:00,283.34309978874364,285.2575801927216,279.5141389807876,281.4286193847656,13385300,0.0,0.0
2025-10-20 00:00:00+07:00,281.4285852768842,292.91546630859375,279.5141051049326,292.91546630859375,15339900,0.0,0.0
2025-10-21 00:00:00+07:00,292.9154852098034,300.5734063917591,289.0865246188256,296.74444580078125,12475100,0.0,0.0
2025-10-22 00:00:00+07:00,298.6589050292969,302.4878653501853,292.91546454796423,298.6589050292969,14086700,0.0,0.0
2025-10-23 00:00:00+07:00,298.6589145538913,306.3168354398885,296.744434332392,300.5733947753906,19169700,0.0,0.0
2025-10-24 00:00:00+07:00,302.4878845214844,304.4023648032659,300.5734042397028,302.4878845214844,8861900,0.0,0.0
2025-10-27 00:00:00+07:00,302.48786360062894,306.31682389937106,294.82994300314465,304.40234375,17502500,0.0,0.0
2025-10-28 00:00:00+07:00,304.40234375,308.2313040487422,302.48786360062894,304.40234375,13467600,0.0,0.0
2025-10-29 00:00:00+07:00,308.2313040487422,312.0602643474843,304.40234375,304.40234375,12689600,0.0,0.0
2025-10-30 00:00:00+07:00,306.3168450850475,315.8892464939552,302.4878845214844,302.4878845214844,43518800,0.0,0.0
2025-10-31 00:00:00+07:00,302.4878845214844,310.1458056486106,296.7444436761397,302.4878845214844,24375500,0.0,0.0
2025-11-03 00:00:00+07:00,302.48786360062894,310.14578419811323,302.48786360062894,304.40234375,14605300,0.0,0.0
2025-11-04 00:00:00+07:00,306.3168450850475,306.3168450850475,302.4878845214844,302.4878845214844,11686000,0.0,0.0
2025-11-05 00:00:00+07:00,302.4878749968899,304.40235521838923,298.6589145538913,300.5733947753906,14462500,0.0,0.0
2025-11-06 00:00:00+07:00,300.5733947753906,304.40235521838923,294.8299541108927,300.5733947753906,13594100,0.0,0.0
2025-11-07 00:00:00+07:00,300.5734063917591,302.48788668724796,296.74444580078125,296.74444580078125,14544100,0.0,0.0
2025-11-10 00:00:00+07:00,294.82994648054535,300.57338699640013,292.91546630859375,292.91546630859375,18164800,0.0,0.0
2025-11-11 00:00:00+07:00,294.82996769955287,296.7444480092902,289.08652677034075,291.0010070800781,21843100,0.0,0.0
2025-11-12 00:00:00+07:00,291.0010070800781,292.9154873898155,289.08652677034075,291.0010070800781,19581700,0.0,0.0
2025-11-13 00:00:00+07:00,291.0009975812293,294.82995807571916,289.0865173339844,289.0865173339844,19467700,0.0,0.0
2025-11-14 00:00:00+07:00,291.00098613664215,294.82994648054535,289.08650596469056,292.91546630859375,6572800,0.0,0.0
2025-11-17 00:00:00+07:00,292.91546454796423,298.6589050292969,292.91546454796423,298.6589050292969,14253700,0.0,0.0
2025-11-18 00:00:00+07:00,298.6589165229302,300.5733967570515,292.91547582056614,294.8299560546875,10004400,0.0,0.0
2025-11-19 00:00:00+07:00,296.74442665249694,296.74442665249694,292.91546630859375,292.91546630859375,5708800,0.0,0.0
2025-11-20 00:00:00+07:00,292.91546630859375,296.74442665249694,292.91546630859375,292.91546630859375,4505400,0.0,0.0
2025-11-21 00:00:00+07:00,292.91547582056614,294.8299560546875,291.0009955864448,294.8299560546875,7372100,0.0,0.0
2025-11-24 00:00:00+07:00,294.82994648054535,296.74442665249694,292.91546630859375,292.91546630859375,8332300,0.0,0.0
2025-11-25 00:00:00+07:00,292.91546454796423,300.5733851897411,292.91546454796423,298.6589050292969,14793400,0.0,0.0
2025-11-26 00:00:00+07:00,298.65892609627014,302.48788668724796,296.74444580078125,296.74444580078125,10604100,0.0,0.0
2025-11-27 00:00:00+07:00,296.74444580078125,300.5734063917591,294.82996550529236,296.74444580078125,13988000,0.0,0.0
2025-11-28 00:00:00+07:00,298.65890682444854,298.65890682444854,291.00098613664215,292.91546630859375,12341500,0.0,0.0
2025-12-01 00:00:00+07:00,294.8299560546875,294.8299560546875,291.0009955864448,294.8299560546875,6708500,0.0,0.0
2025-12-02 00:00:00+07:00,294.82994648054535,296.74442665249694,291.00098613664215,292.91546630859375,21594000,0.0,0.0
2025-12-03 00:00:00+07:00,294.82995940417777,319.71820273050446,294.82995940417777,313.9747619628906,151696700,0.0,0.0
2025-12-04 00:00:00+07:00,315.8892422187619,321.63268298637576,306.3168409394055,313.9747619628906,67036200,0.0,0.0
2025-12-05 00:00:00+07:00,319.7182101295108,335.03405253092444,319.7182101295108,321.6326904296875,119200200,0.0,0.0
2025-12-08 00:00:00+07:00,321.63270219550077,331.2051040465573,313.9747807146555,317.8037414550781,47046700,0.0,0.0
2025-12-09 00:00:00+07:00,319.7182242738688,319.7182242738688,308.23134196462803,312.060302734375,32942600,0.0,0.0
2025-12-10 00:00:00+07:00,312.06030034444416,317.8037414550781,310.1458199742329,317.8037414550781,37999400,0.0,0.0
2025-12-11 00:00:00+07:00,317.80371475219727,325.4616355895996,302.4878730773926,306.31683349609375,46567200,0.0,0.0
2025-12-12 00:00:00+07:00,306.31683349609375,313.9747543334961,304.40235328674316,306.31683349609375,25707100,0.0,0.0
2025-12-15 00:00:00+07:00,306.31683349609375,308.23131370544434,300.573392868042,306.31683349609375,31426100,0.0,0.0
2025-12-16 00:00:00+07:00,308.23131731818705,335.0340405632468,308.23131731818705,325.4616394042969,148532600,0.0,0.0
2025-12-17 00:00:00+07:00,327.37611963608686,333.1195603314568,319.71819870892693,325.4616394042969,74252600,0.0,0.0
2025-12-18 00:00:00+07:00,331.2050675796589,375.2381112463187,321.6326667825589,365.66571044921875,743753100,0.0,0.0
2025-12-19 00:00:00+07:00,365.665722091763,365.665722091763,327.3761176842485,331.205078125,204071500,0.0,0.0
2025-12-22 00:00:00+07:00,336.9485072544643,344.6064278738839,325.4616263253348,335.0340270996094,90345600,0.0,0.0
2025-12-23 00:00:00+07:00,336.9485168457031,346.52091789245605,335.03403663635254,336.9485168457031,56709300,0.0,0.0
2025-12-24 00:00:00+07:00,340.77747536771125,359.92227735466133,331.20507437423623,342.69195556640625,131848600,0.0,0.0
2025-12-29 00:00:00+07:00,346.52092979694237,396.29741695009426,346.52092979694237,388.6394958496094,321327600,0.0,0.0
2025-12-30 00:00:00+07:00,392.4684189776985,398.2118592554209,371.409137959383,375.23809814453125,178042300,0.0,0.0
2026-01-02 00:00:00+07:00,380.98156337824344,438.4159699176771,380.98156337824344,423.1001281738281,406653500,0.0,0.0
2026-01-05 00:00:00+07:00,425.0146064758301,453.73180961608887,421.1856460571289,428.84356689453125,287773400,0.0,0.0
2026-01-06 00:00:00+07:00,434.58703346076646,436.50151378438215,405.8698286065308,415.4422302246094,147916700,0.0,0.0
2026-01-07 00:00:00+07:00,419.27116386811315,423.1001242687352,402.040842065314,403.955322265625,119457100,0.0,0.0
2026-01-08 00:00:00+07:00,403.95531094689886,409.69875138690213,377.1525888935501,407.7842712402344,196516300,0.0,0.0
2026-01-09 00:00:00+07:00,411.61324701076603,415.44220744807546,392.46844482421875,392.46844482421875,111082700,0.0,0.0
2026-01-12 00:00:00+07:00,392.4684429168701,411.613245010376,384.8105220794678,398.2118835449219,137901700,0.0,0.0
2026-01-13 00:00:00+07:00,402.0408556299302,402.0408556299302,386.7250135106948,394.3829345703125,56034600,0.0,0.0
2026-01-14 00:00:00+07:00,394.3829267309346,419.2711696799742,392.4684465040854,417.356689453125,117349900,0.0,0.0
2026-01-15 00:00:00+07:00,417.35668366780214,419.27116386811315,400.126361865003,403.955322265625,72321600,0.0,0.0
2026-01-19 00:00:00+07:00,403.95533589483466,403.95533589483466,384.81053324579034,394.3829345703125,48042200,0.0,0.0
2026-01-20 00:00:00+07:00,392.4684543054081,403.95533589483466,390.55397404050365,394.3829345703125,40550100,0.0,0.0
2026-01-21 00:00:00+07:00,396.29741695009426,402.040857775458,386.72501557448817,388.6394958496094,40276500,0.0,0.0
2026-01-22 00:00:00+07:00,388.63948633175085,396.2974072446917,386.7250061035156,386.7250061035156,37370300,0.0,0.0
2026-01-23 00:00:00+07:00,388.6394925290439,392.4684530465714,356.09332813005994,369.49468994140625,96191300,0.0,0.0
2026-01-26 00:00:00+07:00,369.49468994140625,379.06709123522506,365.66572942387876,369.49468994140625,41653300,0.0,0.0
2026-01-27 00:00:00+07:00,369.49465786680884,380.98153842225366,363.7512175890864,375.23809814453125,37412100,0.0,0.0
2026-01-28 00:00:00+07:00,373.3236177088851,373.3236177088851,335.03401589258914,338.86297607421875,93494200,0.0,0.0
2026-01-29 00:00:00+07:00,336.9485072544643,346.5209080287388,289.0865033830915,335.0340270996094,96822500,0.0,0.0
2026-01-30 00:00:00+07:00,340.7774790607432,361.8367614746094,340.7774790607432,361.8367614746094,47619000,0.0,0.0
2026-02-02 00:00:00+07:00,354.17882864815846,354.17882864815846,327.3761064801897,335.0340270996094,49605400,0.0,0.0
2026-02-03 00:00:00+07:00,336.94850805791884,373.32363108689873,335.03402789849883,365.66571044921875,56396000,0.0,0.0
2026-02-04 00:00:00+07:00,365.66571223482174,367.58019240359044,354.1788312222095,359.9222717285156,22039000,0.0,0.0
2026-02-05 00:00:00+07:00,358.0078104119552,369.4946920294511,358.0078104119552,363.7512512207031,28426900,0.0,0.0
2026-02-06 00:00:00+07:00,354.1788445144403,359.9222852362961,344.60644331134733,350.3498840332031,22204400,0.0,0.0
2026-02-09 00:00:00+07:00,352.264371657754,363.751253342246,340.77748997326205,358.0078125,34245200,0.0,0.0
2026-02-10 00:00:00+07:00,352.2643622941868,363.7512436733451,352.2643622941868,356.09332275390625,26584000,0.0,0.0
2026-02-11 00:00:00+07:00,358.00779914855957,371.4091606140137,356.093318939209,367.5802001953125,48414500,0.0,0.0
2026-02-12 00:00:00+07:00,373.32364643039415,386.72500809712625,373.32364643039415,380.9815673828125,85558300,0.0,0.0
2026-02-13 00:00:00+07:00,382.89606884272416,386.7250295311514,377.1526278100833,379.0671081542969,37407100,0.0,0.0
2026-02-18 00:00:00+07:00,388.6394843869093,400.1263656988377,380.9815635122904,392.46844482421875,88336600,0.0,0.0
2026-02-19 00:00:00+07:00,396.29742887126866,398.2119092039801,382.89606654228857,384.810546875,49995900,0.0,0.0
2026-02-20 00:00:00+07:00,384.81053959415647,388.6395001871332,377.1526184082031,377.1526184082031,24152400,0.0,0.0
2026-02-23 00:00:00+07:00,380.981554218367,394.3829154220282,380.981554218367,390.553955078125,39248200,0.0,0.0
2026-02-24 00:00:00+07:00,392.46844881144,394.3829290495446,377.1526069066033,380.9815673828125,31525000,0.0,0.0
2026-02-25 00:00:00+07:00,380.98158620957713,386.72502720771143,377.1526255441542,384.810546875,25007900,0.0,0.0
2026-02-26 00:00:00+07:00,390.5539804836215,392.46846078010987,365.66573662927306,377.1526184082031,51663000,0.0,0.0
2026-02-27 00:00:00+07:00,377.15261627197265,382.89605712890625,367.58021484375,382.89605712890625,24992900,0.0,0.0
2026-03-02 00:00:00+07:00,384.810547160211,409.69879150390625,382.89606682608064,409.69879150390625,165826000,0.0,0.0
2026-03-03 00:00:00+07:00,415.44221323841026,430.75805520111663,402.04085152104216,405.86981201171875,233602700,0.0,0.0
2026-03-04 00:00:00+07:00,407.7843008422852,411.6132614135742,371.4091754150391,382.89605712890625,132443500,0.0,0.0
2026-03-05 00:00:00+07:00,394.38293884277346,398.2118994140625,380.98157684326173,382.89605712890625,40566700,0.0,0.0
2026-03-06 00:00:00+07:00,384.8105241079179,390.55396476624503,359.922281255167,361.8367614746094,72706700,0.0,0.0
2026-03-09 00:00:00+07:00,352.26434849330354,352.26434849330354,323.5471461704799,335.0340270996094,77404900,0.0,0.0
2026-03-10 00:00:00+07:00,342.6919744502115,352.2643759711671,336.9485335376381,346.52093505859375,30658100,0.0,0.0
2026-03-11 00:00:00+07:00,350.3498763611863,361.83675755335634,342.69195556640625,342.69195556640625,40296600,0.0,0.0
2026-03-12 00:00:00+07:00,342.69193625584836,346.5208964374779,335.03401589258914,338.86297607421875,17405200,0.0,0.0
2026-03-13 00:00:00+07:00,338.86298920387446,338.86298920387446,325.46162804891895,329.29058837890625,26818900,0.0,0.0
2026-03-16 00:00:00+07:00,329.2905901846801,329.2905901846801,312.0602686052492,323.5471496582031,18951500,0.0,0.0
2026-03-17 00:00:00+07:00,323.5471685755322,335.03405030010737,323.5471685755322,327.3761291503906,14696100,0.0,0.0
2026-03-25 00:00:00+07:00,327.37610480490696,346.5209062554863,321.63266436973316,340.7774658203125,23114100,0.0,0.0
2026-03-26 00:00:00+07:00,340.7774675641741,342.69194771902903,335.0340270996094,335.0340270996094,6771500,0.0,0.0
2026-03-27 00:00:00+07:00,335.0340385657514,335.0340385657514,327.3761176842485,331.205078125,10356800,0.0,0.0
2026-03-30 00:00:00+07:00,333.11955642700195,338.8629970550537,329.2905960083008,336.9485168457031,12280700,0.0,0.0
2026-03-31 00:00:00+07:00,338.8629990065029,340.7774792268786,327.3761176842485,331.205078125,15175200,0.0,0.0
2026-04-01 00:00:00+07:00,336.9485168457031,342.6919574737549,333.11955642700195,336.9485168457031,26543700,0.0,0.0
2026-04-02 00:00:00+07:00,335.03405030010737,335.03405030010737,327.3761291503906,327.3761291503906,15789100,0.0,0.0
2026-04-06 00:00:00+07:00,327.37611963608686,327.37611963608686,321.6326789407169,325.4616394042969,12437300,0.0,0.0
2026-04-07 00:00:00+07:00,325.46166293592336,333.11958441676865,317.8037414550781,317.8037414550781,14890100,0.0,0.0
2026-04-08 00:00:00+07:00,329.2905979046243,335.0340385657514,325.4616374638728,331.205078125,19942600,0.0,0.0
2026-04-09 00:00:00+07:00,333.11957001267814,335.03405030010737,325.46164886296145,327.3761291503906,12048800,0.0,0.0
2026-04-10 00:00:00+07:00,327.3761176842485,333.1195583453757,327.3761176842485,331.205078125,5222900,0.0,0.0
2026-04-13 00:00:00+07:00,327.3761157989502,338.8629970550537,321.63267517089844,336.9485168457031,23137700,0.0,0.0
2026-04-14 00:00:00+07:00,340.77748283011016,352.26436427382174,335.03404210825437,350.3498840332031,47425500,0.0,0.0
2026-04-15 00:00:00+07:00,352.2643759711671,354.1788562753582,342.6919744502115,346.52093505859375,22345700,0.0,0.0
2026-04-16 00:00:00+07:00,346.52093505859375,352.2643759711671,342.6919744502115,346.52093505859375,15294600,0.0,0.0
2026-04-17 00:00:00+07:00,346.5209255642361,350.3498860677083,344.6064453125,344.6064453125,8015900,0.0,0.0
2026-04-20 00:00:00+07:00,346.5209444486178,352.2643855168269,340.77750338040863,348.4354248046875,18381000,0.0,0.0
2026-04-21 00:00:00+07:00,348.4354131947393,356.09333436385447,346.5209329024605,352.2643737792969,20108000,0.0,0.0
2026-04-22 00:00:00+07:00,356.0933247550589,356.0933247550589,346.52092355196595,350.3498840332031,17844800,0.0,0.0
2026-04-23 00:00:00+07:00,350.3498860677083,356.09332682291665,344.6064453125,344.6064453125,11688700,0.0,0.0
2026-04-24 00:00:00+07:00,344.60643768310547,348.43539810180664,331.20507621765137,336.9485168457031,20734500,0.0,0.0
2026-04-27 00:00:00+07:00,336.9485090388808,338.86298920387446,327.3761082139126,329.29058837890625,12069700,0.0,0.0
2026-04-28 00:00:00+07:00,329.29058837890625,331.20506854389987,325.46162804891895,329.29058837890625,10366500,0.0,0.0
2026-04-29 00:00:00+07:00,329.2906032986111,346.5209255642361,329.2906032986111,344.6064453125,21598000,0.0,0.0
2026-04-30 00:00:00+07:00,344.6064495218211,346.52092979694237,329.2906073208513,333.11956787109375,16703500,0.0,0.0
2026-05-04 00:00:00+07:00,329.2906116303943,331.20509193057103,319.7182101295108,321.6326904296875,24752600,0.0,0.0
2026-05-05 00:00:00+07:00,321.6326694827108,323.5471496582031,317.8037091317261,323.5471496582031,7826000,0.0,0.0
2026-05-06 00:00:00+07:00,323.5471591725069,329.29059986787684,323.5471591725069,325.4616394042969,5889200,0.0,0.0
2026-05-07 00:00:00+07:00,327.3761291503906,329.2906094378198,323.5471685755322,327.3761291503906,7533800,0.0,0.0
2026-05-08 00:00:00+07:00,327.3761433061347,329.290623676346,317.8037414550781,317.8037414550781,16804300,0.0,0.0
2026-05-11 00:00:00+07:00,317.8037030255353,319.7181831642433,300.57338177716287,310.1457824707031,26481300,0.0,0.0
2026-05-12 00:00:00+07:00,312.06025288267904,317.8036931197836,302.4878524875049,308.2312927246094,10922100,0.0,0.0
2026-05-13 00:00:00+07:00,308.2312927246094,310.1457728036442,304.4023325665397,308.2312927246094,5872300,0.0,0.0
2026-05-14 00:00:00+07:00,308.2312927246094,308.2312927246094,308.2312927246094,308.2312927246094,0,0.0,0.0
2026-05-15 00:00:00+07:00,308.2312927246094,308.2312927246094,308.2312927246094,308.2312927246094,0,0.0,0.0
2026-05-18 00:00:00+07:00,308.2313040487422,308.2313040487422,298.6589033018868,304.40234375,11859000,0.0,0.0
2026-05-19 00:00:00+07:00,304.4023572252942,310.1457979276583,292.91547582056614,294.8299560546875,13895400,0.0,0.0
2026-05-20 00:00:00+07:00,294.82996769955287,298.65892831902755,289.08652677034075,291.0010070800781,13059000,0.0,0.0
2026-05-21 00:00:00+07:00,291.00096982758623,296.74441002155174,277.599609375,277.599609375,11793600,0.0,0.0
2026-05-22 00:00:00+07:00,277.599624932981,292.91546630859375,271.8561844171262,292.91546630859375,12628300,0.0,0.0
2026-05-25 00:00:00+07:00,296.74442665249694,298.65890682444854,289.08650596469056,292.91546630859375,8605600,0.0,0.0
2026-05-26 00:00:00+07:00,292.9154873898155,296.7444480092902,289.08652677034075,291.0010070800781,3337100,0.0,0.0
2026-05-27 00:00:00+07:00,291.0010070800781,291.0010070800781,291.0010070800781,291.0010070800781,0,0.0,0.0
2026-05-28 00:00:00+07:00,291.0010070800781,291.0010070800781,291.0010070800781,291.0010070800781,0,0.0,0.0
2026-05-29 00:00:00+07:00,287.1720275878906,294.8299483235677,285.2575474039714,287.1720275878906,5294300,0.0,0.0
2026-06-02 00:00:00+07:00,287.17204646060344,291.0010070800781,285.25756615086607,291.0010070800781,5433700,0.0,0.0
2026-06-03 00:00:00+07:00,294.82996017868453,294.82996017868453,277.5996378305796,283.34307861328125,11224000,0.0,0.0
2026-06-04 00:00:00+07:00,281.4285927630485,283.3430729859264,262.2837905342697,269.94171142578125,17725600,0.0,0.0
2026-06-05 00:00:00+07:00,269.9417055044601,275.6851460471082,256.54034423828125,256.54034423828125,11880300,0.0,0.0
2026-06-08 00:00:00+07:00,256.5403519850511,258.4548322237455,243.1389903141902,248.88243103027344,13568000,0.0,0.0
2026-06-09 00:00:00+07:00,248.88242351475046,258.45482441916397,239.310022610337,256.54034423828125,14868700,0.0,0.0
2026-06-10 00:00:00+07:00,256.5403517571049,271.85619365305143,250.7969110461249,264.1982727050781,12082800,0.0,0.0
2026-06-11 00:00:00+07:00,264.19826312656824,268.0272234617359,256.5403424562329,262.2837829589844,8118900,0.0,0.0
2026-06-12 00:00:00+07:00,262.2837795444302,277.59962068571076,262.2837795444302,273.7706604003906,10521900,0.0,0.0
2026-06-15 00:00:00+07:00,275.685146484375,287.1720275878906,275.685146484375,287.1720275878906,12174900,0.0,0.0
2026-06-17 00:00:00+07:00,287.1720096982759,291.00096982758623,275.68512931034485,277.599609375,13656200,0.0,0.0
2026-06-18 00:00:00+07:00,277.59963035583496,279.51411056518555,273.7706699371338,275.6851501464844,2665100,0.0,0.0
2026-06-19 00:00:00+07:00,279.5141389807876,285.2575801927216,277.59965857680965,281.4286193847656,4538900,0.0,0.0
2026-06-22 00:00:00+07:00,281.4286099786628,283.34309031865365,277.59964929868096,279.5141296386719,4205700,0.0,0.0
2026-06-23 00:00:00+07:00,279.5141296386719,281.4286099786628,275.68516895869004,279.5141296386719,3732900,0.0,0.0
2026-06-24 00:00:00+07:00,281.42859077453613,287.1720314025879,275.6851501464844,275.6851501464844,8465700,0.0,0.0
2026-06-25 00:00:00+07:00,275.68516895869004,279.5141296386719,273.7706886186991,279.5141296386719,5107300,0.0,0.0
2026-06-26 00:00:00+07:00,279.5140909544179,279.5140909544179,271.8561706542969,271.8561706542969,5757300,0.0,0.0
2026-06-29 00:00:00+07:00,273.77065072932714,277.5996108793877,271.8561706542969,271.8561706542969,3238600,0.0,0.0
2026-06-30 00:00:00+07:00,271.85620565975415,277.5996466243968,258.4548434089212,260.36932373046875,8218900,0.0,0.0
2026-07-01 00:00:00+07:00,260.36930460004663,262.28378478092935,254.62586405739856,256.54034423828125,8309300,0.0,0.0
2026-07-02 00:00:00+07:00,256.54036308737363,262.2838040520163,256.54036308737363,260.36932373046875,9711500,0.0,0.0
2026-07-03 00:00:00+07:00,265.8246733721565,269.7922058105469,261.8571409337661,269.7922058105469,10794700,9.5,0.0
2026-07-06 00:00:00+07:00,269.7922106291118,269.7922106291118,263.8409118652344,263.8409118652344,6731700,0.0,0.0
2026-07-07 00:00:00+07:00,265.8246673583985,277.7272644042969,263.84090118408204,277.7272644042969,8838600,0.0,0.0
2026-07-08 00:00:00+07:00,275.74350446813247,277.7272706873277,267.8084395913517,269.7922058105469,4369600,0.0,0.0
2026-07-09 00:00:00+07:00,269.7922073929398,277.7272723162616,267.8084411621094,267.8084411621094,5656900,0.0,0.0
2026-07-10 00:00:00+07:00,273.7597366667142,273.7597366667142,269.7922042512546,271.7759704589844,2255300,0.0,0.0
2026-07-13 00:00:00+07:00,273.7597320556641,277.7272644042969,269.7921997070313,277.7272644042969,6267800,0.0,0.0
2026-07-14 00:00:00+07:00,279.7110290527344,285.6623275432181,277.7272628892398,279.7110290527344,7358100,0.0,0.0
2026-07-15 00:00:00+07:00,283.67856137972353,285.6623275432181,279.7110290527344,279.7110290527344,4704100,0.0,0.0
2026-07-16 00:00:00+07:00,285.6623244919143,285.6623244919143,279.71102606499943,283.6785583496094,3339600,0.0,0.0
2026-07-17 00:00:00+07:00,287.6460876464844,287.6460876464844,281.6947892813847,287.6460876464844,4318500,0.0,0.0
2026-07-20 00:00:00+07:00,289.6298522949219,295.58115062974906,287.64608618331283,289.6298522949219,9284600,0.0,0.0
2026-07-21 00:00:00+07:00,293.5974088541667,297.56494140625,291.613642578125,297.56494140625,6113800,0.0,0.0
2026-07-22 00:00:00+07:00,297.5649152483259,299.5486813499814,287.64608474004837,291.6136169433594,9113200,0.0,0.0
2026-07-23 00:00:00+07:00,293.5974104708473,303.51624190567327,293.5974104708473,295.5811767578125,18108000,0.0,0.0
2026-07-24 00:00:00+07:00,295.5811784074113,295.5811784074113,289.62987951330234,293.597412109375,7632500,0.0,0.0
2026-07-27 00:00:00+07:00,293.5973875257704,295.5811536577013,283.67855686611597,285.6623229980469,6164100,0.0,0.0
2026-07-28 00:00:00+07:00,287.64608618331283,291.6136184065309,285.6623200717038,289.6298522949219,5616800,0.0,0.0
2026-07-29 00:00:00+07:00,289.62985526190863,291.61362139383954,279.7110246022542,285.6623229980469,3886600,0.0,0.0
2026-07-30 00:00:00+07:00,285.6623215247845,289.62985376818426,281.6947892813847,287.6460876464844,3345500,0.0,0.0
2026-07-31 00:00:00+07:00,297.56494140625,301.53247395833336,295.58117513020835,297.56494140625,20115700,0.0,0.0
2026-08-03 00:00:00+07:00,301.53247395833336,303.516240234375,295.58117513020835,297.56494140625,18966000,0.0,0.0
2026-08-04 00:00:00+07:00,297.56493978942467,301.53247231995033,297.56493978942467,299.5487060546875,13549700,0.0,0.0
2026-08-05 00:00:00+07:00,301.5324659778226,309.4675308719758,301.5324659778226,307.4837646484375,15396500,0.0,0.0
2026-08-06 00:00:00+07:00,311.4512955103165,311.4512955103165,305.499996869992,309.467529296875,14882800,0.0,0.0
2026-08-07 00:00:00+07:00,309.46753246753246,309.46753246753246,303.51623376623377,305.5,18946800,0.0,0.0
2026-08-10 00:00:00+07:00,306.0,308.0,302.0,302.0,14392700,2.5,0.0
2026-08-11 00:00:00+07:00,306.0,306.0,298.0,302.0,10297800,0.0,0.0
2026-08-12 00:00:00+07:00,302.0,304.0,300.0,302.0,5171500,0.0,0.0
2026-08-13 00:00:00+07:00,302.0,302.0,298.0,300.0,3112700,0.0,0.0
2026-08-14 00:00:00+07:00,300.0,304.0,298.0,302.0,4121100,0.0,0.0
2026-08-18 00:00:00+07:00,304.0,310.0,300.0,308.0,11471200,0.0,0.0
2026-08-19 00:00:00+07:00,310.0,312.0,308.0,308.0,8243800,0.0,0.0
2026-08-20 00:00:00+07:00,310.0,314.0,308.0,310.0,9850200,0.0,0.0
2026-08-21 00:00:00+07:00,312.0,316.0,310.0,312.0,6400200,0.0,0.0
2026-08-24 00:00:00+07:00,312.0,314.0,310.0,314.0,9994900,0.0,0.0
2026-08-25 00:00:00+07:00,314.0,314.0,314.0,314.0,0,0.0,0.0
2026-08-26 00:00:00+07:00,312.0,314.0,306.0,308.0,9803600,0.0,0.0
2026-08-27 00:00:00+07:00,306.0,312.0,304.0,312.0,8844900,0.0,0.0
2026-08-28 00:00:00+07:00,312.0,314.0,308.0,312.0,8238000,0.0,0.0
2026-08-31 00:00:00+07:00,312.0,322.0,312.0,320.0,17034000,0.0,0.0
2026-09-01 00:00:00+07:00,320.0,328.0,320.0,324.0,14448900,0.0,0.0
2026-09-02 00:00:00+07:00,324.0,326.0,314.0,318.0,11601600,0.0,0.0
2026-09-03 00:00:00+07:00,320.0,354.0,320.0,348.0,63737000,0.0,0.0
2026-09-04 00:00:00+07:00,350.0,352.0,344.0,346.0,21343500,0.0,0.0
2026-09-07 00:00:00+07:00,348.0,370.0,348.0,362.0,51302800,0.0,0.0
2026-09-08 00:00:00+07:00,362.0,364.0,356.0,362.0,15986500,0.0,0.0
2026-09-09 00:00:00+07:00,370.0,408.0,370.0,384.0,116910700,0.0,0.0
2026-09-10 00:00:00+07:00,388.0,396.0,380.0,384.0,41934200,0.0,0.0
2026-09-11 00:00:00+07:00,382.0,396.0,366.0,392.0,52258400,0.0,0.0
2026-09-14 00:00:00+07:00,390.0,398.0,384.0,396.0,38042500,0.0,0.0
2026-09-15 00:00:00+07:00,398.0,404.0,390.0,390.0,36316200,0.0,0.0
2026-09-16 00:00:00+07:00,390.0,402.0,390.0,390.0,30294300,0.0,0.0
2026-09-17 00:00:00+07:00,388.0,400.0,388.0,398.0,24021800,0.0,0.0
2026-09-18 00:00:00+07:00,398.0,406.0,394.0,396.0,26531100,0.0,0.0
