Date,Open,High,Low,Close,Volume,Dividends,Stock Splits
2022-08-08 00:00:00+07:00,251.17893981933594,251.17893981933594,208.3854908130787,251.17893981933594,655243700,0.0,0.0
2022-08-09 00:00:00+07:00,269.7847702389672,312.5782165527344,254.90009326026555,312.5782165527344,290810800,0.0,0.0
2022-08-10 00:00:00+07:00,325.602309111577,344.2081553465242,292.1117858886719,292.1117858886719,31386200,0.0,0.0
2022-08-11 00:00:00+07:00,273.50592041015625,273.50592041015625,273.50592041015625,273.50592041015625,4747800,0.0,0.0
2022-08-12 00:00:00+07:00,254.9000701904297,254.9000701904297,254.9000701904297,254.9000701904297,9336900,0.0,0.0
2022-08-15 00:00:00+07:00,238.1548466435185,262.34244825575087,238.1548466435185,251.17893981933594,190982000,0.0,0.0
2022-08-16 00:00:00+07:00,256.76068115234375,271.64535832059556,238.154834692029,256.76068115234375,193701400,0.0,0.0
2022-08-18 00:00:00+07:00,256.7606648189921,279.08767915107836,253.03949576364437,264.2030029296875,140673900,0.0,0.0
2022-08-19 00:00:00+07:00,266.06360707384476,273.505945733253,262.3424377441406,262.3424377441406,65024500,0.0,0.0
2022-08-22 00:00:00+07:00,262.34241534994663,271.6453378800866,253.03949281980667,258.6212463378906,62197300,0.0,0.0
2022-08-23 00:00:00+07:00,258.62123909831917,260.4818235522639,253.03948573648495,254.9000701904297,28409100,0.0,0.0
2022-08-24 00:00:00+07:00,253.03949576364437,271.64534104038296,251.17891123597053,264.2030029296875,137437900,0.0,0.0
2022-08-25 00:00:00+07:00,271.64535832059556,271.64535832059556,254.90009650631228,256.76068115234375,64915000,0.0,0.0
2022-08-26 00:00:00+07:00,260.48186351634837,260.48186351634837,251.17893981933594,251.17893981933594,30877500,0.0,0.0
2022-08-29 00:00:00+07:00,247.4577628241645,251.1789321899414,234.4336700439453,234.4336700439453,50553000,0.0,0.0
2022-08-30 00:00:00+07:00,223.27014987751588,228.85190362445377,219.54898071289062,219.54898071289062,72755800,0.0,0.0
2022-08-31 00:00:00+07:00,219.54898071289062,219.54898071289062,204.66430405438956,219.54898071289062,51342400,0.0,0.0
2022-09-01 00:00:00+07:00,221.40956235139265,223.27014690896738,210.24605500594427,213.96722412109375,18324800,0.0,0.0
2022-09-02 00:00:00+07:00,213.96722827041359,217.68839745772513,208.38547448944627,212.1066436767578,15016200,0.0,0.0
2022-09-05 00:00:00+07:00,213.96722827041359,213.96722827041359,208.38547448944627,212.1066436767578,12119400,0.0,0.0
2022-09-06 00:00:00+07:00,212.1066436767578,221.40956664503668,208.38547448944627,212.1066436767578,25400400,0.0,0.0
2022-09-07 00:00:00+07:00,212.1066436767578,215.82781286406936,208.38547448944627,212.1066436767578,11705500,0.0,0.0
2022-09-08 00:00:00+07:00,212.1066436767578,213.96722827041359,210.24605908310204,212.1066436767578,10081100,0.0,0.0
2022-09-09 00:00:00+07:00,212.10664117531698,230.71248689245007,212.10664117531698,226.99131774902344,50162100,0.0,0.0
2022-09-12 00:00:00+07:00,228.8519079746344,232.57307720999432,217.6884002685547,217.6884002685547,22667300,0.0,0.0
2022-09-13 00:00:00+07:00,217.68839613057798,221.40956529520324,212.1066423836401,219.54898071289062,12853600,0.0,0.0
2022-09-14 00:00:00+07:00,215.82781565087473,217.6884002685547,212.10664641551483,217.6884002685547,12705100,0.0,0.0
2022-09-15 00:00:00+07:00,217.68839745772513,219.5489820513809,210.24605908310204,212.1066436767578,12185000,0.0,0.0
2022-09-16 00:00:00+07:00,213.96721696431658,213.96721696431658,206.52487898294905,210.2460479736328,9514700,0.0,0.0
2022-09-19 00:00:00+07:00,212.1066436767578,213.96722827041359,206.5248898957905,212.1066436767578,5491900,0.0,0.0
2022-09-20 00:00:00+07:00,213.96723679133825,213.96723679133825,208.38548278808594,208.38548278808594,4900400,0.0,0.0
2022-09-21 00:00:00+07:00,208.38548278808594,210.2460674558367,206.52489812033517,208.38548278808594,5081400,0.0,0.0
2022-09-22 00:00:00+07:00,208.38548704954954,210.24607175534908,204.66431763795043,206.52490234375,9073700,0.0,0.0
2022-09-23 00:00:00+07:00,206.52489509582517,223.27015686035156,206.52489509582517,223.27015686035156,29275500,0.0,0.0
2022-09-26 00:00:00+07:00,223.27014690896738,232.57306969684103,210.24605500594427,213.96722412109375,38332300,0.0,0.0
2022-09-27 00:00:00+07:00,212.10665051690464,221.40957378518993,208.38548120959052,215.82781982421875,13697100,0.0,0.0
2022-09-28 00:00:00+07:00,215.82781286406936,217.68839745772513,208.38547448944627,212.1066436767578,9834900,0.0,0.0
2022-09-29 00:00:00+07:00,213.96723679133825,215.82782145908902,206.52489812033517,208.38548278808594,8074100,0.0,0.0
2022-09-30 00:00:00+07:00,208.38546119545992,208.38546119545992,195.3613698707437,197.22195434570312,22092800,0.0,0.0
2022-10-03 00:00:00+07:00,197.22195434570312,197.22195434570312,187.91903197090582,197.22195434570312,6394200,0.0,0.0
2022-10-04 00:00:00+07:00,197.22198058511609,206.52490419762157,195.36139586261498,199.0825653076172,6313400,0.0,0.0
2022-10-05 00:00:00+07:00,199.08255690828375,206.52489548429435,199.08255690828375,202.80372619628906,7203700,0.0,0.0
2022-10-06 00:00:00+07:00,204.6643108402917,208.38548012829702,200.9431415522864,202.80372619628906,6279300,0.0,0.0
2022-10-07 00:00:00+07:00,202.80373475261936,202.80373475261936,195.36139586261498,199.0825653076172,5222100,0.0,0.0
2022-10-10 00:00:00+07:00,197.2219711004519,200.94314036649814,189.77963256835938,189.77963256835938,6887200,0.0,0.0
2022-10-11 00:00:00+07:00,189.77963256835938,197.2219711004519,189.77963256835938,189.77963256835938,3717000,0.0,0.0
2022-10-12 00:00:00+07:00,191.6402130126953,195.36138219740783,189.77962842033904,191.6402130126953,3965100,0.0,0.0
2022-10-13 00:00:00+07:00,193.50080183440562,193.50080183440562,189.77963256835938,189.77963256835938,2870800,0.0,0.0
2022-10-14 00:00:00+07:00,191.6402059120707,191.6402059120707,177.6858219864345,187.91903686523438,22320700,0.0,0.0
2022-10-17 00:00:00+07:00,187.91904793533624,189.77963256835938,178.61612477022058,189.77963256835938,16696400,0.0,0.0
2022-10-18 00:00:00+07:00,189.7796164458653,204.664292245541,189.7796164458653,197.22195434570312,16706400,0.0,0.0
2022-10-19 00:00:00+07:00,199.0825388206626,199.0825388206626,189.7796164458653,197.22195434570312,7761900,0.0,0.0
2022-10-20 00:00:00+07:00,197.22195434570312,200.94312329562206,193.50078539578422,197.22195434570312,8462600,0.0,0.0
2022-10-21 00:00:00+07:00,197.22198058511609,199.0825653076172,191.6402264176128,199.0825653076172,6228200,0.0,0.0
2022-10-24 00:00:00+07:00,199.0825635205518,212.10665646114865,199.0825635205518,206.52490234375,30753900,0.0,0.0
2022-10-25 00:00:00+07:00,206.52489548429435,210.24606477229966,199.08255690828375,202.80372619628906,10862000,0.0,0.0
2022-10-26 00:00:00+07:00,202.80372203480113,206.52489124644885,199.0825528231534,204.664306640625,16696500,0.0,0.0
2022-10-27 00:00:00+07:00,206.52489124644885,208.38547585227272,200.94313742897725,204.664306640625,9377100,0.0,0.0
2022-10-28 00:00:00+07:00,204.66431947512046,206.52490419762157,197.22198058511609,199.0825653076172,8290900,0.0,0.0
2022-10-31 00:00:00+07:00,199.08255690828375,202.80372619628906,199.08255690828375,202.80372619628906,4132400,0.0,0.0
2022-11-01 00:00:00+07:00,200.94314036649814,202.80372499952128,189.77963256835938,189.77963256835938,17954500,0.0,0.0
2022-11-02 00:00:00+07:00,191.6402130126953,195.36138219740783,189.77962842033904,191.6402130126953,7209000,0.0,0.0
2022-11-03 00:00:00+07:00,191.64021720138248,193.50080183440562,189.77963256835938,189.77963256835938,6745200,0.0,0.0
2022-11-04 00:00:00+07:00,191.64020487467448,195.3613739013672,191.64020487467448,195.3613739013672,9577200,0.0,0.0
2022-11-07 00:00:00+07:00,195.36137686835397,204.6642995763708,193.5007923267506,200.94313049316406,15456000,0.0,0.0
2022-11-08 00:00:00+07:00,200.94312329562206,200.94312329562206,195.3613698707437,197.22195434570312,6183900,0.0,0.0
2022-11-09 00:00:00+07:00,197.22195841471353,199.0825429280599,191.64020487467448,195.3613739013672,6295500,0.0,0.0
2022-11-10 00:00:00+07:00,195.36138219740783,195.36138219740783,189.77962842033904,191.6402130126953,8126500,0.0,0.0
2022-11-11 00:00:00+07:00,191.64022401662973,195.3613934150109,189.77963931743915,193.5008087158203,6000700,0.0,0.0
2022-11-14 00:00:00+07:00,193.5007976050516,193.5007976050516,189.77962842033904,191.6402130126953,6572700,0.0,0.0
2022-11-15 00:00:00+07:00,191.6402130126953,193.5007976050516,191.6402130126953,191.6402130126953,3745700,0.0,0.0
2022-11-16 00:00:00+07:00,191.64022401662973,193.5008087158203,189.77963931743915,193.5008087158203,4989900,0.0,0.0
2022-11-17 00:00:00+07:00,193.5008087158203,193.5008087158203,189.77963931743915,193.5008087158203,3526000,0.0,0.0
2022-11-18 00:00:00+07:00,193.5007976050516,193.5007976050516,189.77962842033904,191.6402130126953,2547500,0.0,0.0
2022-11-21 00:00:00+07:00,193.5007976050516,193.5007976050516,189.77962842033904,191.6402130126953,4227200,0.0,0.0
2022-11-22 00:00:00+07:00,191.6402130126953,191.6402130126953,189.77962842033904,191.6402130126953,3191400,0.0,0.0
2022-11-23 00:00:00+07:00,191.6402130126953,191.6402130126953,187.9190438279828,191.6402130126953,2661500,0.0,0.0
2022-11-24 00:00:00+07:00,191.64021720138248,191.64021720138248,187.91904793533624,189.77963256835938,4127700,0.0,0.0
2022-11-25 00:00:00+07:00,189.77963256835938,191.64021720138248,187.91904793533624,189.77963256835938,4225100,0.0,0.0
2022-11-28 00:00:00+07:00,189.77962138865254,189.77962138865254,185.12816008010714,187.91903686523438,9460700,0.0,0.0
2022-11-29 00:00:00+07:00,187.91903686523438,189.77962138865254,186.0584523418162,187.91903686523438,7252200,0.0,0.0
2022-11-30 00:00:00+07:00,187.91904793533624,197.2219711004519,186.0584633023131,189.77963256835938,26098800,0.0,0.0
2022-12-01 00:00:00+07:00,191.64020487467448,195.3613739013672,189.7796203613281,195.3613739013672,14306900,0.0,0.0
2022-12-02 00:00:00+07:00,195.3613934150109,197.22197811420148,191.64022401662973,193.5008087158203,13673100,0.0,0.0
2022-12-05 00:00:00+07:00,193.5007990056818,208.38547585227272,193.5007990056818,204.664306640625,46145900,0.0,0.0
2022-12-06 00:00:00+07:00,202.80370777058152,206.52487672050046,195.3613698707437,197.22195434570312,30091500,0.0,0.0
2022-12-07 00:00:00+07:00,197.22196140995734,204.6642995763708,195.36137686835397,200.94313049316406,16629900,0.0,0.0
2022-12-08 00:00:00+07:00,200.94313049316406,204.6642995763708,197.22196140995734,200.94313049316406,19001700,0.0,0.0
2022-12-09 00:00:00+07:00,202.80371305257967,202.80371305257967,187.91903686523438,187.91903686523438,23049800,0.0,0.0
2022-12-12 00:00:00+07:00,187.91905461824857,195.3613934150109,186.05846991905798,193.5008087158203,17298900,0.0,0.0
2022-12-13 00:00:00+07:00,193.5008087158203,193.5008087158203,187.91905461824857,193.5008087158203,18591000,0.0,0.0
2022-12-14 00:00:00+07:00,193.5007976050516,193.5007976050516,187.9190438279828,191.6402130126953,12150000,0.0,0.0
2022-12-15 00:00:00+07:00,191.6402130126953,191.6402130126953,187.9190438279828,191.6402130126953,15235400,0.0,0.0
2022-12-16 00:00:00+07:00,191.64022401662973,193.5008087158203,187.91905461824857,193.5008087158203,16979700,0.0,0.0
2022-12-19 00:00:00+07:00,193.5008087158203,193.5008087158203,189.77963931743915,193.5008087158203,16102500,0.0,0.0
2022-12-20 00:00:00+07:00,193.50080183440562,193.50080183440562,189.77963256835938,189.77963256835938,14594400,0.0,0.0
2022-12-21 00:00:00+07:00,191.64021720138248,191.64021720138248,186.0584633023131,189.77963256835938,12771600,0.0,0.0
2022-12-22 00:00:00+07:00,189.77963256835938,191.64021720138248,187.91904793533624,189.77963256835938,11019400,0.0,0.0
2022-12-23 00:00:00+07:00,189.77963256835938,189.77963256835938,187.91904793533624,189.77963256835938,3148800,0.0,0.0
2022-12-26 00:00:00+07:00,189.77963256835938,189.77963256835938,187.91904793533624,189.77963256835938,1539300,0.0,0.0
2022-12-27 00:00:00+07:00,189.77963256835938,189.77963256835938,187.91904793533624,189.77963256835938,12969600,0.0,0.0
2022-12-28 00:00:00+07:00,189.77963931743915,195.3613934150109,187.91905461824857,193.5008087158203,15032300,0.0,0.0
2022-12-29 00:00:00+07:00,193.5007976050516,193.5007976050516,187.9190438279828,191.6402130126953,3803900,0.0,0.0
2022-12-30 00:00:00+07:00,191.6402264176128,199.0825653076172,187.9190569726106,199.0825653076172,12569100,0.0,0.0
2023-01-02 00:00:00+07:00,200.9431500301183,204.66431947512046,193.5008111401139,199.0825653076172,17156000,0.0,0.0
2023-01-03 00:00:00+07:00,199.08255690828375,202.80372619628906,195.36138762027844,202.80372619628906,6932300,0.0,0.0
2023-01-04 00:00:00+07:00,202.80373475261936,202.80373475261936,197.22198058511609,199.0825653076172,6434500,0.0,0.0
2023-01-05 00:00:00+07:00,199.08255573347503,199.08255573347503,189.77963256835938,189.77963256835938,8797200,0.0,0.0
2023-01-06 00:00:00+07:00,189.7796164458653,202.80370777058152,187.91903197090582,197.22195434570312,10669900,0.0,0.0
2023-01-09 00:00:00+07:00,197.22195841471353,200.94312744140623,191.64020487467448,195.3613739013672,5678900,0.0,0.0
2023-01-10 00:00:00+07:00,195.3613739013672,199.0825429280599,191.64020487467448,195.3613739013672,4658700,0.0,0.0
2023-01-11 00:00:00+07:00,195.3613934150109,197.22197811420148,191.64022401662973,193.5008087158203,4607400,0.0,0.0
2023-01-12 00:00:00+07:00,193.50078938802082,195.3613739013672,191.64020487467448,195.3613739013672,6713800,0.0,0.0
2023-01-13 00:00:00+07:00,195.3613934150109,195.3613934150109,191.64022401662973,193.5008087158203,5281100,0.0,0.0
2023-01-16 00:00:00+07:00,193.50078938802082,195.3613739013672,191.64020487467448,195.3613739013672,3837800,0.0,0.0
2023-01-17 00:00:00+07:00,195.3613698707437,197.22195434570312,193.50078539578422,197.22195434570312,8225500,0.0,0.0
2023-01-18 00:00:00+07:00,197.22195434570312,199.0825388206626,195.3613698707437,197.22195434570312,5185000,0.0,0.0
2023-01-19 00:00:00+07:00,195.3613739013672,197.22195841471353,193.50078938802082,195.3613739013672,4583700,0.0,0.0
2023-01-20 00:00:00+07:00,195.3613934150109,197.22197811420148,191.64022401662973,193.5008087158203,5879200,0.0,0.0
2023-01-24 00:00:00+07:00,193.50078539578422,199.0825388206626,191.64020092082475,197.22195434570312,8654800,0.0,0.0
2023-01-25 00:00:00+07:00,197.22195841471353,197.22195841471353,193.50078938802082,195.3613739013672,5384500,0.0,0.0
2023-01-26 00:00:00+07:00,195.3613934150109,197.22197811420148,193.5008087158203,193.5008087158203,4441100,0.0,0.0
2023-01-27 00:00:00+07:00,193.5007976050516,195.36138219740783,191.6402130126953,191.6402130126953,6876100,0.0,0.0
2023-01-30 00:00:00+07:00,191.64022401662973,193.5008087158203,189.77963931743915,193.5008087158203,6521600,0.0,0.0
2023-01-31 00:00:00+07:00,193.5007976050516,193.5007976050516,189.77962842033904,191.6402130126953,2134500,0.0,0.0
2023-02-01 00:00:00+07:00,193.5008087158203,193.5008087158203,189.77963931743915,193.5008087158203,3954900,0.0,0.0
2023-02-02 00:00:00+07:00,193.5008087158203,195.3613934150109,191.64022401662973,193.5008087158203,8299400,0.0,0.0
2023-02-03 00:00:00+07:00,193.5008087158203,193.5008087158203,189.77963931743915,193.5008087158203,5686500,0.0,0.0
2023-02-06 00:00:00+07:00,193.50080183440562,193.50080183440562,189.77963256835938,189.77963256835938,2279300,0.0,0.0
2023-02-07 00:00:00+07:00,191.6402130126953,193.5007976050516,189.77962842033904,191.6402130126953,3348100,0.0,0.0
2023-02-08 00:00:00+07:00,191.64022401662973,193.5008087158203,189.77963931743915,193.5008087158203,10373900,0.0,0.0
2023-02-09 00:00:00+07:00,191.64022401662973,195.3613934150109,191.64022401662973,193.5008087158203,11998700,0.0,0.0
2023-02-10 00:00:00+07:00,193.50078938802082,195.3613739013672,191.64020487467448,195.3613739013672,7364100,0.0,0.0
2023-02-13 00:00:00+07:00,193.5007977402001,215.82781286406936,193.5007977402001,212.1066436767578,47592400,0.0,0.0
2023-02-14 00:00:00+07:00,212.10665646114865,225.13074940174548,206.52490234375,206.52490234375,44252000,0.0,0.0
2023-02-15 00:00:00+07:00,208.3854732190148,219.54898071289062,206.5248886367022,219.54898071289062,31213700,0.0,0.0
2023-02-16 00:00:00+07:00,219.54898913153286,221.40957378518993,213.9672351705617,215.82781982421875,20882000,0.0,0.0
2023-02-17 00:00:00+07:00,217.68839613057798,228.85190362445377,215.82781154826534,219.54898071289062,36672200,0.0,0.0
2023-02-20 00:00:00+07:00,219.54898488623462,219.54898488623462,213.96723103319476,217.6884002685547,18540800,0.0,0.0
2023-02-21 00:00:00+07:00,217.68839613057798,223.27014987751588,215.82781154826534,219.54898071289062,15999100,0.0,0.0
2023-02-22 00:00:00+07:00,219.54898488623462,221.40956950391458,213.96723103319476,217.6884002685547,6719500,0.0,0.0
2023-02-23 00:00:00+07:00,217.68839613057798,221.40956529520324,215.82781154826534,219.54898071289062,17112500,0.0,0.0
2023-02-24 00:00:00+07:00,219.54898913153286,221.40957378518993,215.82781982421875,215.82781982421875,17563700,0.0,0.0
2023-02-27 00:00:00+07:00,215.82781565087473,219.54898488623462,213.96723103319476,217.6884002685547,8587200,0.0,0.0
2023-02-28 00:00:00+07:00,217.68840447787582,217.68840447787582,213.9672351705617,215.82781982421875,6645300,0.0,0.0
2023-03-01 00:00:00+07:00,215.82780867866848,219.54897779381793,213.96722412109375,213.96722412109375,16700000,0.0,0.0
2023-03-02 00:00:00+07:00,215.82780867866848,215.82780867866848,213.96722412109375,213.96722412109375,7116200,0.0,0.0
2023-03-03 00:00:00+07:00,215.82780145965847,217.68838595500034,208.38546347829094,210.2460479736328,34221200,0.0,0.0
2023-03-06 00:00:00+07:00,210.24607175534908,212.10665646114865,206.52490234375,206.52490234375,29930900,0.0,0.0
2023-03-07 00:00:00+07:00,206.52489124644885,208.38547585227272,204.664306640625,204.664306640625,17071400,0.0,0.0
2023-03-08 00:00:00+07:00,206.52490234375,206.52490234375,202.8037329321509,206.52490234375,7218600,0.0,0.0
2023-03-09 00:00:00+07:00,206.52489124644885,206.52489124644885,204.664306640625,204.664306640625,7781800,0.0,0.0
2023-03-10 00:00:00+07:00,204.664306640625,206.52489124644885,204.664306640625,204.664306640625,4426700,0.0,0.0
2023-03-13 00:00:00+07:00,204.66431947512046,204.66431947512046,199.0825653076172,199.0825653076172,32567400,0.0,0.0
2023-03-14 00:00:00+07:00,199.0825653076172,202.80373475261936,199.0825653076172,199.0825653076172,21246000,0.0,0.0
2023-03-15 00:00:00+07:00,200.9431500301183,200.9431500301183,197.22198058511609,199.0825653076172,26108300,0.0,0.0
2023-03-16 00:00:00+07:00,199.0825653076172,200.9431500301183,197.22198058511609,199.0825653076172,26172300,0.0,0.0
2023-03-17 00:00:00+07:00,199.0825653076172,199.0825653076172,197.22198058511609,199.0825653076172,28978500,0.0,0.0
2023-03-20 00:00:00+07:00,199.08254100158152,212.1066324689747,197.22195650623962,210.2460479736328,21408100,0.0,0.0
2023-03-21 00:00:00+07:00,210.24605780132745,219.54898071289062,210.24605780132745,219.54898071289062,20221800,0.0,0.0
2023-03-24 00:00:00+07:00,221.40957480329809,228.85191345214844,219.5489901410855,228.85191345214844,43069500,0.0,0.0
2023-03-27 00:00:00+07:00,228.85190651633522,240.0154141512784,225.1307373046875,225.1307373046875,49894100,0.0,0.0
2023-03-28 00:00:00+07:00,225.1307373046875,228.85190651633522,221.40956809303975,225.1307373046875,18691800,0.0,0.0
2023-03-29 00:00:00+07:00,225.13073317731013,228.85190232073674,223.27014860559683,226.99131774902344,16940200,0.0,0.0
2023-03-30 00:00:00+07:00,226.99133544921875,238.15484375,226.99133544921875,232.57308959960938,26518100,0.0,0.0
2023-03-31 00:00:00+07:00,232.57307572798294,234.4336603338068,223.27015269886363,225.1307373046875,19342000,0.0,0.0
2023-04-03 00:00:00+07:00,225.1307373046875,228.85190651633522,221.40956809303975,225.1307373046875,17012400,0.0,0.0
2023-04-04 00:00:00+07:00,225.13074150085447,226.9913261413574,223.27015686035156,223.27015686035156,15150800,0.0,0.0
2023-04-05 00:00:00+07:00,225.13074150085447,225.13074150085447,217.68840293884276,223.27015686035156,17475200,0.0,0.0
2023-04-06 00:00:00+07:00,223.2701594655107,230.71249811436104,223.2701594655107,228.85191345214844,20935100,0.0,0.0
2023-04-10 00:00:00+07:00,223.27014860559683,230.71248689245007,223.27014860559683,226.99131774902344,12602600,0.0,0.0
2023-04-11 00:00:00+07:00,232.5730827765736,232.5730827765736,223.2701594655107,228.85191345214844,15351100,0.0,0.0
2023-04-12 00:00:00+07:00,228.85191345214844,230.71249811436104,225.13074412772326,228.85191345214844,17450200,0.0,0.0
2023-04-13 00:00:00+07:00,228.85192016601562,234.43367431640624,226.99133544921875,232.57308959960938,16379200,0.0,0.0
2023-04-14 00:00:00+07:00,232.57307572798294,234.4336603338068,223.27015269886363,225.1307373046875,10926000,0.0,0.0
2023-04-17 00:00:00+07:00,225.1307373046875,225.1307373046875,221.40956809303975,225.1307373046875,3885000,0.0,0.0
2023-04-18 00:00:00+07:00,223.27014860559683,226.99131774902344,221.40956403388353,226.99131774902344,6771800,0.0,0.0
2023-04-26 00:00:00+07:00,226.99132191051135,226.99132191051135,223.27015269886363,225.1307373046875,4022400,0.0,0.0
2023-04-27 00:00:00+07:00,225.13074150085447,225.13074150085447,221.40957221984863,223.27015686035156,5774400,0.0,0.0
2023-04-28 00:00:00+07:00,225.13073861598969,243.7365847826004,225.13073861598969,238.1548309326172,28253300,0.0,0.0
2023-05-02 00:00:00+07:00,238.1548336116412,245.597172162005,232.57307969886836,243.73658752441406,25524900,0.0,0.0
2023-05-03 00:00:00+07:00,243.73658336292613,247.45775257457385,236.29424493963066,245.59716796875,22247300,0.0,0.0
2023-05-04 00:00:00+07:00,245.597172162005,253.03951071236878,240.01541824923217,243.73658752441406,24213900,0.0,0.0
2023-05-05 00:00:00+07:00,243.73658054558805,249.31833429854044,240.01541137695312,240.01541137695312,12658600,0.0,0.0
2023-05-08 00:00:00+07:00,241.87600016593933,245.59716939926147,236.29424631595612,238.1548309326172,14878000,0.0,0.0
2023-05-09 00:00:00+07:00,238.15480769230768,241.8759765625,238.15480769230768,241.8759765625,9742500,0.0,0.0
2023-05-10 00:00:00+07:00,241.87600016593933,243.7365847826004,236.29424631595612,238.1548309326172,18455900,0.0,0.0
2023-05-11 00:00:00+07:00,238.15482554041353,247.45774841308594,238.15482554041353,247.45774841308594,16882100,0.0,0.0
2023-05-12 00:00:00+07:00,247.45774971422298,253.03950346717536,234.43365762400072,240.01541137695312,21843100,0.0,0.0
2023-05-15 00:00:00+07:00,240.01541824923217,245.597172162005,236.29424897405025,243.73658752441406,13151700,0.0,0.0
2023-05-16 00:00:00+07:00,243.7365847826004,243.7365847826004,238.1548309326172,238.1548309326172,7821900,0.0,0.0
2023-05-17 00:00:00+07:00,238.15480769230768,241.8759765625,236.29422325721154,241.8759765625,11764300,0.0,0.0
2023-05-19 00:00:00+07:00,241.87600016593933,241.87600016593933,236.29424631595612,238.1548309326172,10225100,0.0,0.0
2023-05-22 00:00:00+07:00,238.1548336116412,247.45775679959596,238.1548336116412,243.73658752441406,13157900,0.0,0.0
2023-05-23 00:00:00+07:00,243.73658752441406,245.597172162005,238.1548336116412,243.73658752441406,6956000,0.0,0.0
2023-05-24 00:00:00+07:00,243.73658752441406,243.73658752441406,241.8760028868231,243.73658752441406,2354200,0.0,0.0
2023-05-25 00:00:00+07:00,243.73656099759614,243.73656099759614,240.01539212740383,241.8759765625,11115900,0.0,0.0
2023-05-26 00:00:00+07:00,243.73656099759614,245.5971454326923,241.8759765625,241.8759765625,10853800,0.0,0.0
2023-05-29 00:00:00+07:00,241.87601318359376,243.73659790039062,232.57308959960938,232.57308959960938,18731000,0.0,0.0
2023-05-30 00:00:00+07:00,232.57308536105685,236.29425472683377,232.57308536105685,234.4336700439453,2656300,0.0,0.0
2023-05-31 00:00:00+07:00,234.43367431640624,236.29425903320313,230.7125048828125,232.57308959960938,7172300,0.0,0.0
2023-06-05 00:00:00+07:00,232.57308536105685,234.4336700439453,221.40957726372613,234.4336700439453,14622800,0.0,0.0
2023-06-06 00:00:00+07:00,234.43365070012612,238.15481975885828,232.57306617076003,236.2942352294922,10122200,0.0,0.0
2023-06-07 00:00:00+07:00,239.59104120731354,241.4775848388672,235.81795394420624,241.4775848388672,8353800,3.495066,0.0
2023-06-08 00:00:00+07:00,239.5910405085637,247.13721501277044,239.5910405085637,245.25067138671875,9956500,0.0,0.0
2023-06-09 00:00:00+07:00,245.2506706931374,256.56993241743606,243.36412707242098,249.0237579345703,16442200,0.0,0.0
2023-06-12 00:00:00+07:00,249.02375119231468,250.91029476195342,243.36412048339844,243.36412048339844,9116800,0.0,0.0
2023-06-13 00:00:00+07:00,247.13721501277044,247.13721501277044,241.4775841346154,245.25067138671875,4785700,0.0,0.0
2023-06-14 00:00:00+07:00,245.25066346612596,247.13720703125,243.3641199010019,247.13720703125,6991100,0.0,0.0
2023-06-15 00:00:00+07:00,247.13720762267593,247.13720762267593,241.4775769137597,243.36412048339844,3570400,0.0,0.0
2023-06-16 00:00:00+07:00,243.3641277606671,245.25067138671875,243.3641277606671,245.25067138671875,7361200,0.0,0.0
2023-06-19 00:00:00+07:00,245.25066346612596,249.02375059637404,243.3641199010019,247.13720703125,6090300,0.0,0.0
2023-06-20 00:00:00+07:00,247.13721573352814,247.13721573352814,239.59104120731354,241.4775848388672,7478900,0.0,0.0
2023-06-21 00:00:00+07:00,241.47759288877953,241.47759288877953,235.81796180544876,239.59104919433594,4645400,0.0,0.0
2023-06-22 00:00:00+07:00,239.59104192824591,239.59104192824591,232.04486737932478,237.70449829101562,8505500,0.0,0.0
2023-06-23 00:00:00+07:00,237.70450549989235,245.2506802776667,237.70450549989235,239.59104919433594,5250900,0.0,0.0
2023-06-26 00:00:00+07:00,239.59104192824591,239.59104192824591,235.81795465378536,237.70449829101562,4058200,0.0,0.0
2023-06-27 00:00:00+07:00,237.7044909667969,239.59103454589845,233.93140380859376,235.8179473876953,2321400,0.0,0.0
2023-07-03 00:00:00+07:00,235.81796180544876,241.47759288877953,233.93141811100517,239.59104919433594,8522600,0.0,0.0
2023-07-04 00:00:00+07:00,239.59104267243418,239.59104267243418,233.93141174316406,233.93141174316406,9785500,0.0,0.0
2023-07-05 00:00:00+07:00,233.93140380859376,235.8179473876953,232.0448602294922,235.8179473876953,4426300,0.0,0.0
2023-07-06 00:00:00+07:00,235.81796351487074,235.81796351487074,230.15833239051386,232.0448760986328,7323600,0.0,0.0
2023-07-07 00:00:00+07:00,230.15832928248815,232.0448729651315,211.2928924560547,211.2928924560547,13175200,0.0,0.0
2023-07-10 00:00:00+07:00,211.29289869225542,218.83907364555026,209.40635495393173,216.95252990722656,3705500,0.0,0.0
2023-07-11 00:00:00+07:00,218.8390655517578,218.8390655517578,215.06597821465854,218.8390655517578,1132600,0.0,0.0
2023-07-12 00:00:00+07:00,218.83904879210425,232.04485346059332,218.83904879210425,230.15830993652344,12858600,0.0,0.0
2023-07-13 00:00:00+07:00,232.04486279609878,232.04486279609878,218.8390575963208,220.72560119628906,6229100,0.0,0.0
2023-07-14 00:00:00+07:00,222.61215288885708,222.61215288885708,218.8390655517578,218.8390655517578,5139900,0.0,0.0
2023-07-17 00:00:00+07:00,220.72560119628906,224.49868839622565,216.9525139963525,220.72560119628906,7534300,0.0,0.0
2023-07-18 00:00:00+07:00,222.61215288885708,224.49869655740673,218.8390655517578,218.8390655517578,7576300,0.0,0.0
2023-07-20 00:00:00+07:00,218.8390655517578,222.61215288885708,218.8390655517578,218.8390655517578,7783700,0.0,0.0
2023-07-21 00:00:00+07:00,218.8390575963208,222.61214479625735,216.9525139963525,220.72560119628906,7760800,0.0,0.0
2023-07-24 00:00:00+07:00,222.61214479625735,222.61214479625735,218.8390575963208,220.72560119628906,7977300,0.0,0.0
2023-07-25 00:00:00+07:00,220.72560119628906,224.49868839622565,216.9525139963525,220.72560119628906,9608400,0.0,0.0
2023-07-26 00:00:00+07:00,222.61214414965204,224.49868774414062,218.8390569606749,224.49868774414062,6731200,0.0,0.0
2023-07-27 00:00:00+07:00,226.38522390591896,228.2717674384683,220.725593308271,222.6121368408203,6854900,0.0,0.0
2023-07-28 00:00:00+07:00,222.61214479625735,224.49868839622565,218.8390575963208,220.72560119628906,4769800,0.0,0.0
2023-07-31 00:00:00+07:00,220.72560055516348,224.49868774414062,216.9525133661863,224.49868774414062,8464100,0.0,0.0
2023-08-01 00:00:00+07:00,218.83906635485198,222.6121537057977,211.29289165296055,215.06597900390625,6471900,0.0,0.0
2023-08-02 00:00:00+07:00,215.06597900390625,218.83906635485198,215.06597900390625,215.06597900390625,8336100,0.0,0.0
2023-08-03 00:00:00+07:00,215.06597900390625,218.83906635485198,215.06597900390625,215.06597900390625,5443400,0.0,0.0
2023-08-04 00:00:00+07:00,215.06597900390625,218.83906635485198,215.06597900390625,215.06597900390625,6602500,0.0,0.0
2023-08-07 00:00:00+07:00,215.06597821465854,220.72560922030746,215.06597821465854,218.8390655517578,7816800,0.0,0.0
2023-08-08 00:00:00+07:00,220.72561738387398,220.72561738387398,216.95252990722656,216.95252990722656,6499900,0.0,0.0
2023-08-09 00:00:00+07:00,218.83906635485198,218.83906635485198,213.1794353284334,215.06597900390625,7516800,0.0,0.0
2023-08-10 00:00:00+07:00,216.95252990722656,220.72561738387398,213.17944243057914,216.95252990722656,8551800,0.0,0.0
2023-08-11 00:00:00+07:00,215.06598616890284,218.83907364555026,215.06598616890284,216.95252990722656,11486800,0.0,0.0
2023-08-14 00:00:00+07:00,216.95252990722656,216.95252990722656,213.17944243057914,216.95252990722656,9257900,0.0,0.0
2023-08-15 00:00:00+07:00,215.06598616890284,216.95252990722656,213.17944243057914,216.95252990722656,8293400,0.0,0.0
2023-08-16 00:00:00+07:00,216.95252990722656,218.83907364555026,215.06598616890284,216.95252990722656,5478900,0.0,0.0
2023-08-18 00:00:00+07:00,215.06598616890284,218.83907364555026,213.17944243057914,216.95252990722656,7942000,0.0,0.0
2023-08-21 00:00:00+07:00,216.95252990722656,216.95252990722656,213.17944243057914,216.95252990722656,5524600,0.0,0.0
2023-08-22 00:00:00+07:00,216.95252990722656,218.83907364555026,215.06598616890284,216.95252990722656,8418600,0.0,0.0
2023-08-23 00:00:00+07:00,216.95252990722656,222.61216112219768,215.06598616890284,216.95252990722656,9694100,0.0,0.0
2023-08-24 00:00:00+07:00,215.06598616890284,218.83907364555026,215.06598616890284,216.95252990722656,15383600,0.0,0.0
2023-08-25 00:00:00+07:00,216.95252990722656,218.83907364555026,215.06598616890284,216.95252990722656,20724100,0.0,0.0
2023-08-28 00:00:00+07:00,216.9525218832082,220.72560922030746,215.06597821465854,218.8390655517578,10654700,0.0,0.0
2023-08-29 00:00:00+07:00,218.83907364555026,224.4987048605214,216.95252990722656,216.95252990722656,17692000,0.0,0.0
2023-08-30 00:00:00+07:00,216.9525218832082,222.61215288885708,216.9525218832082,218.8390655517578,24148700,0.0,0.0
2023-08-31 00:00:00+07:00,220.72560922030746,226.38524022595638,215.06597821465854,218.8390655517578,16729500,0.0,0.0
2023-09-01 00:00:00+07:00,218.83906635485198,222.6121537057977,215.06597900390625,215.06597900390625,4418100,0.0,0.0
2023-09-04 00:00:00+07:00,215.06597039638422,222.61214479625735,215.06597039638422,220.72560119628906,6350300,0.0,0.0
2023-09-05 00:00:00+07:00,218.83907364555026,220.72561738387398,215.06598616890284,216.95252990722656,6776600,0.0,0.0
2023-09-06 00:00:00+07:00,216.95252267937911,218.83906635485198,211.29289165296055,215.06597900390625,11208600,0.0,0.0
2023-09-07 00:00:00+07:00,215.06596485484732,215.06596485484732,207.51979064941406,207.51979064941406,12404200,0.0,0.0
2023-09-08 00:00:00+07:00,207.51979064941406,209.4063342007724,201.86015999533913,207.51979064941406,6946200,0.0,0.0
2023-09-11 00:00:00+07:00,207.51979793514218,213.1794287879188,207.51979793514218,209.40634155273438,6413900,0.0,0.0
2023-09-12 00:00:00+07:00,209.40634877341134,213.17943613869804,209.40634877341134,211.2928924560547,7620400,0.0,0.0
2023-09-13 00:00:00+07:00,211.29288448907633,215.06597171209555,209.40634087756672,213.17942810058594,7406100,0.0,0.0
2023-09-14 00:00:00+07:00,213.17942810058594,215.06597171209555,211.29288448907633,213.17942810058594,7421900,0.0,0.0
2023-09-15 00:00:00+07:00,213.1794353284334,215.06597900390625,211.29289165296055,215.06597900390625,4049000,0.0,0.0
2023-09-18 00:00:00+07:00,215.06597171209555,215.06597171209555,211.29288448907633,213.17942810058594,5383300,0.0,0.0
2023-09-19 00:00:00+07:00,213.17943613869804,213.17943613869804,209.40634877341134,211.2928924560547,4510900,0.0,0.0
2023-09-20 00:00:00+07:00,211.29288448907633,216.95251532360516,209.40634087756672,213.17942810058594,5539400,0.0,0.0
2023-09-21 00:00:00+07:00,213.17942810058594,216.95251532360516,211.29288448907633,213.17942810058594,1722300,0.0,0.0
2023-09-22 00:00:00+07:00,213.17942810058594,215.06597171209555,211.29288448907633,213.17942810058594,3097800,0.0,0.0
2023-09-25 00:00:00+07:00,213.17942810058594,216.95251532360516,211.29288448907633,213.17942810058594,11464000,0.0,0.0
2023-09-26 00:00:00+07:00,213.17942810058594,218.83905893511476,211.29288448907633,213.17942810058594,6290800,0.0,0.0
2023-09-27 00:00:00+07:00,213.17942810058594,216.95251532360516,213.17942810058594,213.17942810058594,10648500,0.0,0.0
2023-09-29 00:00:00+07:00,211.29289869225542,218.83907364555026,211.29289869225542,216.95252990722656,14685900,0.0,0.0
2023-10-02 00:00:00+07:00,216.9525139963525,220.72560119628906,215.06597039638422,220.72560119628906,15235800,0.0,0.0
2023-10-03 00:00:00+07:00,220.725593308271,226.38522390591896,218.83904977572166,222.6121368408203,16648900,0.0,0.0
2023-10-04 00:00:00+07:00,220.72560119628906,222.61214479625735,213.17942679641595,220.72560119628906,17524200,0.0,0.0
2023-10-05 00:00:00+07:00,220.72559993523214,230.15831788118223,218.8390563460421,228.2717742919922,14809800,0.0,0.0
2023-10-06 00:00:00+07:00,228.2717742919922,230.15831788118223,222.61214352442215,228.2717742919922,17412500,0.0,0.0
2023-10-09 00:00:00+07:00,228.27178010486423,239.59104192824591,228.27178010486423,237.70449829101562,11870400,0.0,0.0
2023-10-10 00:00:00+07:00,237.70450549989235,245.2506802776667,235.81796180544876,239.59104919433594,14404700,0.0,0.0
2023-10-11 00:00:00+07:00,239.59103454589845,241.477578125,232.0448602294922,235.8179473876953,11460500,0.0,0.0
2023-10-12 00:00:00+07:00,235.8179473876953,239.59103454589845,233.93140380859376,235.8179473876953,12401600,0.0,0.0
2023-10-13 00:00:00+07:00,235.8179473876953,237.7044909667969,232.0448602294922,235.8179473876953,4748200,0.0,0.0
2023-10-16 00:00:00+07:00,235.8179473876953,235.8179473876953,232.0448602294922,235.8179473876953,19209000,0.0,0.0
2023-10-17 00:00:00+07:00,235.81796180544876,241.47759288877953,232.04487441656158,239.59104919433594,13085600,0.0,0.0
2023-10-18 00:00:00+07:00,239.59104120731354,247.13721573352814,237.7044975757599,241.4775848388672,18155500,0.0,0.0
2023-10-19 00:00:00+07:00,241.47759288877953,243.36413658322311,237.70450549989235,239.59104919433594,16648900,0.0,0.0
2023-10-20 00:00:00+07:00,239.59104919433594,241.47759288877953,235.81796180544876,239.59104919433594,16172400,0.0,0.0
2023-10-23 00:00:00+07:00,239.59103582713232,239.59103582713232,222.61214352442215,228.2717742919922,20030800,0.0,0.0
2023-10-24 00:00:00+07:00,228.27178868239488,239.59105093110867,228.27178868239488,232.0448760986328,8646800,0.0,0.0
2023-10-25 00:00:00+07:00,232.04486737932478,237.70449829101562,230.1583237420945,237.70449829101562,24597200,0.0,0.0
2023-10-26 00:00:00+07:00,237.70449829101562,241.4775855654762,235.81795465378536,237.70449829101562,15240200,0.0,0.0
2023-10-27 00:00:00+07:00,237.70447387695313,260.34299519856773,235.81793043348526,254.68336486816406,34477900,0.0,0.0
2023-10-30 00:00:00+07:00,273.5488214627118,296.1873446182466,260.3430162886499,267.8891906738281,33038300,0.0,0.0
2023-10-31 00:00:00+07:00,267.8891986819869,269.775742334677,260.34302407122675,266.0026550292969,8539800,0.0,0.0
2023-11-01 00:00:00+07:00,266.0026693277426,275.4353880982299,262.22958181954766,269.7757568359375,14901100,0.0,0.0
2023-11-02 00:00:00+07:00,269.7757568359375,282.98156311461975,266.0026693277426,269.7757568359375,13796500,0.0,0.0
2023-11-03 00:00:00+07:00,269.77572528034653,281.0949864809205,269.77572528034653,277.3218994140625,7496900,0.0,0.0
2023-11-06 00:00:00+07:00,277.3218994140625,281.0949864809205,273.5488123472045,277.3218994140625,14571800,0.0,0.0
2023-11-07 00:00:00+07:00,275.43536895552495,290.52771793938933,275.43536895552495,288.64117431640625,27450600,0.0,0.0
2023-11-08 00:00:00+07:00,290.52772602282073,290.52772602282073,282.98155132092927,286.754638671875,5149700,0.0,0.0
2023-11-09 00:00:00+07:00,286.7546416674655,309.39316600963383,284.8680979722848,307.5066223144531,13932900,0.0,0.0
2023-11-10 00:00:00+07:00,305.62009277343753,318.8258992513021,298.0739176432292,311.27972412109375,10562100,0.0,0.0
2023-11-13 00:00:00+07:00,311.27969779220285,315.0527850381689,288.64117431640625,288.64117431640625,16211200,0.0,0.0
2023-11-14 00:00:00+07:00,282.98156540115156,292.41428424785664,281.0950216318106,290.5277404785156,8517900,0.0,0.0
2023-11-15 00:00:00+07:00,292.4142731560601,292.4142731560601,269.77574878268774,271.66229248046875,16054500,0.0,0.0
2023-11-16 00:00:00+07:00,269.7757531980805,288.64119048465955,269.7757531980805,284.86810302734375,8101700,0.0,0.0
2023-11-17 00:00:00+07:00,281.09500611134064,298.0738990979317,281.09500611134064,294.3008117675781,13698800,0.0,0.0
2023-11-20 00:00:00+07:00,290.5277404785156,296.1873717865387,286.7546529398336,290.5277404785156,13042200,0.0,0.0
2023-11-21 00:00:00+07:00,290.5277077003762,307.5065997088397,288.64116414388025,305.62005615234375,7618300,0.0,0.0
2023-11-22 00:00:00+07:00,305.62005981445316,305.62005981445316,282.9815368652344,282.9815368652344,13140700,0.0,0.0
2023-11-23 00:00:00+07:00,279.2084429474915,284.86807354777847,271.66226881377554,277.3218994140625,4999400,0.0,0.0
2023-11-24 00:00:00+07:00,277.32190865530094,277.32190865530094,262.2295598849444,267.8891906738281,8573900,0.0,0.0
2023-11-27 00:00:00+07:00,264.1161176893446,277.32192357381183,264.1161176893446,271.66229248046875,8750200,0.0,0.0
2023-11-28 00:00:00+07:00,271.66227786641724,273.5488214627118,266.00264707753354,267.8891906738281,6034100,0.0,0.0
2023-11-29 00:00:00+07:00,264.1161099137931,279.2084590517241,264.1161099137931,273.548828125,25329800,0.0,0.0
2023-11-30 00:00:00+07:00,273.548828125,277.32191540948276,266.0026535560345,273.548828125,5982200,0.0,0.0
2023-12-01 00:00:00+07:00,273.548828125,275.43537176724135,269.77574084051724,273.548828125,17828200,0.0,0.0
2023-12-04 00:00:00+07:00,271.6622844827586,273.548828125,267.88919719827584,273.548828125,30928600,0.0,0.0
2023-12-05 00:00:00+07:00,273.5488189697266,288.6411676025391,271.662275390625,282.9815368652344,24209900,0.0,0.0
2023-12-06 00:00:00+07:00,282.98155929868585,288.64119048465955,277.32192811271216,284.86810302734375,13043000,0.0,0.0
2023-12-07 00:00:00+07:00,284.8680654989707,286.7546089790963,275.4353480983425,279.20843505859375,6648000,0.0,0.0
2023-12-08 00:00:00+07:00,279.20847184137006,284.86810302734375,275.4353843840542,284.86810302734375,29442500,0.0,0.0
2023-12-11 00:00:00+07:00,282.9815483093262,316.9393341064453,282.9815483093262,301.84698486328125,11553300,0.0,0.0
2023-12-12 00:00:00+07:00,301.8469754071303,303.7335190034248,266.00264707753354,267.8891906738281,12489100,0.0,0.0
2023-12-13 00:00:00+07:00,267.8891986819869,273.5488296400571,264.11611137660685,266.0026550292969,7116900,0.0,0.0
2023-12-14 00:00:00+07:00,266.0026693277426,271.662300590035,260.3430380654502,269.7757568359375,4934200,0.0,0.0
2023-12-15 00:00:00+07:00,269.775742334677,271.662285987367,264.11611137660685,266.0026550292969,5075200,0.0,0.0
2023-12-18 00:00:00+07:00,266.00264707753354,267.8891906738281,262.2295598849444,267.8891906738281,6535900,0.0,0.0
2023-12-19 00:00:00+07:00,267.88921308184,269.7757568359375,266.0026693277426,269.7757568359375,19681000,0.0,0.0
2023-12-20 00:00:00+07:00,269.77574878268774,279.2084672715929,267.8892050849067,271.66229248046875,12610300,0.0,0.0
2023-12-21 00:00:00+07:00,271.6622844827586,288.641177262931,271.6622844827586,273.548828125,17143000,0.0,0.0
2023-12-22 00:00:00+07:00,273.5488361782498,273.5488361782498,264.1161176893446,271.66229248046875,11833500,0.0,0.0
2023-12-27 00:00:00+07:00,271.66227659460617,279.20845094445633,271.66227659460617,275.43536376953125,9196600,0.0,0.0
2023-12-28 00:00:00+07:00,275.43537176724135,277.32191540948276,271.6622844827586,273.548828125,15144900,0.0,0.0
2023-12-29 00:00:00+07:00,273.5488443441324,273.5488443441324,266.0026693277426,269.7757568359375,4585700,0.0,0.0
2024-01-02 00:00:00+07:00,269.775742334677,275.4353732927471,266.0026550292969,266.0026550292969,7479400,0.0,0.0
2024-01-03 00:00:00+07:00,266.00266138712567,277.32192357381183,266.00266138712567,271.66229248046875,9254600,0.0,0.0
2024-01-04 00:00:00+07:00,271.66226113809125,279.20843505859375,269.7757176579656,279.20843505859375,5784900,0.0,0.0
2024-01-05 00:00:00+07:00,279.20843505859375,282.98152201884506,273.5488046182169,279.20843505859375,6787200,0.0,0.0
2024-01-08 00:00:00+07:00,279.20845094445633,281.09499453191887,271.66227659460617,275.43536376953125,5911800,0.0,0.0
2024-01-09 00:00:00+07:00,275.4353798760308,277.32192357381183,269.77574878268774,271.66229248046875,11892100,0.0,0.0
2024-01-10 00:00:00+07:00,271.6622844827586,275.43537176724135,269.77574084051724,273.548828125,14911800,0.0,0.0
2024-01-11 00:00:00+07:00,271.66229248046875,275.4353798760308,267.8892050849067,271.66229248046875,5945000,0.0,0.0
2024-01-12 00:00:00+07:00,271.66226283482143,271.66226283482143,264.1160888671875,264.1160888671875,3142700,0.0,0.0
2024-01-15 00:00:00+07:00,264.1160888671875,264.1160888671875,264.1160888671875,264.1160888671875,0,0.0,0.0
2024-01-16 00:00:00+07:00,267.88919719827584,279.2084590517241,267.88919719827584,273.548828125,2741700,0.0,0.0
2024-01-17 00:00:00+07:00,273.5488214627118,273.5488214627118,266.00264707753354,267.8891906738281,1933900,0.0,0.0
2024-01-18 00:00:00+07:00,264.1161255736451,271.662300590035,264.1161255736451,269.7757568359375,13397200,0.0,0.0
2024-01-19 00:00:00+07:00,269.77574878268774,271.66229248046875,264.1161176893446,271.66229248046875,11549100,0.0,0.0
2024-01-22 00:00:00+07:00,271.66227659460617,279.20845094445633,267.8891894196811,275.43536376953125,14268600,0.0,0.0
2024-01-23 00:00:00+07:00,275.43534981863843,275.43534981863843,264.1160888671875,264.1160888671875,14236600,0.0,0.0
2024-01-24 00:00:00+07:00,264.11611137660685,271.662285987367,264.11611137660685,266.0026550292969,8091100,0.0,0.0
2024-01-25 00:00:00+07:00,266.0026550292969,267.8891986819869,262.2295677239168,266.0026550292969,2751300,0.0,0.0
2024-01-26 00:00:00+07:00,266.00263235909597,267.8891758510045,262.22954537527903,264.1160888671875,3324700,0.0,0.0
2024-01-29 00:00:00+07:00,262.2295677239168,267.8891986819869,256.56993676584665,266.0026550292969,9950400,0.0,0.0
2024-01-30 00:00:00+07:00,266.00263235909597,266.00263235909597,262.22954537527903,264.1160888671875,9897500,0.0,0.0
2024-01-31 00:00:00+07:00,262.2295598849444,267.8891906738281,262.2295598849444,267.8891906738281,14645100,0.0,0.0
2024-02-01 00:00:00+07:00,267.88921308184,269.7757568359375,264.1161255736451,269.7757568359375,15323000,0.0,0.0
2024-02-02 00:00:00+07:00,269.775742334677,269.775742334677,262.2295677239168,266.0026550292969,3085500,0.0,0.0
2024-02-05 00:00:00+07:00,266.00264031938514,266.00264031938514,260.3430096742918,262.22955322265625,2330700,0.0,0.0
2024-02-06 00:00:00+07:00,262.22954537527903,266.00263235909597,260.34300188337056,264.1160888671875,626400,0.0,0.0
2024-02-07 00:00:00+07:00,264.1160967710207,266.00264031938514,260.3430096742918,262.22955322265625,10393300,0.0,0.0
2024-02-12 00:00:00+07:00,262.22955322265625,264.1160967710207,260.3430096742918,262.22955322265625,750900,0.0,0.0
2024-02-13 00:00:00+07:00,260.34302407122675,266.0026550292969,260.34302407122675,266.0026550292969,22125900,0.0,0.0
2024-02-15 00:00:00+07:00,273.5488063267299,273.5488063267299,260.34300188337056,264.1160888671875,14851700,0.0,0.0
2024-02-16 00:00:00+07:00,264.1160888671875,266.00263235909597,262.22954537527903,264.1160888671875,5957900,0.0,0.0
2024-02-19 00:00:00+07:00,262.22955322265625,264.1160967710207,260.3430096742918,262.22955322265625,1032700,0.0,0.0
2024-02-20 00:00:00+07:00,260.34299519856773,262.2295386420356,247.13719109429255,254.68336486816406,7562800,0.0,0.0
2024-02-21 00:00:00+07:00,252.7968214246962,254.6833648681641,249.02373453776042,254.68336486816406,1563000,0.0,0.0
2024-02-22 00:00:00+07:00,254.6833887967196,254.6833887967196,247.13721431385386,249.0237579345703,3064200,0.0,0.0
2024-02-23 00:00:00+07:00,247.13720762267593,249.02375119231468,237.7044897744822,243.36412048339844,4693400,0.0,0.0
2024-02-26 00:00:00+07:00,243.36412048339844,245.25066405303718,235.81794620484345,243.36412048339844,3349900,0.0,0.0
2024-02-27 00:00:00+07:00,243.36414023006662,256.5699462890625,241.47759650735293,256.5699462890625,9131800,0.0,0.0
2024-02-28 00:00:00+07:00,258.45646842199426,258.45646842199426,243.3641199010019,247.13720703125,2021000,0.0,0.0
2024-02-29 00:00:00+07:00,245.25066405303718,249.02375119231468,239.59103334412094,243.36412048339844,3540900,0.0,0.0
2024-03-01 00:00:00+07:00,243.3641199010019,250.9102941614981,243.3641199010019,247.13720703125,10422600,0.0,0.0
2024-03-04 00:00:00+07:00,247.13721501277044,249.02375863882213,245.25067138671875,245.25067138671875,19253200,0.0,0.0
2024-03-05 00:00:00+07:00,247.13720703125,249.02375059637404,243.3641199010019,247.13720703125,20460700,0.0,0.0
2024-03-06 00:00:00+07:00,247.13720703125,249.02375059637404,243.3641199010019,247.13720703125,9941900,0.0,0.0
2024-03-07 00:00:00+07:00,247.13722855297488,254.68340347062298,247.13722855297488,252.79685974121094,5494200,0.0,0.0
2024-03-08 00:00:00+07:00,252.7968371398467,252.7968371398467,249.02375001835645,250.91029357910156,8807900,0.0,0.0
2024-03-13 00:00:00+07:00,250.91029193246965,266.00264031938514,247.1372048357408,262.22955322265625,17198700,0.0,0.0
2024-03-14 00:00:00+07:00,262.22955322265625,264.1160967710207,254.68337902919853,262.22955322265625,18206100,0.0,0.0
2024-03-15 00:00:00+07:00,262.2295598849444,271.66227786641724,262.2295598849444,267.8891906738281,9362500,0.0,0.0
2024-03-18 00:00:00+07:00,266.0026693277426,269.7757568359375,262.22958181954766,269.7757568359375,18548500,0.0,0.0
2024-03-19 00:00:00+07:00,267.8891906738281,271.66227786641724,260.3430162886499,267.8891906738281,15489500,0.0,0.0
2024-03-20 00:00:00+07:00,267.88919719827584,277.32191540948276,264.1161099137931,273.548828125,22235000,0.0,0.0
2024-03-21 00:00:00+07:00,273.5488189697266,286.7546240234375,273.5488189697266,282.9815368652344,12521100,0.0,0.0
2024-03-22 00:00:00+07:00,282.9815300143495,282.9815300143495,275.4353558806335,277.3218994140625,15733700,0.0,0.0
2024-03-25 00:00:00+07:00,277.3218994140625,277.3218994140625,277.3218994140625,277.3218994140625,0,0.0,0.0
2024-03-26 00:00:00+07:00,277.3218994140625,277.3218994140625,277.3218994140625,277.3218994140625,0,0.0,0.0
2024-03-27 00:00:00+07:00,290.52771793938933,294.3008051853554,284.86808707044014,288.64117431640625,14782900,0.0,0.0
2024-03-28 00:00:00+07:00,290.52771118164065,290.52771118164065,277.3219061279297,282.9815368652344,14354800,0.0,0.0
2024-04-01 00:00:00+07:00,275.4353844941552,275.4353844941552,241.4775973647388,252.79685974121094,14235200,0.0,0.0
2024-04-02 00:00:00+07:00,252.79685094234716,260.3430255973426,249.02376361484946,258.45648193359375,11428800,0.0,0.0
2024-04-03 00:00:00+07:00,258.45648193359375,260.3430255973426,252.79685094234716,258.45648193359375,16064200,0.0,0.0
2024-04-04 00:00:00+07:00,258.45647397248644,260.343017578125,252.79684315557066,260.343017578125,9323200,0.0,0.0
2024-04-05 00:00:00+07:00,260.3430162886499,267.8891906738281,256.5699290960607,267.8891906738281,15647200,0.0,0.0
2024-04-16 00:00:00+07:00,267.8891941417347,267.8891941417347,249.0237579345703,249.0237579345703,3802200,0.0,0.0
2024-04-17 00:00:00+07:00,245.25068482356286,256.569947200035,241.4775973647388,252.79685974121094,7666000,0.0,0.0
2024-04-18 00:00:00+07:00,252.79685974121094,256.569947200035,249.02377228238691,252.79685974121094,2889200,0.0,0.0
2024-04-19 00:00:00+07:00,252.79685974121094,252.79685974121094,245.25068482356286,252.79685974121094,6017000,0.0,0.0
2024-04-22 00:00:00+07:00,252.79685974121094,256.569947200035,249.02377228238691,252.79685974121094,9013700,0.0,0.0
2024-04-23 00:00:00+07:00,252.7968214246962,254.6833648681641,247.13719109429255,254.68336486816406,12840200,0.0,0.0
2024-04-24 00:00:00+07:00,254.68337902919853,264.1160967710207,250.91029193246965,262.22955322265625,13721800,0.0,0.0
2024-04-25 00:00:00+07:00,262.2295386420356,266.00262552897135,249.02373453776042,254.68336486816406,5907200,0.0,0.0
2024-04-26 00:00:00+07:00,252.7968354808341,264.1160967710207,250.91029193246965,262.22955322265625,10133400,0.0,0.0
2024-04-29 00:00:00+07:00,264.11611137660685,271.662285987367,256.56993676584665,266.0026550292969,13411800,0.0,0.0
2024-04-30 00:00:00+07:00,266.0026521618734,281.0950012207031,262.229564897166,281.0950012207031,21214900,0.0,0.0
2024-05-02 00:00:00+07:00,281.0949785387194,281.0949785387194,271.66226113809125,279.20843505859375,11428300,0.0,0.0
2024-05-03 00:00:00+07:00,279.2084590517241,279.2084590517241,271.6622844827586,273.548828125,12445400,0.0,0.0
2024-05-06 00:00:00+07:00,275.4353480983425,282.98152201884506,273.5488046182169,279.20843505859375,5564300,0.0,0.0
2024-05-07 00:00:00+07:00,277.3218915784681,282.98152201884506,275.4353480983425,279.20843505859375,9219000,0.0,0.0
2024-05-08 00:00:00+07:00,277.3218915784681,279.20843505859375,275.4353480983425,279.20843505859375,12217200,0.0,0.0
2024-05-13 00:00:00+07:00,277.3218915784681,279.20843505859375,275.4353480983425,279.20843505859375,7105500,0.0,0.0
2024-05-14 00:00:00+07:00,277.321912578508,290.52771793938933,275.43536895552495,288.64117431640625,5912800,0.0,0.0
2024-05-15 00:00:00+07:00,288.6411967091746,290.5277404785156,284.8681091704926,290.5277404785156,11216800,0.0,0.0
2024-05-16 00:00:00+07:00,290.52771793938933,292.41426156237236,288.64117431640625,288.64117431640625,5747600,0.0,0.0
2024-05-17 00:00:00+07:00,288.64117431640625,290.52771793938933,286.7546306934232,288.64117431640625,5793900,0.0,0.0
2024-05-20 00:00:00+07:00,286.7546240234375,288.6411676025391,277.3219061279297,282.9815368652344,7301700,0.0,0.0
2024-05-21 00:00:00+07:00,282.98155132092927,288.64118234734786,281.0950076454564,286.754638671875,4399000,0.0,0.0
2024-05-22 00:00:00+07:00,284.86810302734375,286.75464675600165,282.98155929868585,284.86810302734375,3217900,0.0,0.0
2024-05-27 00:00:00+07:00,284.86808044433593,284.86808044433593,279.20844970703126,282.9815368652344,2734100,0.0,0.0
2024-05-28 00:00:00+07:00,286.11893071355047,286.11893071355047,278.4378855937236,284.19866943359375,2178000,5.267684,0.0
2024-05-29 00:00:00+07:00,282.2784118652344,282.2784118652344,278.437889254823,282.2784118652344,6094300,0.0,0.0
2024-05-30 00:00:00+07:00,280.3581505600287,282.2784118652344,276.51762794961735,282.2784118652344,2763100,0.0,0.0
2024-05-31 00:00:00+07:00,282.2784118652344,282.2784118652344,278.437889254823,282.2784118652344,2220800,0.0,0.0
2024-06-03 00:00:00+07:00,280.3581505600287,282.2784118652344,278.437889254823,282.2784118652344,4933100,0.0,0.0
2024-06-04 00:00:00+07:00,280.3581505600287,284.19867317044003,278.437889254823,282.2784118652344,4260300,0.0,0.0
2024-06-05 00:00:00+07:00,280.358154296875,282.2784156276755,278.43789296607446,280.358154296875,1285900,0.0,0.0
2024-06-06 00:00:00+07:00,280.358158085264,280.358158085264,272.6771126582705,278.4378967285156,2736000,0.0,0.0
2024-06-07 00:00:00+07:00,276.51763537176726,278.4378967285156,274.5973740150189,278.4378967285156,1590300,0.0,0.0
2024-06-10 00:00:00+07:00,276.51763916015625,276.51763916015625,272.67711639404297,276.51763916015625,1729800,0.0,0.0
2024-06-11 00:00:00+07:00,274.5973777770996,276.51763916015625,272.67711639404297,276.51763916015625,815800,0.0,0.0
2024-06-12 00:00:00+07:00,274.5973854602223,274.5973854602223,268.836601149868,272.6771240234375,1818700,0.0,0.0
2024-06-13 00:00:00+07:00,270.75685877233116,274.5973815917969,268.83659736259835,274.5973815917969,1832400,0.0,0.0
2024-06-14 00:00:00+07:00,272.6771279192985,272.6771279192985,266.9163435266373,270.7568664550781,1477100,0.0,0.0
2024-06-19 00:00:00+07:00,268.8365783691406,270.7568396432059,266.9163170950753,268.8365783691406,2509100,0.0,0.0
2024-06-20 00:00:00+07:00,268.8365783691406,268.8365783691406,263.07579454694473,268.8365783691406,3298300,0.0,0.0
2024-06-21 00:00:00+07:00,268.8365783691406,270.7568396432059,263.07579454694473,268.8365783691406,2076500,0.0,0.0
2024-06-24 00:00:00+07:00,268.8366049908577,270.7568664550781,263.0758205981965,270.7568664550781,3316600,0.0,0.0
2024-06-25 00:00:00+07:00,270.7568396432059,272.6771009172712,268.8365783691406,268.8365783691406,2773200,0.0,0.0
2024-06-26 00:00:00+07:00,270.75686258665274,272.6771240234375,266.9163397130832,272.6771240234375,3128400,0.0,0.0
2024-06-27 00:00:00+07:00,272.67711639404297,276.51763916015625,270.7568550109863,276.51763916015625,2341000,0.0,0.0
2024-06-28 00:00:00+07:00,276.51763537176726,278.4378967285156,274.5973740150189,278.4378967285156,4566700,0.0,0.0
2024-07-01 00:00:00+07:00,278.43789296607446,282.2784156276755,276.517631635274,280.358154296875,7453000,0.0,0.0
2024-07-02 00:00:00+07:00,280.358158085264,282.2784194420124,278.4378967285156,278.4378967285156,2639600,0.0,0.0
2024-07-03 00:00:00+07:00,280.358158085264,280.358158085264,276.51763537176726,278.4378967285156,2685400,0.0,0.0
2024-07-04 00:00:00+07:00,280.3581505600287,282.2784118652344,278.437889254823,282.2784118652344,5642600,0.0,0.0
2024-07-05 00:00:00+07:00,282.2784118652344,284.19867317044003,280.3581505600287,282.2784118652344,2762500,0.0,0.0
2024-07-08 00:00:00+07:00,282.2784156276755,282.2784156276755,276.517631635274,280.358154296875,3928200,0.0,0.0
2024-07-09 00:00:00+07:00,280.358154296875,280.358154296875,276.517631635274,280.358154296875,3761200,0.0,0.0
2024-07-10 00:00:00+07:00,280.358154296875,280.358154296875,278.43789296607446,280.358154296875,6526700,0.0,0.0
2024-07-11 00:00:00+07:00,280.358154296875,280.358154296875,276.517631635274,280.358154296875,2149900,0.0,0.0
2024-07-12 00:00:00+07:00,280.358154296875,280.358154296875,278.43789296607446,280.358154296875,4205700,0.0,0.0
2024-07-15 00:00:00+07:00,280.3581505600287,284.19867317044003,278.437889254823,282.2784118652344,4137900,0.0,0.0
2024-07-16 00:00:00+07:00,282.2784156276755,282.2784156276755,278.43789296607446,280.358154296875,2721200,0.0,0.0
2024-07-17 00:00:00+07:00,280.358154296875,282.2784156276755,278.43789296607446,280.358154296875,5792400,0.0,0.0
2024-07-18 00:00:00+07:00,280.358154296875,282.2784156276755,278.43789296607446,280.358154296875,4264400,0.0,0.0
2024-07-19 00:00:00+07:00,280.358154296875,280.358154296875,274.59737030447343,280.358154296875,5332800,0.0,0.0
2024-07-22 00:00:00+07:00,278.4378855937236,286.11893071355047,278.4378855937236,284.19866943359375,5970500,0.0,0.0
2024-07-23 00:00:00+07:00,284.19867317044003,284.19867317044003,278.437889254823,282.2784118652344,2871900,0.0,0.0
2024-07-24 00:00:00+07:00,282.2784156276755,282.2784156276755,278.43789296607446,280.358154296875,3965300,0.0,0.0
2024-07-25 00:00:00+07:00,280.358158085264,280.358158085264,272.6771126582705,278.4378967285156,6191400,0.0,0.0
2024-07-26 00:00:00+07:00,278.4378967285156,278.4378967285156,272.6771126582705,278.4378967285156,7049300,0.0,0.0
2024-07-29 00:00:00+07:00,278.4379042063328,289.95947265625,276.51764279801324,289.95947265625,9700200,0.0,0.0
2024-07-30 00:00:00+07:00,288.0391845703125,293.7999682617188,284.198662109375,288.0391845703125,6523200,0.0,0.0
2024-07-31 00:00:00+07:00,288.0391845703125,289.9594458007813,286.1189233398438,288.0391845703125,6087700,0.0,0.0
2024-08-01 00:00:00+07:00,288.0392074584961,291.8797302246094,284.1986846923828,291.8797302246094,6608600,0.0,0.0
2024-08-02 00:00:00+07:00,289.9594761329361,309.1620904463756,289.9594761329361,303.40130615234375,9130300,0.0,0.0
2024-08-05 00:00:00+07:00,301.48106047394987,305.32158353731234,288.0392297521814,295.72027587890625,8430600,0.0,0.0
2024-08-06 00:00:00+07:00,295.720227127555,305.321533203125,291.87970469732704,305.321533203125,8738600,0.0,0.0
2024-08-07 00:00:00+07:00,305.321533203125,307.241794418239,303.401271988011,305.321533203125,4455300,0.0,0.0
2024-08-08 00:00:00+07:00,305.3215405895452,305.3215405895452,297.6404955432673,301.48101806640625,6665900,0.0,0.0
2024-08-09 00:00:00+07:00,301.4810297459732,314.9228590977045,297.64050707405,311.08233642578125,6588300,0.0,0.0
2024-08-12 00:00:00+07:00,311.0823440551758,313.0026054382324,303.4012985229492,307.2418212890625,3232700,0.0,0.0
2024-08-13 00:00:00+07:00,307.241813753858,313.0025977617429,303.4012910819348,311.08233642578125,5509900,0.0,0.0
2024-08-14 00:00:00+07:00,311.08234021678476,311.08234021678476,307.241817498059,309.1620788574219,5753400,0.0,0.0
2024-08-15 00:00:00+07:00,309.162101511575,313.00262451171875,307.2418400115031,313.00262451171875,7044500,0.0,0.0
2024-08-16 00:00:00+07:00,313.0025902724847,314.9228515625,309.16206769245423,314.9228515625,6368400,0.0,0.0
2024-08-19 00:00:00+07:00,314.92288601179064,314.92288601179064,307.2418400115031,313.00262451171875,5029700,0.0,0.0
2024-08-20 00:00:00+07:00,313.0025977617429,313.0025977617429,309.16207508981967,311.08233642578125,3433700,0.0,0.0
2024-08-21 00:00:00+07:00,311.08233642578125,311.08233642578125,301.4810297459732,311.08233642578125,9636800,0.0,0.0
2024-08-22 00:00:00+07:00,311.082316848467,311.082316848467,305.321533203125,305.321533203125,2387100,0.0,0.0
2024-08-23 00:00:00+07:00,305.3215561386961,311.08234021678476,303.4012947793333,309.1620788574219,5296800,0.0,0.0
2024-08-26 00:00:00+07:00,309.1620788574219,309.1620788574219,307.241817498059,309.1620788574219,6511400,0.0,0.0
2024-08-27 00:00:00+07:00,309.16208267211914,309.16208267211914,303.4012985229492,307.2418212890625,3082400,0.0,0.0
2024-08-28 00:00:00+07:00,307.24182901503167,307.24182901503167,301.4810447209998,303.40130615234375,3689400,0.0,0.0
2024-08-29 00:00:00+07:00,301.48105551128737,313.00262451171875,299.5607940112155,313.00262451171875,6549700,0.0,0.0
2024-08-30 00:00:00+07:00,313.0026091615597,332.2052232205511,311.0823477556605,320.68365478515625,7640900,0.0,0.0
2024-09-02 00:00:00+07:00,324.524169921875,324.524169921875,318.76338584042156,324.524169921875,5469600,0.0,0.0
2024-09-03 00:00:00+07:00,324.5241624263295,328.36468505859375,320.68363979406524,328.36468505859375,4714900,0.0,0.0
2024-09-04 00:00:00+07:00,328.36468505859375,328.36468505859375,324.5241624263295,328.36468505859375,5088200,0.0,0.0
2024-09-05 00:00:00+07:00,328.3646813326104,330.2849426269531,324.5241587439249,330.2849426269531,2984100,0.0,0.0
2024-09-06 00:00:00+07:00,330.2849468891847,345.6470374421701,328.36468557006157,343.7267761230469,8250700,0.0,0.0
2024-09-09 00:00:00+07:00,343.726791469029,343.726791469029,334.1254844447545,336.0457458496094,5345100,0.0,0.0
2024-09-10 00:00:00+07:00,337.96601506051303,337.96601506051303,330.2849692636832,332.2052307128906,3499100,0.0,0.0
2024-09-11 00:00:00+07:00,332.2052230398996,336.0457458496094,332.2052230398996,336.0457458496094,5045900,0.0,0.0
2024-09-12 00:00:00+07:00,336.04575361130554,336.04575361130554,330.2849692636832,332.2052307128906,4694500,0.0,0.0
2024-09-13 00:00:00+07:00,332.2052082083079,345.6470374421701,332.2052082083079,343.7267761230469,4156500,0.0,0.0
2024-09-17 00:00:00+07:00,339.8862504350378,361.0091247558594,339.8862504350378,361.0091247558594,8579800,0.0,0.0
2024-09-18 00:00:00+07:00,359.088870961179,364.8496549872942,357.1686096191406,357.1686096191406,5649900,0.0,0.0
2024-09-19 00:00:00+07:00,357.1686285109747,362.9294128417969,357.1686285109747,362.9294128417969,7957700,0.0,0.0
2024-09-20 00:00:00+07:00,362.92940517245785,372.53071218760226,361.009143769429,366.7699279785156,8955100,0.0,0.0
2024-09-23 00:00:00+07:00,366.76990115517066,368.69016241776313,355.2483335796155,364.8496398925781,7050000,0.0,0.0
2024-09-24 00:00:00+07:00,364.84965163010816,382.1320035494291,362.92939030573916,374.4509582519531,12514500,0.0,0.0
2024-09-25 00:00:00+07:00,374.4509620273236,378.29148471478334,368.690177996134,372.53070068359375,5233800,0.0,0.0
2024-09-26 00:00:00+07:00,372.53070447852576,374.45096584181715,364.84965902536027,370.6104431152344,6190400,0.0,0.0
2024-09-27 00:00:00+07:00,368.690181751943,370.6104431152344,366.76992038865166,370.6104431152344,4522900,0.0,0.0
2024-09-30 00:00:00+07:00,370.61044692993164,370.61044692993164,366.76992416381836,368.690185546875,4183800,0.0,0.0
2024-10-01 00:00:00+07:00,368.690181751943,370.6104431152344,368.690181751943,370.6104431152344,3549200,0.0,0.0
2024-10-02 00:00:00+07:00,368.690193595467,370.6104550204434,343.72679507077396,349.4875793457031,7614200,0.0,0.0
2024-10-03 00:00:00+07:00,347.5672912597656,349.4875525374439,343.7267687044091,347.5672912597656,1968700,0.0,0.0
2024-10-04 00:00:00+07:00,345.64702998208736,351.40781381512215,343.7267687044091,347.5672912597656,4116100,0.0,0.0
2024-10-07 00:00:00+07:00,347.5672912597656,349.4875525374439,345.64702998208736,347.5672912597656,4773700,0.0,0.0
2024-10-08 00:00:00+07:00,347.5673029089487,357.1686096191406,347.5673029089487,357.1686096191406,6610500,0.0,0.0
2024-10-09 00:00:00+07:00,359.0888786315918,359.0888786315918,347.56731033325195,353.3280944824219,4942600,0.0,0.0
2024-10-10 00:00:00+07:00,353.3281021956559,353.3281021956559,345.64705649575035,349.4875793457031,3570500,0.0,0.0
2024-10-11 00:00:00+07:00,347.56731792072674,351.4078407706795,345.64705649575035,349.4875793457031,3100900,0.0,0.0
2024-10-14 00:00:00+07:00,349.48758714463975,351.40784861246743,343.7268027411567,345.6470642089844,2062800,0.0,0.0
2024-10-15 00:00:00+07:00,343.72679507077396,349.4875793457031,343.72679507077396,349.4875793457031,4227500,0.0,0.0
2024-10-16 00:00:00+07:00,347.56728852924545,366.76990115517066,347.56728852924545,364.8496398925781,9623200,0.0,0.0
2024-10-17 00:00:00+07:00,366.76992022540117,368.69018158783786,353.32809068834456,355.24835205078125,5549400,0.0,0.0
2024-10-18 00:00:00+07:00,355.2483363704787,355.2483363704787,345.64702998208736,347.5672912597656,2956500,0.0,0.0
2024-10-21 00:00:00+07:00,347.56732567681206,349.48758714463975,341.806541273329,345.6470642089844,2962500,0.0,0.0
2024-10-22 00:00:00+07:00,345.6470642089844,345.6470642089844,341.806541273329,345.6470642089844,1877400,0.0,0.0
2024-10-23 00:00:00+07:00,345.6470489501953,353.3280944824219,341.80652618408203,353.3280944824219,3802200,0.0,0.0
2024-10-24 00:00:00+07:00,353.3280944824219,355.2483558654785,347.56731033325195,353.3280944824219,2254800,0.0,0.0
2024-10-25 00:00:00+07:00,353.3280944824219,353.3280944824219,349.4875717163086,353.3280944824219,2783600,0.0,0.0
2024-10-28 00:00:00+07:00,353.3280676336236,353.3280676336236,349.48754515934513,351.4078063964844,3868500,0.0,0.0
2024-10-29 00:00:00+07:00,351.4078063964844,353.3280676336236,349.48754515934513,351.4078063964844,3801400,0.0,0.0
2024-10-30 00:00:00+07:00,351.4078293259079,357.1686134132179,349.4875679634713,355.24835205078125,2632500,0.0,0.0
2024-10-31 00:00:00+07:00,357.1686134132179,357.1686134132179,349.4875679634713,355.24835205078125,2020200,0.0,0.0
2024-11-01 00:00:00+07:00,353.3281021956559,355.2483636206323,345.64705649575035,349.4875793457031,2515000,0.0,0.0
2024-11-04 00:00:00+07:00,349.4875600804164,349.4875600804164,341.80651480392373,343.7267761230469,2346100,0.0,0.0
2024-11-05 00:00:00+07:00,343.7267798948824,343.7267798948824,341.8065185546875,341.8065185546875,1319300,0.0,0.0
2024-11-06 00:00:00+07:00,341.80652618408203,343.7267875671387,334.12548065185547,337.96600341796875,2025300,0.0,0.0
2024-11-07 00:00:00+07:00,337.9660072544643,337.9660072544643,334.1254844447545,336.0457458496094,2031800,0.0,0.0
2024-11-08 00:00:00+07:00,336.0457458496094,337.9660072544643,334.1254844447545,336.0457458496094,1426700,0.0,0.0
2024-11-11 00:00:00+07:00,336.0457190151872,336.0457190151872,328.3646740091258,334.1254577636719,1910100,0.0,0.0
2024-11-12 00:00:00+07:00,334.12546952743105,343.7267761230469,332.2052082083079,343.7267761230469,2090600,0.0,0.0
2024-11-13 00:00:00+07:00,343.7267798948824,345.64704123507727,336.0457345341029,341.8065185546875,1362500,0.0,0.0
2024-11-14 00:00:00+07:00,341.8065300641741,341.8065300641741,334.1254844447545,336.0457458496094,4172900,0.0,0.0
2024-11-15 00:00:00+07:00,336.0457458496094,336.0457458496094,332.2052230398996,336.0457458496094,1845600,0.0,0.0
2024-11-18 00:00:00+07:00,336.04575361130554,336.04575361130554,330.2849692636832,332.2052307128906,1057500,0.0,0.0
2024-11-19 00:00:00+07:00,334.12546952743105,343.7267761230469,332.2052082083079,343.7267761230469,2375900,0.0,0.0
2024-11-20 00:00:00+07:00,343.7267798948824,345.64704123507727,337.96599587429773,341.8065185546875,2606100,0.0,0.0
2024-11-21 00:00:00+07:00,341.80652618408203,341.80652618408203,336.0457420349121,337.96600341796875,2344200,0.0,0.0
2024-11-22 00:00:00+07:00,337.9660072544643,337.9660072544643,334.1254844447545,336.0457458496094,1211200,0.0,0.0
2024-11-25 00:00:00+07:00,336.0457458496094,337.9660072544643,332.2052230398996,336.0457458496094,3471700,0.0,0.0
2024-11-26 00:00:00+07:00,336.0457164993703,353.3280676336236,334.12545526223107,351.4078063964844,7083600,0.0,0.0
2024-11-28 00:00:00+07:00,353.3280676336236,355.2483288707629,347.56728392220583,351.4078063964844,3552000,0.0,0.0
2024-11-29 00:00:00+07:00,351.40781381512215,353.3280750928004,345.64702998208736,347.5672912597656,3935000,0.0,0.0
2024-12-02 00:00:00+07:00,347.56732567681206,347.56732567681206,343.7268027411567,345.6470642089844,3408100,0.0,0.0
2024-12-03 00:00:00+07:00,345.6470642089844,347.56732567681206,343.7268027411567,345.6470642089844,1828300,0.0,0.0
2024-12-04 00:00:00+07:00,345.6470642089844,345.6470642089844,341.806541273329,345.6470642089844,4422100,0.0,0.0
2024-12-05 00:00:00+07:00,345.64705649575035,349.4875793457031,343.72679507077396,349.4875793457031,3927900,0.0,0.0
2024-12-06 00:00:00+07:00,349.4875642509871,357.1686096191406,349.4875642509871,357.1686096191406,5286100,0.0,0.0
2024-12-09 00:00:00+07:00,357.1686209633712,366.7699279785156,357.1686209633712,366.7699279785156,8327900,0.0,0.0
2024-12-10 00:00:00+07:00,366.76993572901165,368.69019717261904,357.1686285109747,362.9294128417969,4479600,0.0,0.0
2024-12-11 00:00:00+07:00,362.92938605775225,362.92938605775225,359.0888634539665,361.0091247558594,3278100,0.0,0.0
2024-12-12 00:00:00+07:00,361.00915919013204,361.00915919013204,357.1686362200242,359.0888977050781,4250600,0.0,0.0
2024-12-13 00:00:00+07:00,359.0888634539665,361.0091247558594,357.1686021520736,361.0091247558594,3008300,0.0,0.0
2024-12-16 00:00:00+07:00,361.00915919013204,362.9294206751859,357.1686362200242,359.0888977050781,4086800,0.0,0.0
2024-12-17 00:00:00+07:00,359.0888634539665,361.0091247558594,357.1686021520736,361.0091247558594,4574900,0.0,0.0
2024-12-18 00:00:00+07:00,361.0091247558594,361.0091247558594,359.0888634539665,361.0091247558594,2010800,0.0,0.0
2024-12-19 00:00:00+07:00,359.0888786315918,361.00914001464844,351.40783309936523,353.3280944824219,4560500,0.0,0.0
2024-12-20 00:00:00+07:00,351.40784861246743,353.3281100802952,336.04575686984595,345.6470642089844,1290600,0.0,0.0
2024-12-23 00:00:00+07:00,341.80652618408203,341.80652618408203,334.12548065185547,337.96600341796875,738200,0.0,0.0
2024-12-24 00:00:00+07:00,337.96600341796875,337.96600341796875,336.0457420349121,337.96600341796875,149000,0.0,0.0
2024-12-27 00:00:00+07:00,337.96599962482344,339.8862609863281,336.04573826331875,339.8862609863281,373200,0.0,0.0
2024-12-30 00:00:00+07:00,339.8862609863281,341.8065223478328,337.96599962482344,339.8862609863281,817500,0.0,0.0
2025-01-02 00:00:00+07:00,339.8862609863281,339.8862609863281,336.04573826331875,339.8862609863281,259100,0.0,0.0
2025-01-03 00:00:00+07:00,339.88626865931917,341.8065300641741,334.1254844447545,336.0457458496094,1473700,0.0,0.0
2025-01-06 00:00:00+07:00,337.9660072544643,337.9660072544643,334.1254844447545,336.0457458496094,2836200,0.0,0.0
2025-01-07 00:00:00+07:00,336.0457458496094,337.9660072544643,334.1254844447545,336.0457458496094,3441400,0.0,0.0
2025-01-08 00:00:00+07:00,336.0457458496094,337.9660072544643,334.1254844447545,336.0457458496094,3228300,0.0,0.0
2025-01-09 00:00:00+07:00,336.0457458496094,337.9660072544643,326.4444388253348,336.0457458496094,2444700,0.0,0.0
2025-01-10 00:00:00+07:00,336.0457458496094,337.9660072544643,334.1254844447545,336.0457458496094,1134100,0.0,0.0
2025-01-13 00:00:00+07:00,336.0457458496094,337.9660072544643,334.1254844447545,336.0457458496094,1230700,0.0,0.0
2025-01-14 00:00:00+07:00,336.0457458496094,337.9660072544643,334.1254844447545,336.0457458496094,1306400,0.0,0.0
2025-01-15 00:00:00+07:00,336.0457420349121,337.96600341796875,326.4444351196289,337.96600341796875,3190900,0.0,0.0
2025-01-16 00:00:00+07:00,337.96601833767363,345.6470642089844,337.96601833767363,345.6470642089844,4803500,0.0,0.0
2025-01-17 00:00:00+07:00,345.6470450708422,345.6470450708422,337.96599962482344,339.8862609863281,899800,0.0,0.0
2025-01-20 00:00:00+07:00,339.8862648010254,339.8862648010254,336.0457420349121,337.96600341796875,2972100,0.0,0.0
2025-01-21 00:00:00+07:00,337.96600341796875,337.96600341796875,334.12548065185547,337.96600341796875,3300400,0.0,0.0
2025-01-22 00:00:00+07:00,337.96600341796875,337.96600341796875,336.0457420349121,337.96600341796875,2657400,0.0,0.0
2025-01-23 00:00:00+07:00,337.96600341796875,339.8862648010254,336.0457420349121,337.96600341796875,3655300,0.0,0.0
2025-01-24 00:00:00+07:00,337.96600341796875,337.96600341796875,336.0457420349121,337.96600341796875,2901300,0.0,0.0
2025-01-30 00:00:00+07:00,337.96600341796875,337.96600341796875,336.0457420349121,337.96600341796875,3782500,0.0,0.0
2025-01-31 00:00:00+07:00,337.96600341796875,337.96600341796875,336.0457420349121,337.96600341796875,3488800,0.0,0.0
2025-02-03 00:00:00+07:00,337.96600341796875,337.96600341796875,334.12548065185547,337.96600341796875,988500,0.0,0.0
2025-02-04 00:00:00+07:00,337.96600341796875,339.8862648010254,336.0457420349121,337.96600341796875,3445400,0.0,0.0
2025-02-05 00:00:00+07:00,337.96600341796875,337.96600341796875,336.0457420349121,337.96600341796875,2664600,0.0,0.0
2025-02-06 00:00:00+07:00,337.96600341796875,337.96600341796875,334.12548065185547,337.96600341796875,2247100,0.0,0.0
2025-02-07 00:00:00+07:00,337.96600341796875,337.96600341796875,334.12548065185547,337.96600341796875,2754900,0.0,0.0
2025-02-10 00:00:00+07:00,337.96600341796875,337.96600341796875,334.12548065185547,337.96600341796875,3814100,0.0,0.0
2025-02-11 00:00:00+07:00,337.96600341796875,337.96600341796875,334.12548065185547,337.96600341796875,3385600,0.0,0.0
2025-02-12 00:00:00+07:00,337.96600341796875,337.96600341796875,334.12548065185547,337.96600341796875,4191200,0.0,0.0
2025-02-13 00:00:00+07:00,337.96600341796875,337.96600341796875,336.0457420349121,337.96600341796875,2262300,0.0,0.0
2025-02-14 00:00:00+07:00,337.96600341796875,337.96600341796875,336.0457420349121,337.96600341796875,3271300,0.0,0.0
2025-02-17 00:00:00+07:00,337.96600341796875,337.96600341796875,334.12548065185547,337.96600341796875,2512700,0.0,0.0
2025-02-18 00:00:00+07:00,337.96600341796875,341.80652618408203,336.0457420349121,337.96600341796875,4036200,0.0,0.0
2025-02-19 00:00:00+07:00,337.9659848713743,347.5672912597656,336.04572359369604,347.5672912597656,3498700,0.0,0.0
2025-02-20 00:00:00+07:00,347.56732567681206,351.40784861246743,343.7268027411567,345.6470642089844,2745800,0.0,0.0
2025-02-21 00:00:00+07:00,345.6470374421701,345.6470374421701,341.80651480392373,343.7267761230469,3401800,0.0,0.0
2025-02-24 00:00:00+07:00,343.7267687044091,349.4875525374439,341.80650742673083,347.5672912597656,3747400,0.0,0.0
2025-02-25 00:00:00+07:00,347.56732567681206,353.3281100802952,343.7268027411567,345.6470642089844,2915600,0.0,0.0
2025-02-26 00:00:00+07:00,345.64702527276404,345.64702527276404,334.1254577636719,334.1254577636719,4425800,0.0,0.0
2025-02-27 00:00:00+07:00,336.04573826331875,339.8862609863281,336.04573826331875,339.8862609863281,657500,0.0,0.0
2025-02-28 00:00:00+07:00,339.8862648010254,339.8862648010254,336.0457420349121,337.96600341796875,1044300,0.0,0.0
2025-03-03 00:00:00+07:00,337.96601833767363,345.6470642089844,336.04575686984595,345.6470642089844,4853900,0.0,0.0
2025-03-04 00:00:00+07:00,345.64704123507727,345.64704123507727,339.8862572144926,341.8065185546875,2520300,0.0,0.0
2025-03-05 00:00:00+07:00,341.8065185546875,343.7267798948824,339.8862572144926,341.8065185546875,3767100,0.0,0.0
2025-03-06 00:00:00+07:00,347.56731792072674,351.4078407706795,345.64705649575035,349.4875793457031,3585600,0.0,0.0
2025-03-07 00:00:00+07:00,349.4875525374439,351.40781381512215,345.64702998208736,347.5672912597656,2298200,0.0,0.0
2025-03-10 00:00:00+07:00,347.56731792072674,349.4875793457031,347.56731792072674,349.4875793457031,616100,0.0,0.0
2025-03-11 00:00:00+07:00,347.56731792072674,349.4875793457031,347.56731792072674,349.4875793457031,767100,0.0,0.0
2025-03-12 00:00:00+07:00,349.48755694450216,364.8496473596451,347.5672956426093,361.0091247558594,2268700,0.0,0.0
2025-03-13 00:00:00+07:00,361.0091513981895,362.9294128417969,361.0091513981895,362.9294128417969,1262200,0.0,0.0
2025-03-14 00:00:00+07:00,362.9294128417969,362.9294128417969,357.1686285109747,362.9294128417969,1121500,0.0,0.0
2025-03-17 00:00:00+07:00,362.9294206751859,362.9294206751859,351.4078517648625,359.0888977050781,896900,0.0,0.0
2025-03-18 00:00:00+07:00,359.088870961179,359.088870961179,351.40782559302545,357.1686096191406,866700,0.0,0.0
2025-03-19 00:00:00+07:00,357.1686021520736,361.0091247558594,355.24834085018074,361.0091247558594,1372000,0.0,0.0
2025-03-20 00:00:00+07:00,361.0091247558594,361.0091247558594,353.32807954828786,361.0091247558594,1499700,0.0,0.0
2025-03-21 00:00:00+07:00,361.00915919013204,361.00915919013204,357.1686362200242,359.0888977050781,1523600,0.0,0.0
2025-03-24 00:00:00+07:00,359.088870961179,359.088870961179,355.24834827710225,357.1686096191406,636400,0.0,0.0
2025-03-25 00:00:00+07:00,359.0888676570012,384.0522648737981,357.1686063326322,374.4509582519531,1580200,0.0,0.0
2025-03-26 00:00:00+07:00,376.3712272051085,380.21174993169126,368.690181751943,370.6104431152344,1232300,0.0,0.0
2025-03-27 00:00:00+07:00,370.6104319046955,376.3712158203125,368.6901705994898,376.3712158203125,1060400,0.0,0.0
2025-04-08 00:00:00+07:00,355.2483681033802,355.2483681033802,320.6836620176459,332.2052307128906,1063700,0.0,0.0
2025-04-09 00:00:00+07:00,326.4444388253348,337.9660072544643,314.9228703962054,336.0457458496094,375200,0.0,0.0
2025-04-10 00:00:00+07:00,328.36471099853514,347.56732567681206,328.36471099853514,345.6470642089844,140100,0.0,0.0
2025-04-11 00:00:00+07:00,343.7268027411567,345.6470642089844,332.2052339341906,345.6470642089844,272900,0.0,0.0
2025-04-14 00:00:00+07:00,345.64702998208736,347.5672912597656,336.04572359369604,347.5672912597656,135100,0.0,0.0
2025-04-15 00:00:00+07:00,347.5672912597656,347.5672912597656,343.7267687044091,347.5672912597656,139700,0.0,0.0
2025-04-16 00:00:00+07:00,347.56732567681206,347.56732567681206,341.806541273329,345.6470642089844,107400,0.0,0.0
2025-04-17 00:00:00+07:00,345.6470450708422,345.6470450708422,337.96599962482344,339.8862609863281,161800,0.0,0.0
2025-04-21 00:00:00+07:00,339.8862572144926,341.8065185546875,328.36468917332337,341.8065185546875,255700,0.0,0.0
2025-04-22 00:00:00+07:00,341.80652618408203,341.80652618408203,337.96600341796875,337.96600341796875,60700,0.0,0.0
2025-04-23 00:00:00+07:00,337.96601833767363,345.6470642089844,336.04575686984595,345.6470642089844,1083300,0.0,0.0
2025-04-24 00:00:00+07:00,345.64704123507727,345.64704123507727,337.96599587429773,341.8065185546875,342200,0.0,0.0
2025-04-25 00:00:00+07:00,341.80651480392373,343.7267761230469,336.04573084655425,343.7267761230469,418500,0.0,0.0
2025-04-28 00:00:00+07:00,345.64706730970084,364.8496821602398,343.726805824647,359.0888977050781,441900,0.0,0.0
2025-04-29 00:00:00+07:00,362.9294206751859,362.9294206751859,355.24837473497035,359.0888977050781,299700,0.0,0.0
2025-04-30 00:00:00+07:00,359.0888634539665,362.92938605775225,359.0888634539665,361.0091247558594,726700,0.0,0.0
2025-05-02 00:00:00+07:00,361.0091323032174,362.9293936452558,355.24834827710225,357.1686096191406,655300,0.0,0.0
2025-05-05 00:00:00+07:00,357.1686021520736,361.0091247558594,349.48755694450216,361.0091247558594,1530000,0.0,0.0
2025-05-06 00:00:00+07:00,362.2839726400639,362.2839726400639,352.38550344224797,358.3245849609375,314600,11.287894,0.0
2025-05-07 00:00:00+07:00,358.3245607514621,358.3245607514621,352.3854796340346,354.36517333984375,234500,0.0,0.0
2025-05-08 00:00:00+07:00,354.36518624441965,360.304267578125,344.4667173549107,346.4464111328125,493500,0.0,0.0
2025-05-09 00:00:00+07:00,350.4057922363281,356.34487346067266,346.44640475343175,350.4057922363281,104200,0.0,0.0
2025-05-14 00:00:00+07:00,350.40580423762293,356.34488566537925,348.4261104283708,352.385498046875,112600,0.0,0.0
2025-05-15 00:00:00+07:00,352.385498046875,352.385498046875,346.4464166191187,352.385498046875,56200,0.0,0.0
2025-05-16 00:00:00+07:00,352.385498046875,352.385498046875,348.4261104283708,352.385498046875,142800,0.0,0.0
2025-05-19 00:00:00+07:00,352.3855046358976,352.3855046358976,346.4464230970903,348.4261169433594,111700,0.0,0.0
2025-05-20 00:00:00+07:00,348.4261049107143,348.4261049107143,342.4870235770089,346.4464111328125,197700,0.0,0.0
2025-05-21 00:00:00+07:00,346.4464111328125,346.4464111328125,344.4667173549107,346.4464111328125,27800,0.0,0.0
2025-05-22 00:00:00+07:00,348.4261169433594,348.4261169433594,346.4464230970903,348.4261169433594,71700,0.0,0.0
2025-05-23 00:00:00+07:00,348.4260984948799,350.4057922363281,348.4260984948799,350.4057922363281,8400,0.0,0.0
2025-05-26 00:00:00+07:00,350.4057922363281,350.4057922363281,344.4667110119836,350.4057922363281,116700,0.0,0.0
2025-05-27 00:00:00+07:00,350.4057922363281,350.4057922363281,346.44640475343175,350.4057922363281,34200,0.0,0.0
2025-05-28 00:00:00+07:00,348.4261169433594,348.4261169433594,346.4464230970903,348.4261169433594,61800,0.0,0.0
2025-06-02 00:00:00+07:00,348.4261169433594,348.4261169433594,342.4870354045521,348.4261169433594,726900,0.0,0.0
2025-06-03 00:00:00+07:00,348.4261169433594,348.4261169433594,346.4464230970903,348.4261169433594,493100,0.0,0.0
2025-06-04 00:00:00+07:00,348.4261169433594,348.4261169433594,346.4464230970903,348.4261169433594,98900,0.0,0.0
2025-06-05 00:00:00+07:00,348.4261169433594,348.4261169433594,346.4464230970903,348.4261169433594,403100,0.0,0.0
2025-06-10 00:00:00+07:00,348.4261169433594,348.4261169433594,346.4464230970903,348.4261169433594,288100,0.0,0.0
2025-06-11 00:00:00+07:00,346.4464230970903,348.4261169433594,346.4464230970903,348.4261169433594,359400,0.0,0.0
2025-06-12 00:00:00+07:00,348.4261169433594,348.4261169433594,344.46672925082123,348.4261169433594,392900,0.0,0.0
2025-06-13 00:00:00+07:00,348.4260984948799,350.4057922363281,346.44640475343175,350.4057922363281,133000,0.0,0.0
2025-06-16 00:00:00+07:00,350.4057859282254,354.36517333984375,350.4057859282254,354.36517333984375,124300,0.0,0.0
2025-06-17 00:00:00+07:00,354.36518624441965,356.34488002232143,346.4464111328125,346.4464111328125,566100,0.0,0.0
2025-06-18 00:00:00+07:00,348.4261169433594,350.40581078962845,346.4464230970903,348.4261169433594,48700,0.0,0.0
2025-06-19 00:00:00+07:00,348.4261169433594,348.4261169433594,344.46672925082123,348.4261169433594,265300,0.0,0.0
2025-06-20 00:00:00+07:00,348.4261169433594,348.4261169433594,346.4464230970903,348.4261169433594,526600,0.0,0.0
2025-06-23 00:00:00+07:00,348.4261169433594,348.4261169433594,342.4870354045521,348.4261169433594,223900,0.0,0.0
2025-06-24 00:00:00+07:00,348.4261169433594,348.4261169433594,346.4464230970903,348.4261169433594,462200,0.0,0.0
2025-06-25 00:00:00+07:00,348.4261049107143,348.4261049107143,346.4464111328125,346.4464111328125,44000,0.0,0.0
2025-06-26 00:00:00+07:00,348.4261049107143,348.4261049107143,346.4464111328125,346.4464111328125,29200,0.0,0.0
2025-06-30 00:00:00+07:00,346.4464230970903,348.4261169433594,346.4464230970903,348.4261169433594,138400,0.0,0.0
2025-07-01 00:00:00+07:00,348.4260984948799,350.4057922363281,346.44640475343175,350.4057922363281,260400,0.0,0.0
2025-07-02 00:00:00+07:00,350.4057922363281,350.4057922363281,346.44640475343175,350.4057922363281,146800,0.0,0.0
2025-07-03 00:00:00+07:00,350.4057922363281,350.4057922363281,348.4260984948799,350.4057922363281,213800,0.0,0.0
2025-07-04 00:00:00+07:00,350.4057922363281,350.4057922363281,348.4260984948799,350.4057922363281,80400,0.0,0.0
2025-07-07 00:00:00+07:00,350.40581078962845,350.40581078962845,338.52764771201396,348.4261169433594,269300,0.0,0.0
2025-07-08 00:00:00+07:00,348.4261049107143,348.4261049107143,346.4464111328125,346.4464111328125,143600,0.0,0.0
2025-07-09 00:00:00+07:00,348.4261169433594,348.4261169433594,346.4464230970903,348.4261169433594,49300,0.0,0.0
2025-07-10 00:00:00+07:00,348.4261169433594,348.4261169433594,346.4464230970903,348.4261169433594,55700,0.0,0.0
2025-07-11 00:00:00+07:00,348.4261169433594,348.4261169433594,346.4464230970903,348.4261169433594,51800,0.0,0.0
2025-07-14 00:00:00+07:00,346.4464230970903,348.4261169433594,346.4464230970903,348.4261169433594,116200,0.0,0.0
2025-07-15 00:00:00+07:00,348.4261169433594,348.4261169433594,346.4464230970903,348.4261169433594,191800,0.0,0.0
2025-07-16 00:00:00+07:00,348.4261169433594,348.4261169433594,344.46672925082123,348.4261169433594,85700,0.0,0.0
2025-07-17 00:00:00+07:00,348.4261169433594,348.4261169433594,346.4464230970903,348.4261169433594,69200,0.0,0.0
2025-07-18 00:00:00+07:00,348.4261169433594,348.4261169433594,346.4464230970903,348.4261169433594,142600,0.0,0.0
2025-07-21 00:00:00+07:00,348.4261169433594,348.4261169433594,346.4464230970903,348.4261169433594,61900,0.0,0.0
2025-07-22 00:00:00+07:00,346.4464230970903,348.4261169433594,346.4464230970903,348.4261169433594,127600,0.0,0.0
2025-07-23 00:00:00+07:00,348.4261169433594,348.4261169433594,346.4464230970903,348.4261169433594,32700,0.0,0.0
2025-07-24 00:00:00+07:00,348.4261169433594,348.4261169433594,344.46672925082123,348.4261169433594,107000,0.0,0.0
2025-07-25 00:00:00+07:00,348.42611819261697,348.42611819261697,338.52764892578125,338.52764892578125,329200,0.0,0.0
2025-07-28 00:00:00+07:00,340.50734407355986,348.42611951713104,328.6291809082031,328.6291809082031,401500,0.0,0.0
2025-07-29 00:00:00+07:00,346.44640545512357,352.38548669149714,340.50732421875,340.50732421875,1047400,0.0,0.0
2025-07-30 00:00:00+07:00,342.487011613517,344.4667053222656,336.547930487271,344.4667053222656,146400,0.0,0.0
2025-07-31 00:00:00+07:00,344.4667053222656,346.44639903101427,342.487011613517,344.4667053222656,96300,0.0,0.0
2025-08-01 00:00:00+07:00,344.4667182473575,344.4667182473575,336.5479431152344,336.5479431152344,570200,0.0,0.0
2025-08-04 00:00:00+07:00,342.48702540542143,344.46671919389206,326.64947509765625,326.64947509765625,352600,0.0,0.0
2025-08-05 00:00:00+07:00,332.5885564630682,332.5885564630682,326.64947509765625,326.64947509765625,394900,0.0,0.0
2025-08-06 00:00:00+07:00,332.58853812839675,332.58853812839675,318.7306823730469,318.7306823730469,446900,0.0,0.0
2025-08-07 00:00:00+07:00,330.60886363983155,330.60886363983155,308.83223190307615,316.7510070800781,743600,0.0,0.0
2025-08-08 00:00:00+07:00,316.7510070800781,326.64947605133057,316.7510070800781,316.7510070800781,331800,0.0,0.0
2025-08-11 00:00:00+07:00,316.75098908253204,322.69007012782953,308.83221435546875,308.83221435546875,416500,0.0,0.0
2025-08-12 00:00:00+07:00,316.7510014430733,326.6494702381693,310.8119201660156,310.8119201660156,641200,0.0,0.0
2025-08-13 00:00:00+07:00,314.77130126953125,332.5885447376179,312.79160755085496,314.77130126953125,742800,0.0,0.0
2025-08-14 00:00:00+07:00,314.771307684054,318.7306952020925,310.8119201660156,310.8119201660156,848000,0.0,0.0
2025-08-15 00:00:00+07:00,312.7916139250348,314.771307684054,308.8322264069964,310.8119201660156,633600,0.0,0.0
2025-08-19 00:00:00+07:00,310.81192666330645,316.75100806451616,306.8525390625,306.8525390625,1365800,0.0,0.0
2025-08-20 00:00:00+07:00,308.8322383059731,314.7713198118572,306.8525444706784,312.7916259765625,709300,0.0,0.0
2025-08-21 00:00:00+07:00,312.79161949157714,316.7510070800781,306.8525381088257,316.7510070800781,441000,0.0,0.0
2025-08-22 00:00:00+07:00,318.7306823730469,320.71037605238257,314.7712950143755,318.7306823730469,465400,0.0,0.0
2025-08-25 00:00:00+07:00,318.7307008743286,318.7307008743286,314.7713132858276,316.7510070800781,475400,0.0,0.0
2025-08-26 00:00:00+07:00,318.7306887068838,318.7306887068838,314.77130126953125,314.77130126953125,293200,0.0,0.0
2025-08-27 00:00:00+07:00,318.7306881416135,324.6697692871094,314.7713007112829,324.6697692871094,932900,0.0,0.0
2025-08-28 00:00:00+07:00,326.6494667137062,360.30426025390625,326.6494667137062,360.30426025390625,2964300,0.0,0.0
2025-08-29 00:00:00+07:00,364.2636664796271,366.2433603191903,340.5073404048688,358.3245849609375,1951300,0.0,0.0
2025-09-01 00:00:00+07:00,350.40580960268477,360.3042788005007,334.56825888617925,358.3245849609375,687900,0.0,0.0
2025-09-02 00:00:00+07:00,358.3245784571913,364.263659868084,358.3245784571913,362.2839660644531,1002900,0.0,0.0
2025-09-03 00:00:00+07:00,362.2839527130127,443.4513956705729,362.2839527130127,380.1011962890625,2877200,0.0,0.0
2025-09-04 00:00:00+07:00,380.1011904761905,382.0808841765873,362.28394717261904,374.162109375,1558000,0.0,0.0
2025-09-08 00:00:00+07:00,378.1215106540256,384.0605919731988,356.3448791503906,356.3448791503906,3526700,0.0,0.0
2025-09-09 00:00:00+07:00,354.36517333984375,358.3245607514621,348.42609222241623,354.36517333984375,349700,0.0,0.0
2025-09-10 00:00:00+07:00,350.4057864485116,350.4057864485116,330.6088493610251,344.4667053222656,2027000,0.0,0.0
2025-09-11 00:00:00+07:00,340.50734155828303,356.3448923284357,338.52764771201396,348.4261169433594,507500,0.0,0.0
2025-09-12 00:00:00+07:00,348.4261169433594,348.4261169433594,344.46672925082123,348.4261169433594,272400,0.0,0.0
2025-09-15 00:00:00+07:00,346.4464219235584,362.2839726400639,346.4464219235584,358.3245849609375,516900,0.0,0.0
2025-09-16 00:00:00+07:00,358.32455889064465,399.89812649674155,348.4260904130025,393.95904541015625,2172100,0.0,0.0
2025-09-17 00:00:00+07:00,393.9590704781669,395.9387642996652,356.34488786969865,388.0199890136719,2637400,0.0,0.0
2025-09-18 00:00:00+07:00,388.01998347939605,391.9793710659205,366.24335175351155,382.0809020996094,591000,0.0,0.0
2025-09-19 00:00:00+07:00,382.0809086505031,388.01999013211713,364.263664205661,378.12152099609375,722000,0.0,0.0
2025-09-22 00:00:00+07:00,376.1418088277181,386.0402774810791,356.3448715209961,380.1011962890625,1154400,0.0,0.0
2025-09-23 00:00:00+07:00,380.1012035472973,380.1012035472973,354.3651845571157,366.24334716796875,1375600,0.0,0.0
2025-09-24 00:00:00+07:00,366.24334716796875,376.14181601034625,350.4057970201647,366.24334716796875,673700,0.0,0.0
2025-09-25 00:00:00+07:00,366.24334716796875,370.20273470491975,352.3854907886402,366.24334716796875,629900,0.0,0.0
2025-09-26 00:00:00+07:00,366.24333506045133,368.22302876348084,356.344866545304,364.2636413574219,234000,0.0,0.0
2025-09-29 00:00:00+07:00,362.2839670931356,366.24335471163977,352.385498046875,352.385498046875,568400,0.0,0.0
2025-09-30 00:00:00+07:00,354.36518624441965,358.3245738002232,346.4464111328125,346.4464111328125,549200,0.0,0.0
2025-10-01 00:00:00+07:00,346.44640475343175,352.3854859777763,336.54793604619084,350.4057922363281,471900,0.0,0.0
2025-10-02 00:00:00+07:00,350.4057922363281,354.3651797192245,348.4260984948799,350.4057922363281,187200,0.0,0.0
2025-10-03 00:00:00+07:00,350.4057970201647,366.24334716796875,344.46671571473814,366.24334716796875,663600,0.0,0.0
2025-10-06 00:00:00+07:00,366.24334801567926,368.22304178873696,344.4667165120443,356.3448791503906,744900,0.0,0.0
2025-10-07 00:00:00+07:00,356.34486704565296,356.34486704565296,350.4057859282254,354.36517333984375,161900,0.0,0.0
2025-10-08 00:00:00+07:00,354.36517333984375,356.34486704565296,344.46670481079786,354.36517333984375,454400,0.0,0.0
2025-10-09 00:00:00+07:00,354.3651738660089,354.3651738660089,342.487011613517,344.4667053222656,643600,0.0,0.0
2025-10-10 00:00:00+07:00,344.4667228098666,352.385498046875,342.4870290006145,352.385498046875,521300,0.0,0.0
2025-10-13 00:00:00+07:00,352.38548145206295,439.49200495706725,338.52762543990315,429.5935363769531,11814200,0.0,0.0
2025-10-14 00:00:00+07:00,437.51231849307106,443.45139973958334,393.9590560186477,415.7356872558594,2879200,0.0,0.0
2025-10-15 00:00:00+07:00,419.695068359375,453.349861576872,395.93874373525944,419.695068359375,1504900,0.0,0.0
2025-10-16 00:00:00+07:00,417.71537464069866,445.43108670216685,407.8169060473172,419.695068359375,588500,0.0,0.0
2025-10-17 00:00:00+07:00,421.67477505023663,425.63416260939374,407.8169185931866,411.77630615234375,280000,0.0,0.0
2025-10-20 00:00:00+07:00,413.7560054544024,435.5326373204236,413.7560054544024,417.71539306640625,883600,0.0,0.0
2025-10-21 00:00:00+07:00,417.71539848541545,425.6341738121532,413.7560108220466,423.65447998046875,700900,0.0,0.0
2025-10-22 00:00:00+07:00,423.6544608376243,441.4717045177113,423.6544608376243,435.5326232910156,1524500,0.0,0.0
2025-10-23 00:00:00+07:00,435.5326232910156,443.4513982599432,423.6544608376243,435.5326232910156,2118100,0.0,0.0
2025-10-24 00:00:00+07:00,435.53264072963174,447.41080365862166,435.53264072963174,443.451416015625,1334000,0.0,0.0
2025-10-27 00:00:00+07:00,441.4717038302951,453.34986626519094,437.5123163519965,445.43109130859375,1467200,0.0,0.0
2025-10-28 00:00:00+07:00,445.4310906451681,463.24833427097485,445.4310906451681,455.3295593261719,2901200,0.0,0.0
2025-10-29 00:00:00+07:00,457.3092706142328,467.2077396751469,455.3295768020499,463.24835205078125,2069700,0.0,0.0
2025-10-30 00:00:00+07:00,447.4108025829865,455.329577849942,431.57325204907545,453.3498840332031,2816900,0.0,0.0
2025-10-31 00:00:00+07:00,455.3295593261719,459.28894679857336,453.3498655899711,455.3295593261719,1081500,0.0,0.0
2025-11-03 00:00:00+07:00,455.32958280123194,524.6188671405499,455.32958280123194,514.7203979492188,13243800,0.0,0.0
2025-11-04 00:00:00+07:00,519.669601152528,529.5680697459095,509.7711325591465,524.6188354492188,2602100,0.0,0.0
2025-11-05 00:00:00+07:00,539.4665573582505,653.2989501953125,539.4665573582505,653.2989501953125,11623300,0.0,0.0
2025-11-06 00:00:00+07:00,722.588241058142,816.6236970862564,682.994364835778,727.5374755859375,13080400,0.0,0.0
2025-11-07 00:00:00+07:00,732.486666029778,752.2836029495018,643.4004498910213,682.9943237304688,4130600,0.0,0.0
2025-11-10 00:00:00+07:00,673.0958828396267,727.5374615987142,663.1974139743381,712.6897583007812,1806400,0.0,0.0
2025-11-11 00:00:00+07:00,717.6389910723711,767.1313352842589,687.9435845452385,732.4866943359375,2234400,0.0,0.0
2025-11-12 00:00:00+07:00,737.4359304640028,742.3851648966472,687.9435861375597,712.6897583007812,1375900,0.0,0.0
2025-11-13 00:00:00+07:00,712.6897740930945,727.5374777200338,702.791305008468,707.7405395507812,1285200,0.0,0.0
2025-11-14 00:00:00+07:00,712.6897440159574,712.6897440159574,678.0451036818484,697.842041015625,1361500,0.0,0.0
2025-11-17 00:00:00+07:00,697.8420567103794,707.7405255998884,687.9435878208706,692.892822265625,758900,0.0,0.0
2025-11-18 00:00:00+07:00,697.8420255419235,707.7404939893266,687.9435570945203,702.791259765625,902200,0.0,0.0
2025-11-19 00:00:00+07:00,702.7912606501925,707.7404948801234,678.0450895005378,682.9943237304688,813400,0.0,0.0
2025-11-20 00:00:00+07:00,682.9943689579586,692.8928380732914,678.0451344002923,687.943603515625,611300,0.0,0.0
2025-11-21 00:00:00+07:00,687.9435878208706,727.5374633789063,682.9943533761161,692.892822265625,1513700,0.0,0.0
2025-11-24 00:00:00+07:00,692.8928380732914,697.8420726309578,668.1466652849596,687.943603515625,1099900,0.0,0.0
2025-11-25 00:00:00+07:00,687.943603515625,692.8928380732914,673.095899842626,687.943603515625,619800,0.0,0.0
2025-11-26 00:00:00+07:00,687.9435579603996,692.8927921903306,678.0450895005378,682.9943237304688,762900,0.0,0.0
2025-11-27 00:00:00+07:00,682.9943393233918,692.8928080092381,678.0451049804688,678.0451049804688,1102000,0.0,0.0
2025-11-28 00:00:00+07:00,678.0451189313617,692.892822265625,673.0958844866071,692.892822265625,1044200,0.0,0.0
2025-12-01 00:00:00+07:00,692.8928240607767,697.8420585183536,653.2989484001608,673.0958862304688,1892500,0.0,0.0
2025-12-02 00:00:00+07:00,673.095888080019,678.0451225511956,643.4004812529594,653.2989501953125,1743800,0.0,0.0
2025-12-03 00:00:00+07:00,643.4004851310484,653.2989541330645,564.2127331149194,613.705078125,3617400,0.0,0.0
2025-12-04 00:00:00+07:00,608.7558646824049,608.7558646824049,564.2127526324729,569.1619873046875,3580800,0.0,0.0
2025-12-05 00:00:00+07:00,554.3142592486213,707.7405274335075,554.3142592486213,673.0958862304688,7669500,0.0,0.0
2025-12-08 00:00:00+07:00,678.0451206880457,682.9943551456226,648.3497139425839,673.0958862304688,1775800,0.0,0.0
2025-12-09 00:00:00+07:00,682.9943246414413,687.9435588779734,653.2989192222482,663.1973876953125,463400,0.0,0.0
2025-12-10 00:00:00+07:00,678.045088647117,702.791259765625,653.2989175286092,702.791259765625,886700,0.0,0.0
2025-12-11 00:00:00+07:00,707.7405255998884,712.6897600446429,678.0451189313617,692.892822265625,936400,0.0,0.0
2025-12-12 00:00:00+07:00,697.8420726309578,707.7405417462905,668.1466652849596,687.943603515625,971800,0.0,0.0
2025-12-15 00:00:00+07:00,692.8928054283405,742.3851486732219,682.9943367793642,717.6389770507812,1383700,0.0,0.0
2025-12-16 00:00:00+07:00,722.5881966604313,727.537430884133,682.9943228708187,702.791259765625,1075700,0.0,0.0
2025-12-17 00:00:00+07:00,702.791291155134,707.7405255998884,678.0451189313617,692.892822265625,1144700,0.0,0.0
2025-12-18 00:00:00+07:00,687.943603515625,692.8928380732914,682.9943689579586,687.943603515625,485000,0.0,0.0
2025-12-19 00:00:00+07:00,687.9435878208706,697.8420567103794,673.0958844866071,692.892822265625,433700,0.0,0.0
2025-12-22 00:00:00+07:00,692.8928466796875,781.9790698242188,687.9436120605469,742.3851928710938,5132400,0.0,0.0
2025-12-23 00:00:00+07:00,742.385163178315,747.3343975995037,697.8420533876161,732.4866943359375,1517800,0.0,0.0
2025-12-24 00:00:00+07:00,732.4866642364084,747.3343668898491,717.6389615829677,722.5881958007812,1049500,0.0,0.0
2025-12-29 00:00:00+07:00,722.5882089652267,762.1820834290747,692.8928031173407,757.2328491210938,2090500,0.0,0.0
2025-12-30 00:00:00+07:00,762.1820960998535,826.5221431732178,757.2328617095948,791.8775024414062,3177900,0.0,0.0
2026-01-02 00:00:00+07:00,791.8774933510639,960.1514606881649,791.8774933510639,930.4560546875,5880800,0.0,0.0
2026-01-05 00:00:00+07:00,910.6591343280396,989.8468851391735,890.8621966252562,905.7098999023438,5399700,0.0,0.0
2026-01-06 00:00:00+07:00,915.6083704772609,930.4560737822975,871.0652605621509,885.9129638671875,2495000,0.0,0.0
2026-01-07 00:00:00+07:00,885.9129656110491,890.8622000558036,856.2175589425224,866.1160278320312,1622800,0.0,0.0
2026-01-08 00:00:00+07:00,866.1159978436597,871.065232117052,821.5728893831287,856.217529296875,1709200,0.0,0.0
2026-01-09 00:00:00+07:00,861.1667792741642,871.0652480014535,826.522138728652,851.268310546875,1261800,0.0,0.0
2026-01-12 00:00:00+07:00,841.3698432559058,856.2175463721866,811.6744370233445,831.4713745117188,2235900,0.0,0.0
2026-01-13 00:00:00+07:00,831.4713704427083,915.6083543565538,826.522136094835,890.8621826171875,3089700,0.0,0.0
2026-01-14 00:00:00+07:00,890.8621966252562,925.5068376051272,866.1160244967768,905.7098999023438,1380200,0.0,0.0
2026-01-15 00:00:00+07:00,905.7099156641698,930.4560882233001,890.8622121286916,900.7606811523438,1391700,0.0,0.0
2026-01-19 00:00:00+07:00,900.7606853616649,900.7606853616649,861.1668090820312,861.1668090820312,931800,0.0,0.0
2026-01-20 00:00:00+07:00,866.1160136378089,880.9637167287427,851.268310546875,851.268310546875,649800,0.0,0.0
2026-01-21 00:00:00+07:00,856.2175449105197,890.862185456032,831.4713730922965,851.268310546875,1031100,0.0,0.0
2026-01-22 00:00:00+07:00,856.2175449105197,861.1667792741642,841.3698418195858,851.268310546875,1405800,0.0,0.0
2026-01-23 00:00:00+07:00,856.2175789338997,856.2175789338997,816.6237024514072,821.5729370117188,802100,0.0,0.0
2026-01-26 00:00:00+07:00,826.5221902598506,1024.4915771484375,826.5221902598506,1024.4915771484375,10808600,0.0,0.0
2026-01-27 00:00:00+07:00,1069.03466796875,1202.6640014648438,935.4053344726562,1069.03466796875,11077600,0.0,0.0
2026-01-28 00:00:00+07:00,1069.0346891983695,1088.8316278872283,974.9992304262908,1024.4915771484375,3278500,0.0,0.0
2026-01-29 00:00:00+07:00,1039.3392415364583,1128.4254622395833,940.3545518663195,1113.5777587890625,3915300,0.0,0.0
2026-01-30 00:00:00+07:00,1118.5269718916816,1390.73486328125,1118.5269718916816,1390.73486328125,6937500,0.0,0.0
2026-02-02 00:00:00+07:00,1390.73486328125,1390.73486328125,1390.73486328125,1390.73486328125,0,0.0,0.0
2026-02-03 00:00:00+07:00,1182.8670353608973,1370.9379447488222,1182.8670353608973,1346.1917724609375,4748000,0.0,0.0
2026-02-04 00:00:00+07:00,1346.1917412750913,1385.7856160184763,1286.8009291600138,1356.0902099609375,969200,0.0,0.0
2026-02-05 00:00:00+07:00,1356.0902099609375,1385.7856160184763,1296.69939784586,1356.0902099609375,809100,0.0,0.0
2026-02-06 00:00:00+07:00,1356.090240656981,1692.63818359375,1331.3440683822184,1692.63818359375,7662400,0.0,0.0
2026-02-09 00:00:00+07:00,1692.63818359375,1692.63818359375,1692.63818359375,1692.63818359375,0,0.0,0.0
2026-02-10 00:00:00+07:00,1692.63818359375,1692.63818359375,1692.63818359375,1692.63818359375,0,0.0,0.0
2026-02-11 00:00:00+07:00,1692.63818359375,1692.63818359375,1692.63818359375,1692.63818359375,0,0.0,0.0
2026-02-12 00:00:00+07:00,1692.63818359375,1692.63818359375,1692.63818359375,1692.63818359375,0,0.0,0.0
2026-02-13 00:00:00+07:00,1860.912109375,1860.912109375,1860.912109375,1860.912109375,1171700,0.0,0.0
2026-02-18 00:00:00+07:00,2039.0845947265625,2039.0845947265625,2039.0845947265625,2039.0845947265625,2359200,0.0,0.0
2026-02-19 00:00:00+07:00,1836.1659675530627,2237.053955078125,1836.1659675530627,2237.053955078125,4202900,0.0,0.0
2026-02-20 00:00:00+07:00,2454.8203974184785,2454.8203974184785,2276.64794921875,2276.64794921875,4390700,0.0,0.0
2026-02-23 00:00:00+07:00,2276.6478125,2474.6171875,2276.6478125,2474.6171875,786400,0.0,0.0
2026-02-24 00:00:00+07:00,2524.1094642052285,2603.297212101863,2524.1094642052285,2573.601806640625,1227100,0.0,0.0
2026-02-25 00:00:00+07:00,2573.6018880208335,2573.6018880208335,2316.24169921875,2316.24169921875,1016300,0.0,0.0
2026-02-26 00:00:00+07:00,2088.576880493164,2425.1248138427736,1969.7952569580077,1979.6937255859375,7312600,0.0,0.0
2026-02-27 00:00:00+07:00,1979.6938203918146,2029.18616590161,1727.2828582918582,1949.9984130859375,1776400,0.0,0.0
2026-03-02 00:00:00+07:00,1846.064500633446,1945.0491923564189,1657.9935863597973,1831.216796875,1784700,0.0,0.0
2026-03-03 00:00:00+07:00,1836.1659227454145,1870.8105627972147,1573.8565052103552,1593.6534423828125,1488000,0.0,0.0
2026-03-04 00:00:00+07:00,1593.6534584212477,1613.4503957929403,1356.0902099609375,1356.0902099609375,3669700,0.0,0.0
2026-03-05 00:00:00+07:00,1484.7703200120193,1484.7703200120193,1153.171615209335,1158.120849609375,5615200,0.0,0.0
2026-03-06 00:00:00+07:00,1237.30859375,1440.227203125,1168.0193125,1237.30859375,10144500,0.0,0.0
2026-03-09 00:00:00+07:00,1336.293298192771,1390.734877008032,1054.1869352409637,1232.359375,9161300,0.0,0.0
2026-03-10 00:00:00+07:00,1252.156312751004,1276.902484939759,1143.273155120482,1232.359375,1600700,0.0,0.0
2026-03-11 00:00:00+07:00,1262.0547473568713,1341.2424962106359,1232.3593415367097,1281.8516845703125,2247000,0.0,0.0
2026-03-12 00:00:00+07:00,1356.0902345445422,1539.2119085523818,1281.8517180548774,1425.3795166015625,4746900,0.0,0.0
2026-03-13 00:00:00+07:00,1430.328745025059,1430.328745025059,1311.547119140625,1311.547119140625,1947700,0.0,0.0
2026-03-16 00:00:00+07:00,1316.496337890625,1375.8871501262922,1227.410119537124,1316.496337890625,974300,0.0,0.0
2026-03-17 00:00:00+07:00,1326.3948311941965,1484.7703334263394,1326.3948311941965,1385.78564453125,2022900,0.0,0.0
2026-03-25 00:00:00+07:00,1390.0,1650.0,1350.0,1555.0,2555100,14.214385,0.0
2026-03-26 00:00:00+07:00,1555.0,1720.0,1550.0,1700.0,1608400,0.0,0.0
2026-03-27 00:00:00+07:00,1690.0,2100.0,1650.0,1865.0,8272300,0.0,0.0
2026-03-30 00:00:00+07:00,1850.0,2200.0,1800.0,2150.0,6807800,0.0,0.0
2026-03-31 00:00:00+07:00,2150.0,2250.0,1900.0,1935.0,4842700,0.0,0.0
2026-04-01 00:00:00+07:00,1900.0,2070.0,1900.0,1955.0,2046000,0.0,0.0
2026-04-02 00:00:00+07:00,1940.0,2020.0,1910.0,1910.0,1360100,0.0,0.0
2026-04-06 00:00:00+07:00,1900.0,1900.0,1725.0,1890.0,1965900,0.0,0.0
2026-04-07 00:00:00+07:00,1890.0,1930.0,1815.0,1835.0,835900,0.0,0.0
2026-04-08 00:00:00+07:00,1835.0,1975.0,1835.0,1955.0,1064100,0.0,0.0
2026-04-09 00:00:00+07:00,1950.0,1960.0,1850.0,1890.0,903900,0.0,0.0
2026-04-10 00:00:00+07:00,1890.0,1910.0,1855.0,1865.0,778300,0.0,0.0
2026-04-13 00:00:00+07:00,1860.0,1860.0,1700.0,1770.0,1859600,0.0,0.0
2026-04-14 00:00:00+07:00,1770.0,1785.0,1700.0,1745.0,1770900,0.0,0.0
2026-04-15 00:00:00+07:00,1950.0,2020.0,1750.0,1965.0,5182800,0.0,0.0
2026-04-16 00:00:00+07:00,2000.0,2020.0,1875.0,1930.0,1846000,0.0,0.0
2026-04-17 00:00:00+07:00,1875.0,2050.0,1875.0,2000.0,2341300,0.0,0.0
2026-04-20 00:00:00+07:00,2040.0,2270.0,1985.0,2000.0,5273700,0.0,0.0
2026-04-21 00:00:00+07:00,2000.0,2010.0,1880.0,1910.0,2465400,0.0,0.0
2026-04-22 00:00:00+07:00,1910.0,2030.0,1875.0,2030.0,1567000,0.0,0.0
2026-04-23 00:00:00+07:00,2030.0,2040.0,1970.0,2030.0,1599500,0.0,0.0
2026-04-24 00:00:00+07:00,2030.0,2040.0,1835.0,1850.0,2162000,0.0,0.0
2026-04-27 00:00:00+07:00,1855.0,1965.0,1850.0,1905.0,875200,0.0,0.0
2026-04-28 00:00:00+07:00,1559.91357421875,1559.91357421875,1473.93408203125,1531.253662109375,1007263,0.0,0.0
2026-04-29 00:00:00+07:00,1531.253662109375,1580.384765625,1498.4996337890625,1514.8765869140625,1357998,0.0,0.0
2026-04-30 00:00:00+07:00,1514.8765869140625,1580.384765625,1432.991455078125,1564.0078125,2854238,0.0,0.0
2026-05-01 00:00:00+07:00,1564.0078125,1564.0078125,1564.0078125,1564.0078125,0,0.0,0.0
2026-05-04 00:00:00+07:00,1750.0,1835.0,1630.0,1805.0,1953200,0.0,0.0
2026-05-05 00:00:00+07:00,1805.0,1805.0,1725.0,1740.0,960900,0.0,0.0
2026-05-06 00:00:00+07:00,1740.0,1740.0,1675.0,1705.0,883700,0.0,0.0
2026-05-07 00:00:00+07:00,1710.0,1760.0,1645.0,1700.0,1275800,0.0,0.0
2026-05-08 00:00:00+07:00,1700.0,1700.0,1445.0,1445.0,2217600,0.0,0.0
2026-05-11 00:00:00+07:00,1400.0,1400.0,1285.0,1305.0,1945000,0.0,0.0
2026-05-12 00:00:00+07:00,1630.0,1630.0,1630.0,1630.0,843000,0.0,0.0
2026-05-13 00:00:00+07:00,2030.0,2030.0,1820.0,2000.0,26148800,0.0,0.0
2026-05-14 00:00:00+07:00,2000.0,2000.0,2000.0,2000.0,0,0.0,0.0
2026-05-15 00:00:00+07:00,2000.0,2000.0,2000.0,2000.0,0,0.0,0.0
2026-05-18 00:00:00+07:00,1815.0,1885.0,1730.0,1800.0,3358400,0.0,0.0
2026-05-19 00:00:00+07:00,1820.0,1850.0,1530.0,1530.0,4230700,0.0,0.0
2026-05-20 00:00:00+07:00,1470.0,1510.0,1340.0,1425.0,1913700,0.0,0.0
2026-05-21 00:00:00+07:00,1425.0,1445.0,1310.0,1380.0,1325800,0.0,0.0
2026-05-22 00:00:00+07:00,1380.0,1530.0,1335.0,1500.0,1476400,0.0,0.0
2026-05-25 00:00:00+07:00,1500.0,1535.0,1455.0,1505.0,409200,0.0,0.0
2026-05-26 00:00:00+07:00,1505.0,1725.0,1480.0,1700.0,2451300,0.0,0.0
2026-05-27 00:00:00+07:00,1700.0,1700.0,1700.0,1700.0,0,0.0,0.0
2026-05-28 00:00:00+07:00,1700.0,1700.0,1700.0,1700.0,0,0.0,0.0
2026-05-29 00:00:00+07:00,1790.0,1790.0,1615.0,1755.0,2023800,0.0,0.0
2026-06-02 00:00:00+07:00,1705.0,1735.0,1495.0,1495.0,3982300,0.0,0.0
2026-06-03 00:00:00+07:00,1495.0,1495.0,1275.0,1330.0,2427600,0.0,0.0
2026-06-04 00:00:00+07:00,1330.0,1330.0,1190.0,1320.0,776200,0.0,0.0
2026-06-05 00:00:00+07:00,1320.0,1320.0,1125.0,1125.0,1408900,0.0,0.0
2026-06-08 00:00:00+07:00,960.0,1120.0,960.0,960.0,2283000,0.0,0.0
2026-06-09 00:00:00+07:00,955.0,1095.0,920.0,1095.0,1553300,0.0,0.0
2026-06-10 00:00:00+07:00,1080.0,1245.0,1005.0,1195.0,1647200,0.0,0.0
2026-06-11 00:00:00+07:00,1200.0,1235.0,1070.0,1150.0,429500,0.0,0.0
2026-06-12 00:00:00+07:00,1155.0,1230.0,1150.0,1230.0,618300,0.0,0.0
2026-06-15 00:00:00+07:00,1230.0,1310.0,1215.0,1235.0,1200500,0.0,0.0
2026-06-17 00:00:00+07:00,1240.0,1270.0,1205.0,1235.0,423700,0.0,0.0
2026-06-18 00:00:00+07:00,1235.0,1235.0,1155.0,1190.0,124000,0.0,0.0
2026-06-19 00:00:00+07:00,1190.0,1215.0,1170.0,1200.0,62300,0.0,0.0
2026-06-22 00:00:00+07:00,1175.0,1200.0,1150.0,1185.0,287600,0.0,0.0
2026-06-23 00:00:00+07:00,1190.0,1190.0,1120.0,1160.0,189800,0.0,0.0
2026-06-24 00:00:00+07:00,1160.0,1165.0,990.0,990.0,1494600,0.0,0.0
2026-06-25 00:00:00+07:00,1005.0,1235.0,1000.0,1115.0,1836000,0.0,0.0
2026-06-26 00:00:00+07:00,1120.0,1130.0,1000.0,1045.0,773600,0.0,0.0
2026-06-29 00:00:00+07:00,873.7666015625,1003.3683471679688,865.4052124023438,940.6578369140625,1027100,0.0,0.0
2026-06-30 00:00:00+07:00,940.6578369140625,1091.1630859375,932.2964477539062,1086.982421875,2560814,0.0,0.0
2026-07-01 00:00:00+07:00,1086.982421875,1103.7052001953125,1011.7297973632812,1040.99462890625,1318678,0.0,0.0
2026-07-02 00:00:00+07:00,1057.717529296875,1187.3192138671875,999.1876831054688,1132.9700927734375,5271005,0.0,0.0
2026-07-03 00:00:00+07:00,1137.15087890625,1158.0543212890625,1066.078857421875,1112.066650390625,2378667,0.0,0.0
2026-07-06 00:00:00+07:00,1120.427978515625,1153.8736572265625,1049.3560791015625,1120.427978515625,2817828,0.0,0.0
2026-07-07 00:00:00+07:00,1245.0,1245.0,1090.0,1105.0,1647100,0.0,0.0
2026-07-08 00:00:00+07:00,1110.0,1110.0,1010.0,1040.0,916200,0.0,0.0
2026-07-09 00:00:00+07:00,1040.0,1135.0,1040.0,1075.0,783500,0.0,0.0
2026-07-10 00:00:00+07:00,1070.0,1180.0,1025.0,1070.0,1789600,0.0,0.0
2026-07-13 00:00:00+07:00,1070.0,1100.0,1035.0,1040.0,845400,0.0,0.0
2026-07-14 00:00:00+07:00,1040.0,1050.0,1000.0,1010.0,1050300,0.0,0.0
2026-07-15 00:00:00+07:00,1000.0,1015.0,950.0,990.0,1186000,0.0,0.0
2026-07-16 00:00:00+07:00,990.0,1100.0,960.0,1040.0,1021200,0.0,0.0
2026-07-17 00:00:00+07:00,1060.0,1065.0,1000.0,1005.0,580300,0.0,0.0
2026-07-20 00:00:00+07:00,1020.0,1040.0,1000.0,1015.0,478600,0.0,0.0
2026-07-21 00:00:00+07:00,1015.0,1025.0,980.0,985.0,1532800,0.0,0.0
2026-07-22 00:00:00+07:00,985.0,1000.0,940.0,960.0,1815300,0.0,0.0
2026-07-23 00:00:00+07:00,960.0,995.0,960.0,985.0,1009500,0.0,0.0
2026-07-24 00:00:00+07:00,990.0,995.0,890.0,910.0,1298200,0.0,0.0
2026-07-27 00:00:00+07:00,910.0,975.0,850.0,910.0,792700,0.0,0.0
2026-07-28 00:00:00+07:00,910.0,935.0,870.0,870.0,678000,0.0,0.0
2026-07-29 00:00:00+07:00,880.0,925.0,740.0,740.0,12030400,0.0,0.0
2026-07-30 00:00:00+07:00,750.0,760.0,715.0,745.0,1512600,0.0,0.0
2026-07-31 00:00:00+07:00,745.0,745.0,720.0,720.0,1694600,0.0,0.0
2026-08-03 00:00:00+07:00,730.0,750.0,700.0,720.0,2340200,0.0,0.0
2026-08-04 00:00:00+07:00,720.0,735.0,720.0,730.0,1235700,0.0,0.0
2026-08-05 00:00:00+07:00,745.0,745.0,720.0,720.0,1362200,0.0,0.0
2026-08-06 00:00:00+07:00,725.0,845.0,725.0,750.0,6332500,0.0,0.0
2026-08-07 00:00:00+07:00,750.0,765.0,735.0,745.0,1241000,0.0,0.0
2026-08-10 00:00:00+07:00,745.0,750.0,730.0,735.0,1343800,0.0,0.0
2026-08-11 00:00:00+07:00,735.0,735.0,685.0,695.0,2545500,0.0,0.0
2026-08-12 00:00:00+07:00,695.0,715.0,690.0,700.0,1011400,0.0,0.0
2026-08-13 00:00:00+07:00,700.0,715.0,680.0,700.0,1325900,0.0,0.0
2026-08-14 00:00:00+07:00,700.0,710.0,665.0,665.0,1193100,0.0,0.0
2026-08-18 00:00:00+07:00,675.0,695.0,650.0,675.0,1592200,0.0,0.0
2026-08-19 00:00:00+07:00,710.0,715.0,670.0,690.0,904600,0.0,0.0
2026-08-20 00:00:00+07:00,690.0,700.0,670.0,680.0,1159100,0.0,0.0
2026-08-21 00:00:00+07:00,680.0,695.0,680.0,685.0,709700,0.0,0.0
2026-08-24 00:00:00+07:00,685.0,700.0,655.0,670.0,1286200,0.0,0.0
2026-08-26 00:00:00+07:00,670.0,675.0,640.0,640.0,1162500,0.0,0.0
2026-08-27 00:00:00+07:00,620.0,670.0,615.0,670.0,815000,0.0,0.0
2026-08-28 00:00:00+07:00,670.0,685.0,650.0,675.0,1201900,0.0,0.0
2026-08-31 00:00:00+07:00,675.0,690.0,655.0,670.0,746400,0.0,0.0
2026-09-01 00:00:00+07:00,670.0,680.0,650.0,655.0,1070900,0.0,0.0
2026-09-02 00:00:00+07:00,655.0,675.0,655.0,670.0,911000,0.0,0.0
2026-09-03 00:00:00+07:00,670.0,680.0,660.0,670.0,888500,0.0,0.0
2026-09-04 00:00:00+07:00,670.0,675.0,660.0,670.0,500700,0.0,0.0
2026-09-07 00:00:00+07:00,670.0,675.0,650.0,655.0,889000,0.0,0.0
2026-09-08 00:00:00+07:00,660.0,675.0,650.0,655.0,759600,0.0,0.0
2026-09-09 00:00:00+07:00,655.0,775.0,650.0,760.0,16543200,0.0,0.0
2026-09-10 00:00:00+07:00,770.0,770.0,705.0,710.0,5603400,0.0,0.0
2026-09-11 00:00:00+07:00,710.0,710.0,655.0,680.0,2659000,0.0,0.0
2026-09-14 00:00:00+07:00,675.0,675.0,650.0,670.0,1588100,0.0,0.0
2026-09-15 00:00:00+07:00,670.0,670.0,655.0,665.0,356100,0.0,0.0
2026-09-16 00:00:00+07:00,665.0,690.0,650.0,650.0,720600,0.0,0.0
2026-09-17 00:00:00+07:00,650.0,665.0,630.0,645.0,1242900,0.0,0.0
2026-09-18 00:00:00+07:00,645.0,650.0,605.0,620.0,1306400,0.0,0.0
